{
"type": "FeatureCollection",
"name": "teluk_ambon_final",
"crs": { "type": "name", "properties": { "name": "urn:ogc:def:crs:OGC:1.3:CRS84" } },
"features": [
{ "type": "Feature", "properties": { "OBJECTID": 29094, "NAMOBJ": "Hative Besar", "FCODE": "BA03070040", "REMARK": "", "METADATA": "TASWIL1000020230928_DATA_BATAS_DESAKELURAHAN", "SRS_ID": "SRGI 2013", "KDBBPS": null, "KDCBPS": null, "KDCPUM": "81.71.04", "KDEBPS": null, "KDEPUM": "81.71.04.2006", "KDPBPS": null, "KDPKAB": "81.71", "KDPPUM": "81", "LUASWH": 2096.6276133569795, "TIPADM": 1, "WADMKC": "Teluk Ambon", "WADMKD": "Hative Besar", "WADMKK": "Kota Ambon", "WADMPR": "Maluku", "WIADKC": null, "WIADKK": null, "WIADPR": null, "WIADKD": null, "UUPP": "Hasil Delineasi Batas Desa 2018", "Shape_Length": 0.1939577837544339, "Shape_Area": 0.0017067084978982881 }, "geometry": { "type": "MultiPolygon", "coordinates": [ [ [ [ 128.150554801000112, -3.643924942999946, 0.0 ], [ 128.150685344000067, -3.644111115999984, 0.0 ], [ 128.150919312000042, -3.644331902999973, 0.0 ], [ 128.151138701000036, -3.644493859999952, 0.0 ], [ 128.151230541000047, -3.644573098999954, 0.0 ], [ 128.151231468000105, -3.644573898999967, 0.0 ], [ 128.151343440000147, -3.644670507999926, 0.0 ], [ 128.151385999000013, -3.644713345999941, 0.0 ], [ 128.151518907000082, -3.644847125999945, 0.0 ], [ 128.151708968000094, -3.645067873999953, 0.0 ], [ 128.1521184180001, -3.645450576999963, 0.0 ], [ 128.152122591000079, -3.645456067999925, 0.0 ], [ 128.152160104000018, -3.645507319999977, 0.0 ], [ 128.152200425000046, -3.64567000799997, 0.0 ], [ 128.15219012600005, -3.645863143999976, 0.0 ], [ 128.152190995000069, -3.645878242999964, 0.0 ], [ 128.152200082000036, -3.64603596999995, 0.0 ], [ 128.152250588000015, -3.64612750799995, 0.0 ], [ 128.152331391000075, -3.646280067999952, 0.0 ], [ 128.152371618000075, -3.646544412999965, 0.0 ], [ 128.152411929000124, -3.646717266999923, 0.0 ], [ 128.152533177, -3.646900362999924, 0.0 ], [ 128.152593706000062, -3.647093565999966, 0.0 ], [ 128.152654264000034, -3.647256274999956, 0.0 ], [ 128.152755323000065, -3.647388521999976, 0.0 ], [ 128.152815985000075, -3.647439407999966, 0.0 ], [ 128.152872639000066, -3.64751717699994, 0.0 ], [ 128.152885179, -3.647545596999978, 0.0 ], [ 128.152921362000029, -3.647627594999967, 0.0 ], [ 128.153008819000092, -3.647921482999946, 0.0 ], [ 128.153009615000116, -3.647922556999963, 0.0 ], [ 128.153081629000098, -3.64801969099995, 0.0 ], [ 128.153157790000023, -3.648122416999961, 0.0 ], [ 128.153191837, -3.648231093999931, 0.0 ], [ 128.153299849000064, -3.64836843299997, 0.0 ], [ 128.153550005000085, -3.648660294999952, 0.0 ], [ 128.153680836000035, -3.648740472999973, 0.0 ], [ 128.153771832000075, -3.648814894999928, 0.0 ], [ 128.153874151000082, -3.648952227999925, 0.0 ], [ 128.153970764000064, -3.649106709999961, 0.0 ], [ 128.154073185000016, -3.649135396999945, 0.0 ], [ 128.154169942000067, -3.649135488999952, 0.0 ], [ 128.154261039000062, -3.649101265999944, 0.0 ], [ 128.154363488000058, -3.649101361999959, 0.0 ], [ 128.154448824000042, -3.649141468999968, 0.0 ], [ 128.154511373000105, -3.649204428999956, 0.0 ], [ 128.154636502000017, -3.649296036999945, 0.0 ], [ 128.154881138000064, -3.649404913999939, 0.0 ], [ 128.155131472000107, -3.649508075999957, 0.0 ], [ 128.155245266000065, -3.649548210999962, 0.0 ], [ 128.155341996000061, -3.649576892999962, 0.0 ], [ 128.155346947000112, -3.649577963999943, 0.0 ], [ 128.155362049000018, -3.649611068999946, 0.0 ], [ 128.15545226100005, -3.649708858999935, 0.0 ], [ 128.155525005000072, -3.649782078999973, 0.0 ], [ 128.155563716000074, -3.649845855999949, 0.0 ], [ 128.155614829000115, -3.649965985999929, 0.0 ], [ 128.155705751000028, -3.650120461999959, 0.0 ], [ 128.155796703000078, -3.650240629999929, 0.0 ], [ 128.155916178000098, -3.650292205999953, 0.0 ], [ 128.155990164000059, -3.650297993999966, 0.0 ], [ 128.156081277000112, -3.650246614999961, 0.0 ], [ 128.156160980000095, -3.650223817999971, 0.0 ], [ 128.156263429000091, -3.650223913999977, 0.0 ], [ 128.15633743, -3.650212547999952, 0.0 ], [ 128.156394367000075, -3.650189729999962, 0.0 ], [ 128.156502519000014, -3.650178394999959, 0.0 ], [ 128.156587866000109, -3.650207064999955, 0.0 ], [ 128.156695941000095, -3.650275784999971, 0.0 ], [ 128.156792603000099, -3.650378803999954, 0.0 ], [ 128.156877891000022, -3.650470374999934, 0.0 ], [ 128.156963217000111, -3.650521918999978, 0.0 ], [ 128.157082655000067, -3.650613520999967, 0.0 ], [ 128.157168024000043, -3.650619320999959, 0.0 ], [ 128.157219248000047, -3.650619367999985, 0.0 ], [ 128.157240135000052, -3.650590047999962, 0.0 ], [ 128.157243620000031, -3.650589884999932, 0.0 ], [ 128.157320060000075, -3.650558550999953, 0.0 ], [ 128.15737222700011, -3.650485322999935, 0.0 ], [ 128.157384333000124, -3.650467114999972, 0.0 ], [ 128.157412922000049, -3.650448004999932, 0.0 ], [ 128.15749835500003, -3.650385186999928, 0.0 ], [ 128.157583798000019, -3.650310930999974, 0.0 ], [ 128.157697656000124, -3.650282446999931, 0.0 ], [ 128.157799708000084, -3.650316728999938, 0.0 ], [ 128.157823883000106, -3.650339189999957, 0.0 ], [ 128.157851629000106, -3.650381088999952, 0.0 ], [ 128.15789673900008, -3.650426493999936, 0.0 ], [ 128.157959227000106, -3.650457958999932, 0.0 ], [ 128.158105047000049, -3.650517415999956, 0.0 ], [ 128.158174460000055, -3.650573311999946, 0.0 ], [ 128.158250834000114, -3.650611767999972, 0.0 ], [ 128.158358499000087, -3.650618847999964, 0.0 ], [ 128.158445329000074, -3.650618928999954, 0.0 ], [ 128.158525223000083, -3.650608535999942, 0.0 ], [ 128.158587769000064, -3.650577189999985, 0.0 ], [ 128.158657276000099, -3.65053189299993, 0.0 ], [ 128.158692050000013, -3.650486562999964, 0.0 ], [ 128.158702515000073, -3.650437719999959, 0.0 ], [ 128.158747778000048, -3.650319121999922, 0.0 ], [ 128.158786071, -3.650224942999955, 0.0 ], [ 128.15883476700003, -3.65014822099994, 0.0 ], [ 128.158918186000051, -3.650081998999947, 0.0 ], [ 128.158994630000052, -3.650047176999982, 0.0 ], [ 128.159077996000065, -3.650036786999981, 0.0 ], [ 128.159157926000034, -3.649988009999962, 0.0 ], [ 128.159213529000112, -3.649953167999965, 0.0 ], [ 128.159258724000097, -3.649907846999956, 0.0 ], [ 128.159317801000043, -3.649873007999923, 0.0 ], [ 128.159366436000028, -3.649862585999931, 0.0 ], [ 128.159462406000102, -3.649861233999954, 0.0 ], [ 128.159417573000042, -3.649915823999942, 0.0 ], [ 128.159377590000105, -3.650059805999939, 0.0 ], [ 128.159459986000115, -3.650289252999922, 0.0 ], [ 128.159522329000083, -3.650430455999983, 0.0 ], [ 128.159522179000078, -3.650592568999969, 0.0 ], [ 128.159515012000043, -3.650754675999956, 0.0 ], [ 128.159528847000047, -3.650966140999963, 0.0 ], [ 128.159556720000069, -3.651170570999963, 0.0 ], [ 128.159612759000083, -3.651262252999961, 0.0 ], [ 128.159774028000015, -3.651361082999922, 0.0 ], [ 128.159816023000076, -3.65146684799993, 0.0 ], [ 128.159808831000078, -3.651657147999965, 0.0 ], [ 128.159864734000053, -3.651896846999937, 0.0 ], [ 128.159906565000028, -3.652178822999922, 0.0 ], [ 128.159871258000067, -3.65242548399994, 0.0 ], [ 128.159828974000106, -3.65262984799995, 0.0 ], [ 128.159856820000073, -3.652862471999976, 0.0 ], [ 128.159898770000041, -3.653017575999965, 0.0 ], [ 128.159975857000063, -3.653109277999933, 0.0 ], [ 128.160059946000047, -3.653215082999965, 0.0 ], [ 128.160249304000104, -3.653285744999944, 0.0 ], [ 128.160445670000058, -3.653363461999965, 0.0 ], [ 128.160712155000056, -3.653483534999965, 0.0 ], [ 128.16102063400001, -3.653709372999964, 0.0 ], [ 128.161293997000058, -3.653977468999928, 0.0 ], [ 128.16144819200008, -3.654139726999971, 0.0 ], [ 128.161490149000088, -3.654287782999976, 0.0 ], [ 128.161490044000061, -3.654400556999969, 0.0 ], [ 128.1613987610001, -3.65448505299997, 0.0 ], [ 128.16127240700007, -3.654562466999946, 0.0 ], [ 128.161153010000021, -3.654703322999984, 0.0 ], [ 128.161145902000044, -3.654801994999959, 0.0 ], [ 128.16118790500002, -3.654900711999973, 0.0 ], [ 128.161309690000053, -3.655087739999947, 0.0 ], [ 128.161447184000053, -3.65522518199998, 0.0 ], [ 128.161489147000111, -3.655366188999942, 0.0 ], [ 128.161573132000058, -3.655584768999966, 0.0 ], [ 128.161664186000053, -3.655746967999965, 0.0 ], [ 128.161734186000103, -3.65591619599996, 0.0 ], [ 128.161930514000119, -3.656036202999936, 0.0 ], [ 128.162147935, -3.656106890999972, 0.0 ], [ 128.162330284000063, -3.656170496999946, 0.0 ], [ 128.162470565000035, -3.656205870999933, 0.0 ], [ 128.162596769000061, -3.656290569999954, 0.0 ], [ 128.162715892000051, -3.656445746999967, 0.0 ], [ 128.162792934000095, -3.656586786999981, 0.0 ], [ 128.162813798000116, -3.656784161999954, 0.0 ], [ 128.162778523000043, -3.656995580999929, 0.0 ], [ 128.162715245000072, -3.657143539999929, 0.0 ], [ 128.162715655000056, -3.657259459999977, 0.0 ], [ 128.162750153000047, -3.657326830999982, 0.0 ], [ 128.162834309000118, -3.657362150999965, 0.0 ], [ 128.162953556000048, -3.65738340899998, 0.0 ], [ 128.1631008600001, -3.657411739999932, 0.0 ], [ 128.163262195000016, -3.657440084999956, 0.0 ], [ 128.16343053300011, -3.657482531999962, 0.0 ], [ 128.163591822000058, -3.657560215999976, 0.0 ], [ 128.163718001, -3.657673108999977, 0.0 ], [ 128.163760009000043, -3.657764777999935, 0.0 ], [ 128.163766940000073, -3.657856413999978, 0.0 ], [ 128.16376682900011, -3.657976236999955, 0.0 ], [ 128.163731659000064, -3.658074881999944, 0.0 ], [ 128.163626365000027, -3.658138218999958, 0.0 ], [ 128.163556155000038, -3.658194540999936, 0.0 ], [ 128.163542019000033, -3.658307301999975, 0.0 ], [ 128.163527851000026, -3.658455304999955, 0.0 ], [ 128.163562727000112, -3.658673838999964, 0.0 ], [ 128.163618722000024, -3.658814859999953, 0.0 ], [ 128.163730797000085, -3.659005271999939, 0.0 ], [ 128.163891989000035, -3.659188681999983, 0.0 ], [ 128.164011099000049, -3.659357954999957, 0.0 ], [ 128.164046067000072, -3.65947781099993, 0.0 ], [ 128.16406702200004, -3.659576507999925, 0.0 ], [ 128.164207036000107, -3.659900865999936, 0.0 ], [ 128.164263077000101, -3.659992547999927, 0.0 ], [ 128.164291068000011, -3.660070107999959, 0.0 ], [ 128.164262920000056, -3.660161710999941, 0.0 ], [ 128.164206735000107, -3.660225093999938, 0.0 ], [ 128.164094419000094, -3.660295472999966, 0.0 ], [ 128.164003129000093, -3.660387016999947, 0.0 ], [ 128.163918823000017, -3.660513808999946, 0.0 ], [ 128.16391171500004, -3.660612480999924, 0.0 ], [ 128.163939706000065, -3.660690038999979, 0.0 ], [ 128.163953647000085, -3.660788729999978, 0.0 ], [ 128.163995662000048, -3.66087334999997, 0.0 ], [ 128.164079798000103, -3.660929815999959, 0.0 ], [ 128.164156920000124, -3.660986276999953, 0.0 ], [ 128.164297228, -3.660993455999975, 0.0 ], [ 128.164444564000064, -3.660986545999946, 0.0 ], [ 128.164774330000114, -3.660958659999956, 0.0 ], [ 128.165047937000054, -3.660965963999957, 0.0 ], [ 128.165033776000087, -3.661106919999953, 0.0 ], [ 128.165033652000034, -3.661240838999957, 0.0 ], [ 128.165096643000084, -3.661403011999933, 0.0 ], [ 128.165229759000113, -3.661600491999926, 0.0 ], [ 128.165264583000067, -3.661875412999957, 0.0 ], [ 128.165250376000017, -3.662065706999959, 0.0 ], [ 128.165116946000012, -3.662206550999934, 0.0 ], [ 128.164983562000089, -3.662298055999934, 0.0 ], [ 128.164850204000118, -3.662361366999956, 0.0 ], [ 128.16470980400004, -3.662452864999977, 0.0 ], [ 128.164548370000034, -3.662530245999954, 0.0 ], [ 128.164337871000043, -3.662558242999979, 0.0 ], [ 128.164085226000111, -3.662642587999923, 0.0 ], [ 128.163881750000087, -3.662663541999961, 0.0 ], [ 128.163748385000076, -3.662733901999952, 0.0 ], [ 128.163699163000047, -3.662853678999967, 0.0 ], [ 128.163663934000056, -3.663015758999969, 0.0 ], [ 128.163621663000072, -3.663206026999935, 0.0 ], [ 128.163628528000118, -3.663368146999973, 0.0 ], [ 128.163677508000092, -3.663509160999986, 0.0 ], [ 128.163656303000039, -3.663678302999923, 0.0 ], [ 128.163593038000045, -3.663812163999975, 0.0 ], [ 128.163501748000044, -3.663903707999957, 0.0 ], [ 128.163333310000098, -3.663966984999946, 0.0 ], [ 128.163213990000031, -3.664023260999949, 0.0 ], [ 128.163073636000036, -3.664065419999935, 0.0 ], [ 128.162973197000042, -3.664085040999958, 0.0 ], [ 128.162898163000023, -3.664149835999979, 0.0 ], [ 128.162926161000087, -3.66422034599998, 0.0 ], [ 128.162975205000066, -3.664290875999936, 0.0 ], [ 128.162996115000055, -3.664438912999966, 0.0 ], [ 128.162953883000114, -3.664586889999955, 0.0 ], [ 128.162910883000109, -3.664864781999937, 0.0 ], [ 128.162925607000034, -3.665176358999929, 0.0 ], [ 128.16296886300006, -3.665381354999973, 0.0 ], [ 128.162953670000093, -3.665547088999973, 0.0 ], [ 128.162910910000051, -3.665746655999955, 0.0 ], [ 128.162768727000071, -3.666031676999981, 0.0 ], [ 128.162683365000021, -3.666259720999966, 0.0 ], [ 128.162642363000032, -3.66634150099998, 0.0 ], [ 128.162751122000032, -3.666848894999921, 0.0 ], [ 128.162741623000102, -3.666849584999967, 0.0 ], [ 128.162703890000103, -3.666844176999977, 0.0 ], [ 128.162658254, -3.666833938999957, 0.0 ], [ 128.162498698000036, -3.666788013999968, 0.0 ], [ 128.162442003000024, -3.666773445999985, 0.0 ], [ 128.162415627000087, -3.666766007999961, 0.0 ], [ 128.162381325000069, -3.66675389899995, 0.0 ], [ 128.162287563000064, -3.666715159999969, 0.0 ], [ 128.162176551000016, -3.666664934999979, 0.0 ], [ 128.161912815000051, -3.666541619999975, 0.0 ], [ 128.161831041000028, -3.666506019999928, 0.0 ], [ 128.161812398000052, -3.666497903999924, 0.0 ], [ 128.1616390370001, -3.666433830999945, 0.0 ], [ 128.161377753000011, -3.666342351999953, 0.0 ], [ 128.161155612000016, -3.666267814999967, 0.0 ], [ 128.161083532000021, -3.666245081999931, 0.0 ], [ 128.161042880000082, -3.666233783999926, 0.0 ], [ 128.160861194000063, -3.666190233999934, 0.0 ], [ 128.160751882000113, -3.666167546999934, 0.0 ], [ 128.160750105000034, -3.666167258999956, 0.0 ], [ 128.160705484000118, -3.666160020999941, 0.0 ], [ 128.160667414000045, -3.666155705999921, 0.0 ], [ 128.160637592000057, -3.666154595999954, 0.0 ], [ 128.160616005000065, -3.666156689999983, 0.0 ], [ 128.160538837000104, -3.666169286999952, 0.0 ], [ 128.160426127000051, -3.666183032999925, 0.0 ], [ 128.160324031000073, -3.66619238499993, 0.0 ], [ 128.160270507000064, -3.666193808999929, 0.0 ], [ 128.160236697000073, -3.666186635999967, 0.0 ], [ 128.159959271000048, -3.666118317999972, 0.0 ], [ 128.159849323000117, -3.666094054999975, 0.0 ], [ 128.15974226700007, -3.666072456999933, 0.0 ], [ 128.159678444000065, -3.666061692999966, 0.0 ], [ 128.159613368, -3.666053663999942, 0.0 ], [ 128.159546759000023, -3.666048333999932, 0.0 ], [ 128.159478003000117, -3.666045651999983, 0.0 ], [ 128.159360255000024, -3.666046780999971, 0.0 ], [ 128.159153223000089, -3.666058294999974, 0.0 ], [ 128.159085536000021, -3.666059607999963, 0.0 ], [ 128.15902665100009, -3.666060583999972, 0.0 ], [ 128.158951140000113, -3.666065464999979, 0.0 ], [ 128.158862575000057, -3.666074026999971, 0.0 ], [ 128.158766574000083, -3.666085728999966, 0.0 ], [ 128.158669867000071, -3.666099744999933, 0.0 ], [ 128.158578719000047, -3.666115160999933, 0.0 ], [ 128.158498631000043, -3.666131043999939, 0.0 ], [ 128.158433088000038, -3.666146695999945, 0.0 ], [ 128.158377570000084, -3.666163292999952, 0.0 ], [ 128.158304097000041, -3.666188181999934, 0.0 ], [ 128.158110165000039, -3.666260450999976, 0.0 ], [ 128.157870856000045, -3.666356724999958, 0.0 ], [ 128.157774305000089, -3.666397994999959, 0.0 ], [ 128.157719249000024, -3.666423664999962, 0.0 ], [ 128.157585358000119, -3.666490515999952, 0.0 ], [ 128.157489171000066, -3.666540774999926, 0.0 ], [ 128.157362192000051, -3.666610084999941, 0.0 ], [ 128.157213155000022, -3.666694111999961, 0.0 ], [ 128.157205286000021, -3.666700871999982, 0.0 ], [ 128.15713633900009, -3.666766742999931, 0.0 ], [ 128.157005035000111, -3.666898935999946, 0.0 ], [ 128.156996699000047, -3.666911172999966, 0.0 ], [ 128.15698011500001, -3.666941276999976, 0.0 ], [ 128.156971867000038, -3.666959144999966, 0.0 ], [ 128.156965282000101, -3.666977213999936, 0.0 ], [ 128.156926258000112, -3.667057163999978, 0.0 ], [ 128.156855826000083, -3.667173281999971, 0.0 ], [ 128.156802526000092, -3.667249424999964, 0.0 ], [ 128.15674351600012, -3.667314145999964, 0.0 ], [ 128.156685457000094, -3.667373156999934, 0.0 ], [ 128.15666356600002, -3.667390288999975, 0.0 ], [ 128.156656903000112, -3.667393143999955, 0.0 ], [ 128.156653096000014, -3.66739219199997, 0.0 ], [ 128.156639255000073, -3.667381191999938, 0.0 ], [ 128.156624611000098, -3.667369552999955, 0.0 ], [ 128.15626730200006, -3.667588172999962, 0.0 ], [ 128.156230618000109, -3.667612267999968, 0.0 ], [ 128.156160418000013, -3.667662930999934, 0.0 ], [ 128.155955831000028, -3.667817314999984, 0.0 ], [ 128.155923329000075, -3.667838512999939, 0.0 ], [ 128.155746998000041, -3.667964214999929, 0.0 ], [ 128.155686191000086, -3.66800083699997, 0.0 ], [ 128.15557948300011, -3.668065103999939, 0.0 ], [ 128.155383416000063, -3.668207871999928, 0.0 ], [ 128.155236732000049, -3.668311604999932, 0.0 ], [ 128.155215727000041, -3.668319593999969, 0.0 ], [ 128.155160047000095, -3.668322449999951, 0.0 ], [ 128.155115789000092, -3.668311027999944, 0.0 ], [ 128.155080097000109, -3.66828247499995, 0.0 ], [ 128.154963028000111, -3.668306744999939, 0.0 ], [ 128.154939617000082, -3.668328918999976, 0.0 ], [ 128.154910204000089, -3.668341008999967, 0.0 ], [ 128.154892332000031, -3.668346221999968, 0.0 ], [ 128.154859532000046, -3.668349085999972, 0.0 ], [ 128.154846198000087, -3.668347527999964, 0.0 ], [ 128.154804302000116, -3.668329936999945, 0.0 ], [ 128.154675284000092, -3.668235941999965, 0.0 ], [ 128.15465623700004, -3.668224760999983, 0.0 ], [ 128.15463588700004, -3.66821552499993, 0.0 ], [ 128.154614243000083, -3.668208237999981, 0.0 ], [ 128.154591310000114, -3.668202901999962, 0.0 ], [ 128.154567272, -3.668199532999948, 0.0 ], [ 128.154541890000019, -3.668198074999969, 0.0 ], [ 128.154485522000073, -3.668200844999945, 0.0 ], [ 128.15437870400001, -3.668212460999946, 0.0 ], [ 128.154322322000098, -3.668231820999946, 0.0 ], [ 128.15428015100008, -3.668258165999925, 0.0 ], [ 128.154263590000028, -3.668261782999936, 0.0 ], [ 128.154247053000063, -3.668257344999968, 0.0 ], [ 128.154237683000019, -3.668251879999963, 0.0 ], [ 128.154187578000119, -3.668250939999949, 0.0 ], [ 128.154147603000069, -3.668250939999943, 0.0 ], [ 128.154103345000067, -3.668262360999964, 0.0 ], [ 128.154039100000091, -3.668273782999967, 0.0 ], [ 128.153991986000079, -3.668283775999949, 0.0 ], [ 128.153927741000075, -3.668296625999973, 0.0 ], [ 128.153881836000096, -3.668310416999927, 0.0 ], [ 128.153823856000031, -3.668331647999933, 0.0 ], [ 128.153805495000029, -3.668342614999971, 0.0 ], [ 128.153800228000023, -3.668345682999931, 0.0 ], [ 128.153778809000073, -3.668359470999977, 0.0 ], [ 128.153772486000094, -3.66836302899997, 0.0 ], [ 128.153761840000016, -3.668369367999954, 0.0 ], [ 128.153744244000109, -3.66837987199995, 0.0 ], [ 128.153733765000084, -3.668384328999933, 0.0 ], [ 128.153714356000023, -3.668388820999955, 0.0 ], [ 128.153709403000136, -3.668390080999921, 0.0 ], [ 128.15368873500006, -3.668394579999928, 0.0 ], [ 128.153671108000026, -3.668396804999924, 0.0 ], [ 128.153660325000033, -3.668397813999943, 0.0 ], [ 128.153643710000097, -3.668399790999961, 0.0 ], [ 128.153628383000068, -3.668399074999973, 0.0 ], [ 128.153614837000077, -3.668398233999941, 0.0 ], [ 128.15359869100007, -3.668397503999933, 0.0 ], [ 128.153579953000076, -3.668395600999929, 0.0 ], [ 128.153576541000035, -3.668395235999974, 0.0 ], [ 128.153543724000116, -3.668396063999984, 0.0 ], [ 128.153505408000115, -3.668400947999943, 0.0 ], [ 128.153461763000109, -3.668409867999972, 0.0 ], [ 128.153413128000011, -3.668422755999926, 0.0 ], [ 128.15335763500002, -3.668440280999957, 0.0 ], [ 128.153298637000034, -3.668461543999977, 0.0 ], [ 128.153236560000096, -3.668486556999934, 0.0 ], [ 128.153191029000027, -3.668507410999956, 0.0 ], [ 128.153161062000095, -3.66852371299995, 0.0 ], [ 128.153141650000066, -3.668530289999981, 0.0 ], [ 128.152998359000094, -3.668558386999963, 0.0 ], [ 128.152917806000119, -3.668580502999936, 0.0 ], [ 128.152830607000084, -3.668608057999966, 0.0 ], [ 128.152648876000057, -3.668661297999967, 0.0 ], [ 128.152526631000114, -3.66869877499994, 0.0 ], [ 128.15247514400005, -3.668719804999963, 0.0 ], [ 128.152410037000095, -3.668748742999977, 0.0 ], [ 128.152344376000087, -3.668782947999947, 0.0 ], [ 128.152295797000079, -3.668807979999946, 0.0 ], [ 128.152237738000053, -3.668830822999942, 0.0 ], [ 128.152137848000052, -3.668861660999933, 0.0 ], [ 128.152087416000086, -3.668874232999944, 0.0 ], [ 128.152000256000065, -3.668890987999927, 0.0 ], [ 128.151969407000024, -3.668893705999949, 0.0 ], [ 128.151926179000043, -3.668891794999978, 0.0 ], [ 128.151909809000017, -3.668898474999938, 0.0 ], [ 128.151847525000107, -3.668926633999952, 0.0 ], [ 128.151796005000051, -3.668953863999939, 0.0 ], [ 128.151786966000031, -3.668958640999957, 0.0 ], [ 128.151725816000067, -3.668995724999947, 0.0 ], [ 128.151663380000059, -3.669038327999941, 0.0 ], [ 128.151598634000038, -3.669087202999949, 0.0 ], [ 128.151531742000088, -3.669142275999952, 0.0 ], [ 128.151462474000027, -3.66920373699997, 0.0 ], [ 128.151390694000042, -3.66927170899993, 0.0 ], [ 128.15138869000009, -3.669274892999971, 0.0 ], [ 128.151374115000067, -3.669299116999977, 0.0 ], [ 128.151361095000084, -3.669316909999964, 0.0 ], [ 128.151355190000118, -3.669325340999932, 0.0 ], [ 128.151346784000111, -3.669335315999946, 0.0 ], [ 128.151333323000046, -3.66934860299995, 0.0 ], [ 128.151316977000079, -3.669362097999967, 0.0 ], [ 128.151308864000043, -3.669369256999966, 0.0 ], [ 128.151301726000042, -3.669374550999978, 0.0 ], [ 128.151279865000106, -3.669385339999959, 0.0 ], [ 128.151277622000066, -3.669386265999939, 0.0 ], [ 128.151256686000011, -3.669395526999953, 0.0 ], [ 128.151247950000084, -3.669398488999946, 0.0 ], [ 128.151212061000024, -3.669406818999961, 0.0 ], [ 128.151211655000111, -3.669406934999924, 0.0 ], [ 128.1512114840001, -3.669407055999951, 0.0 ], [ 128.151210973000047, -3.669407226999966, 0.0 ], [ 128.151179427000102, -3.669420060999931, 0.0 ], [ 128.151166619000037, -3.669422704999936, 0.0 ], [ 128.151152228000115, -3.669437956999951, 0.0 ], [ 128.151135488000023, -3.669438415999928, 0.0 ], [ 128.151121579000119, -3.669443321999945, 0.0 ], [ 128.151118551000081, -3.669449331999941, 0.0 ], [ 128.151116663000039, -3.669452366999955, 0.0 ], [ 128.15111295600002, -3.669461009999967, 0.0 ], [ 128.151107851, -3.669483834999937, 0.0 ], [ 128.151095308000095, -3.669497575999964, 0.0 ], [ 128.151088685000104, -3.669509815999958, 0.0 ], [ 128.151076489000047, -3.66951766099993, 0.0 ], [ 128.151069816000017, -3.669536095999953, 0.0 ], [ 128.151066419000017, -3.669542777999936, 0.0 ], [ 128.151059781000072, -3.669559517999978, 0.0 ], [ 128.15105815000004, -3.669569625999944, 0.0 ], [ 128.151041525000096, -3.669587984999961, 0.0 ], [ 128.151037287, -3.669593898999955, 0.0 ], [ 128.151031394000029, -3.669596394999926, 0.0 ], [ 128.151020389000109, -3.66962216299993, 0.0 ], [ 128.151014548000035, -3.669633188999962, 0.0 ], [ 128.151007169000081, -3.669654128999986, 0.0 ], [ 128.150986298000021, -3.669675624999962, 0.0 ], [ 128.150985297000034, -3.669677385999933, 0.0 ], [ 128.150984719, -3.66967838999994, 0.0 ], [ 128.150983452000105, -3.669681242999956, 0.0 ], [ 128.150972889000059, -3.669710169999973, 0.0 ], [ 128.150964919000103, -3.669723600999939, 0.0 ], [ 128.150957325000036, -3.669739775999968, 0.0 ], [ 128.150941203000116, -3.669754932999985, 0.0 ], [ 128.150936336000086, -3.66976392299995, 0.0 ], [ 128.150933677000012, -3.669768800999979, 0.0 ], [ 128.150929825000048, -3.669780203999946, 0.0 ], [ 128.150926647000119, -3.669799441999947, 0.0 ], [ 128.150918225000055, -3.669814015999977, 0.0 ], [ 128.150915074000068, -3.669833065999961, 0.0 ], [ 128.15090164500009, -3.669853647999963, 0.0 ], [ 128.150899392000042, -3.669859227999943, 0.0 ], [ 128.150899252000045, -3.669862412999981, 0.0 ], [ 128.150896069000055, -3.669875020999945, 0.0 ], [ 128.150893307000047, -3.669901701999946, 0.0 ], [ 128.150890749000041, -3.669904448999946, 0.0 ], [ 128.150886651000064, -3.669913869999955, 0.0 ], [ 128.150881136000066, -3.669934723999977, 0.0 ], [ 128.15086898200002, -3.669949657999945, 0.0 ], [ 128.150861421000059, -3.669960151999935, 0.0 ], [ 128.150850960000071, -3.669969191999943, 0.0 ], [ 128.15084235900008, -3.669986237999972, 0.0 ], [ 128.150807235000116, -3.669993503999935, 0.0 ], [ 128.150805916000081, -3.669994164999933, 0.0 ], [ 128.150805503000015, -3.66999482699992, 0.0 ], [ 128.150805227000092, -3.669995516999953, 0.0 ], [ 128.150797999000019, -3.670032132999942, 0.0 ], [ 128.150791902000037, -3.670040043999962, 0.0 ], [ 128.150780019000081, -3.670059306999969, 0.0 ], [ 128.150760823000041, -3.670070976999958, 0.0 ], [ 128.150755681000078, -3.670080082999955, 0.0 ], [ 128.150752175000093, -3.670085235999976, 0.0 ], [ 128.150743817000034, -3.670102282999944, 0.0 ], [ 128.15074107800001, -3.670110655999965, 0.0 ], [ 128.150722115, -3.670130436999957, 0.0 ], [ 128.150719611000113, -3.670134321999973, 0.0 ], [ 128.15071574000001, -3.670136216999938, 0.0 ], [ 128.150700368000116, -3.670160224999959, 0.0 ], [ 128.150687247000064, -3.670175633999973, 0.0 ], [ 128.15068253700008, -3.670187548999938, 0.0 ], [ 128.150670662000039, -3.670197442999943, 0.0 ], [ 128.150660911000045, -3.670211054999919, 0.0 ], [ 128.150652273000105, -3.67022082999995, 0.0 ], [ 128.150643683000112, -3.670238986999955, 0.0 ], [ 128.150625588000025, -3.670254477999941, 0.0 ], [ 128.150620871000115, -3.670261297999957, 0.0 ], [ 128.150617471000032, -3.670266026999974, 0.0 ], [ 128.150610092000079, -3.670281561999957, 0.0 ], [ 128.150606537000044, -3.670292141999932, 0.0 ], [ 128.150590922000106, -3.670311230999967, 0.0 ], [ 128.15058672300006, -3.670317470999969, 0.0 ], [ 128.150580504000118, -3.670321401999957, 0.0 ], [ 128.150568205000013, -3.670344104999963, 0.0 ], [ 128.150561758000094, -3.670356432999944, 0.0 ], [ 128.150554821000014, -3.670375904999953, 0.0 ], [ 128.150524355000016, -3.670419234999934, 0.0 ], [ 128.150515713000118, -3.670431525999958, 0.0 ], [ 128.150491918000057, -3.670446396999977, 0.0 ], [ 128.150468124000099, -3.670464242999973, 0.0 ], [ 128.150444329000038, -3.670485062999941, 0.0 ], [ 128.150405663000015, -3.670496960999962, 0.0 ], [ 128.150372945000072, -3.670511831999929, 0.0 ], [ 128.150328330000093, -3.670523729999954, 0.0 ], [ 128.150280741000103, -3.670532652999958, 0.0 ], [ 128.150236126000095, -3.670532652999959, 0.0 ], [ 128.150149871000053, -3.670526703999938, 0.0 ], [ 128.150016026000117, -3.670520754999924, 0.0 ], [ 128.149935719000041, -3.670526703999945, 0.0 ], [ 128.149890176000099, -3.670526703999943, 0.0 ], [ 128.149873258000071, -3.670526703999937, 0.0 ], [ 128.149819720000096, -3.670532652999954, 0.0 ], [ 128.149781054000073, -3.670535626999936, 0.0 ], [ 128.149757260000115, -3.670541575999943, 0.0 ], [ 128.149718593000102, -3.670547523999976, 0.0 ], [ 128.149659107000048, -3.670544549999928, 0.0 ], [ 128.149550456000043, -3.670530738999956, 0.0 ], [ 128.149544836000018, -3.670528386999926, 0.0 ], [ 128.149533683000072, -3.670525162999985, 0.0 ], [ 128.149515750000091, -3.670520352999968, 0.0 ], [ 128.149499828000103, -3.67051548499995, 0.0 ], [ 128.149480119000032, -3.670510894999951, 0.0 ], [ 128.149472433000028, -3.670508783999936, 0.0 ], [ 128.149454818000095, -3.670504393999972, 0.0 ], [ 128.149443108000014, -3.670502819999971, 0.0 ], [ 128.14941839700009, -3.670499665999955, 0.0 ], [ 128.149372841000059, -3.670493426999941, 0.0 ], [ 128.149324462000095, -3.670491850999951, 0.0 ], [ 128.149273734000076, -3.670494912999975, 0.0 ], [ 128.149219194000011, -3.670502707999957, 0.0 ], [ 128.149068607000117, -3.670528840999959, 0.0 ], [ 128.14896697100005, -3.670549106999945, 0.0 ], [ 128.148887582000043, -3.670569953999968, 0.0 ], [ 128.148602941000036, -3.670659824999976, 0.0 ], [ 128.148577855000099, -3.670670633999971, 0.0 ], [ 128.148556276000022, -3.670682356999975, 0.0 ], [ 128.148543095000036, -3.67069270399997, 0.0 ], [ 128.14852591600004, -3.670710210999963, 0.0 ], [ 128.148468712000096, -3.67077848699995, 0.0 ], [ 128.148448513000062, -3.670798604999954, 0.0 ], [ 128.148414936000108, -3.670827200999951, 0.0 ], [ 128.148373768000056, -3.670859368999964, 0.0 ], [ 128.148330362000024, -3.670890930999976, 0.0 ], [ 128.148291137000115, -3.670917405999943, 0.0 ], [ 128.148255384000095, -3.670939471999927, 0.0 ], [ 128.148224292, -3.670956397999937, 0.0 ], [ 128.148198405000016, -3.670967891999965, 0.0 ], [ 128.148150774000101, -3.670988822999953, 0.0 ], [ 128.148067803000117, -3.671029126999943, 0.0 ], [ 128.14802338800007, -3.671051692999926, 0.0 ], [ 128.147711422000043, -3.671210198999968, 0.0 ], [ 128.147644466000088, -3.671242957999937, 0.0 ], [ 128.147223778000011, -3.671432362999948, 0.0 ], [ 128.147192180000047, -3.671447326999953, 0.0 ], [ 128.147140572000012, -3.671474745999942, 0.0 ], [ 128.146976314000085, -3.671567515999919, 0.0 ], [ 128.146872975000065, -3.671629342999946, 0.0 ], [ 128.146790716000055, -3.671682681999924, 0.0 ], [ 128.146729062000077, -3.671722772999946, 0.0 ], [ 128.146512342000051, -3.67185344299997, 0.0 ], [ 128.146486270000082, -3.671869162999945, 0.0 ], [ 128.146364222000102, -3.671941587999919, 0.0 ], [ 128.146311492000109, -3.67197725999995, 0.0 ], [ 128.146226750000096, -3.672050293999972, 0.0 ], [ 128.146069475000104, -3.672192068999954, 0.0 ], [ 128.146065813000064, -3.672195641999968, 0.0 ], [ 128.146056043000044, -3.67220654199997, 0.0 ], [ 128.146043831000043, -3.672218787999954, 0.0 ], [ 128.146031617000062, -3.672232274999949, 0.0 ], [ 128.14602207300004, -3.672242159999945, 0.0 ], [ 128.146014046000118, -3.67225173199995, 0.0 ], [ 128.146000491000109, -3.672265709999969, 0.0 ], [ 128.145986551000078, -3.672280277999965, 0.0 ], [ 128.145978201000048, -3.672288545999955, 0.0 ], [ 128.145970543000089, -3.672296919999956, 0.0 ], [ 128.145956021000075, -3.672311492999934, 0.0 ], [ 128.145941486000083, -3.672326970999968, 0.0 ], [ 128.145933873000104, -3.672334472999986, 0.0 ], [ 128.14592682600005, -3.672342106999965, 0.0 ], [ 128.145910611000119, -3.672356330999953, 0.0 ], [ 128.145896426000036, -3.672368982999953, 0.0 ], [ 128.145886652000058, -3.672377486999943, 0.0 ], [ 128.145875778000118, -3.672387287999932, 0.0 ], [ 128.145863648000045, -3.672399604999958, 0.0 ], [ 128.145851368000081, -3.67240767099997, 0.0 ], [ 128.145837734000111, -3.672418793999947, 0.0 ], [ 128.145821575000014, -3.672432465999981, 0.0 ], [ 128.145815806000087, -3.672441994999925, 0.0 ], [ 128.145806309000022, -3.672448843999976, 0.0 ], [ 128.145791270000018, -3.672462571999968, 0.0 ], [ 128.145768053000097, -3.672477643999974, 0.0 ], [ 128.145765466000057, -3.67248187099995, 0.0 ], [ 128.145761254000035, -3.672484847999951, 0.0 ], [ 128.145744351000076, -3.672505889999968, 0.0 ], [ 128.145719173000089, -3.672519839999949, 0.0 ], [ 128.145716198000059, -3.672521802999939, 0.0 ], [ 128.145715654000014, -3.672522276999927, 0.0 ], [ 128.145715082000038, -3.672522822999952, 0.0 ], [ 128.145711598000048, -3.672527434999946, 0.0 ], [ 128.145697311000049, -3.672549086999934, 0.0 ], [ 128.145680040000116, -3.672559079999927, 0.0 ], [ 128.145671136000033, -3.672565255999934, 0.0 ], [ 128.145669761000022, -3.672566628999967, 0.0 ], [ 128.145668485000101, -3.672568007999935, 0.0 ], [ 128.145662998000034, -3.67257616899996, 0.0 ], [ 128.14565281900002, -3.672594847999957, 0.0 ], [ 128.145628689000091, -3.672610570999948, 0.0 ], [ 128.145626071000038, -3.672612550999931, 0.0 ], [ 128.145625757000062, -3.672612881999957, 0.0 ], [ 128.145625488000064, -3.672613195999929, 0.0 ], [ 128.145624431000101, -3.67261484099993, 0.0 ], [ 128.145610346000012, -3.672642642999962, 0.0 ], [ 128.145587491000015, -3.672658389999979, 0.0 ], [ 128.145585300000107, -3.672662704999943, 0.0 ], [ 128.145581000000107, -3.672665505999928, 0.0 ], [ 128.1455702720001, -3.672684428999952, 0.0 ], [ 128.145567232000076, -3.67268979099992, 0.0 ], [ 128.145545412000047, -3.672703578999978, 0.0 ], [ 128.145541779000041, -3.672709444999945, 0.0 ], [ 128.145535934, -3.672712618999983, 0.0 ], [ 128.145521268000039, -3.672734070999973, 0.0 ], [ 128.145491859000117, -3.672747773999959, 0.0 ], [ 128.145490880000011, -3.672748380999963, 0.0 ], [ 128.145490418, -3.672748755999975, 0.0 ], [ 128.145485400000098, -3.672754249999965, 0.0 ], [ 128.145469495000043, -3.672772504999955, 0.0 ], [ 128.145465872000045, -3.672773831999966, 0.0 ], [ 128.145445825000024, -3.67278458399994, 0.0 ], [ 128.145440496000106, -3.672788587999954, 0.0 ], [ 128.145433610000055, -3.672793930999941, 0.0 ], [ 128.145417299000087, -3.672810511999958, 0.0 ], [ 128.145400772000045, -3.672818286999925, 0.0 ], [ 128.14538794900011, -3.672826240999942, 0.0 ], [ 128.145368196000049, -3.672839097999946, 0.0 ], [ 128.145362705000025, -3.672846104999968, 0.0 ], [ 128.14535572200009, -3.672849807999969, 0.0 ], [ 128.145335336000016, -3.672863828999934, 0.0 ], [ 128.145326252000018, -3.672868645999929, 0.0 ], [ 128.145310675000019, -3.67287753099993, 0.0 ], [ 128.145306490000053, -3.672880066999942, 0.0 ], [ 128.145300237000015, -3.672884261999969, 0.0 ], [ 128.145288876000109, -3.672896240999932, 0.0 ], [ 128.145267540000077, -3.67291082499998, 0.0 ], [ 128.145241736000116, -3.67293287399997, 0.0 ], [ 128.145212188000073, -3.672961778999941, 0.0 ], [ 128.14518041000008, -3.672996064999955, 0.0 ], [ 128.145147255000097, -3.673035006999953, 0.0 ], [ 128.14511763400003, -3.673073027999969, 0.0 ], [ 128.145095195000067, -3.673105435999954, 0.0 ], [ 128.145082481000031, -3.673128561999926, 0.0 ], [ 128.14507254900002, -3.673159502999962, 0.0 ], [ 128.145065541, -3.673197991999924, 0.0 ], [ 128.145061032000058, -3.673245370999946, 0.0 ], [ 128.145057734000034, -3.673315111999951, 0.0 ], [ 128.145052410000062, -3.673343253999981, 0.0 ], [ 128.145038137000029, -3.673384133999939, 0.0 ], [ 128.145015163000039, -3.67343701599998, 0.0 ], [ 128.144984299000043, -3.673500020999935, 0.0 ], [ 128.144944305000081, -3.673575026999971, 0.0 ], [ 128.144901269000115, -3.673650091999947, 0.0 ], [ 128.144861449000018, -3.673714291999949, 0.0 ], [ 128.144832161000068, -3.67375578799993, 0.0 ], [ 128.144807003000096, -3.673782397999963, 0.0 ], [ 128.144772986000021, -3.673810839999933, 0.0 ], [ 128.144734577, -3.673838404999963, 0.0 ], [ 128.144653237000057, -3.673892466999977, 0.0 ], [ 128.144625624000014, -3.673913783999975, 0.0 ], [ 128.144563374000086, -3.673970012999976, 0.0 ], [ 128.144519226000057, -3.674007251999973, 0.0 ], [ 128.14448242800006, -3.674034607999938, 0.0 ], [ 128.144454303000089, -3.674050840999938, 0.0 ], [ 128.144431676000067, -3.674058889999963, 0.0 ], [ 128.144398042000034, -3.674067779999975, 0.0 ], [ 128.144307924000032, -3.674085550999961, 0.0 ], [ 128.14421487900006, -3.674098178999943, 0.0 ], [ 128.14417568600004, -3.674101371999935, 0.0 ], [ 128.144144021000102, -3.674102236999937, 0.0 ], [ 128.143953903000011, -3.674107971999945, 0.0 ], [ 128.143653902000096, -3.674121979999941, 0.0 ], [ 128.143441057000018, -3.674134920999965, 0.0 ], [ 128.143374820000076, -3.674140414999961, 0.0 ], [ 128.143337860000088, -3.674145067999967, 0.0 ], [ 128.143290988000103, -3.674153163999955, 0.0 ], [ 128.142786770000043, -3.674240254999965, 0.0 ], [ 128.142745728000023, -3.674250111999918, 0.0 ], [ 128.142687780000074, -3.674268253999974, 0.0 ], [ 128.142504160000044, -3.674335068999944, 0.0 ], [ 128.14244450700005, -3.674361197999929, 0.0 ], [ 128.14235678600005, -3.674404996999948, 0.0 ], [ 128.142282562000105, -3.674445569999934, 0.0 ], [ 128.14224311800001, -3.674471243999967, 0.0 ], [ 128.142233001000022, -3.674483105999972, 0.0 ], [ 128.142216129000076, -3.674507085999949, 0.0 ], [ 128.142181285000106, -3.674561505999977, 0.0 ], [ 128.142162413000051, -3.674590978999954, 0.0 ], [ 128.14182126500009, -3.674971079999973, 0.0 ], [ 128.141714168000021, -3.675067094999981, 0.0 ], [ 128.141368365000062, -3.67549759099996, 0.0 ], [ 128.141266667000082, -3.675623259999958, 0.0 ], [ 128.141256190000064, -3.675631316999955, 0.0 ], [ 128.141252526000017, -3.675635696999956, 0.0 ], [ 128.141249582000114, -3.675639370999937, 0.0 ], [ 128.141248705000066, -3.675641109999955, 0.0 ], [ 128.141238719000057, -3.675660254999972, 0.0 ], [ 128.141233738000096, -3.675678120999982, 0.0 ], [ 128.141232827000067, -3.675692331999921, 0.0 ], [ 128.141234238000038, -3.675727521999937, 0.0 ], [ 128.141232501000104, -3.675747824999982, 0.0 ], [ 128.141228381000047, -3.675764370999949, 0.0 ], [ 128.141220319000013, -3.675786180999974, 0.0 ], [ 128.141192863000015, -3.675844330999946, 0.0 ], [ 128.141151666000042, -3.675918689999952, 0.0 ], [ 128.141106389000015, -3.675991719999958, 0.0 ], [ 128.141088600000103, -3.676015279999938, 0.0 ], [ 128.141066551000108, -3.676038602999935, 0.0 ], [ 128.14104037900006, -3.676061541999961, 0.0 ], [ 128.141010298000083, -3.67608390799996, 0.0 ], [ 128.140976469000066, -3.676105562999961, 0.0 ], [ 128.140939398000114, -3.676126166999949, 0.0 ], [ 128.140899590000117, -3.676145437999929, 0.0 ], [ 128.140857736000044, -3.676163040999934, 0.0 ], [ 128.140819191000105, -3.676179932999957, 0.0 ], [ 128.140780617000019, -3.676200744999958, 0.0 ], [ 128.140692008000087, -3.676256870999961, 0.0 ], [ 128.140606015000117, -3.676311339999921, 0.0 ], [ 128.14047185000004, -3.676389176999979, 0.0 ], [ 128.140460884000049, -3.67639164499997, 0.0 ], [ 128.140445083000031, -3.676398884999976, 0.0 ], [ 128.14044130800005, -3.676403706999963, 0.0 ], [ 128.14043752900011, -3.676407490999962, 0.0 ], [ 128.140421230000015, -3.676428769999969, 0.0 ], [ 128.140400021000119, -3.676441232999935, 0.0 ], [ 128.140394646000118, -3.676447284999943, 0.0 ], [ 128.140390003000107, -3.676452673999953, 0.0 ], [ 128.140375354000071, -3.676473137999941, 0.0 ], [ 128.140354950000074, -3.676493960999942, 0.0 ], [ 128.140353167000058, -3.676496079999942, 0.0 ], [ 128.140351720000012, -3.676497866999972, 0.0 ], [ 128.140339005000101, -3.676513854999944, 0.0 ], [ 128.140333145000113, -3.676521197999936, 0.0 ], [ 128.140316246000111, -3.676543061999959, 0.0 ], [ 128.140314357000079, -3.676547559999953, 0.0 ], [ 128.140309874000081, -3.676551630999935, 0.0 ], [ 128.140293428000064, -3.676571766999924, 0.0 ], [ 128.140280915000062, -3.676588257999981, 0.0 ], [ 128.140275420000108, -3.676598913999951, 0.0 ], [ 128.140264800000068, -3.676607229999938, 0.0 ], [ 128.140252273000101, -3.676620887999948, 0.0 ], [ 128.14024112200002, -3.676633448999941, 0.0 ], [ 128.140233036000041, -3.67664679699993, 0.0 ], [ 128.140202036000119, -3.676668546999959, 0.0 ], [ 128.140144615000054, -3.67670065399995, 0.0 ], [ 128.14007084900004, -3.676737274999935, 0.0 ], [ 128.140019809000023, -3.676758857999973, 0.0 ], [ 128.14000895300012, -3.676763827999937, 0.0 ], [ 128.139996247000113, -3.676772431999956, 0.0 ], [ 128.139966184000059, -3.676799882999948, 0.0 ], [ 128.139956158000018, -3.676811518999948, 0.0 ], [ 128.139931778000118, -3.676839813999949, 0.0 ], [ 128.139917619000016, -3.676859346999941, 0.0 ], [ 128.139909164000073, -3.676873666999933, 0.0 ], [ 128.139904025000078, -3.67688718899995, 0.0 ], [ 128.139890035, -3.676936751999967, 0.0 ], [ 128.139873288000103, -3.676982758999946, 0.0 ], [ 128.139826110000058, -3.677065188999967, 0.0 ], [ 128.139798995000092, -3.677112564999955, 0.0 ], [ 128.139786119000064, -3.677133108999961, 0.0 ], [ 128.139765762000025, -3.677160865999958, 0.0 ], [ 128.139708048000102, -3.677230809999972, 0.0 ], [ 128.139647680000053, -3.677296033999936, 0.0 ], [ 128.139626328000077, -3.677316035999978, 0.0 ], [ 128.139613635000046, -3.677324931999978, 0.0 ], [ 128.139586034000104, -3.677329834999962, 0.0 ], [ 128.139524772000073, -3.677334875999974, 0.0 ], [ 128.139460461000112, -3.677340166999952, 0.0 ], [ 128.139412570000104, -3.677347218999957, 0.0 ], [ 128.139169865000099, -3.677395759999972, 0.0 ], [ 128.139125088000014, -3.67740261099993, 0.0 ], [ 128.139044581, -3.677411791999923, 0.0 ], [ 128.138984362000059, -3.677417569999938, 0.0 ], [ 128.138941310000064, -3.677421700999961, 0.0 ], [ 128.138880761000109, -3.677425978999967, 0.0 ], [ 128.138843350000116, -3.677422013999947, 0.0 ], [ 128.138741562000064, -3.677404563999975, 0.0 ], [ 128.138715316000116, -3.677403335999946, 0.0 ], [ 128.138696433000064, -3.677403522999958, 0.0 ], [ 128.138664287000097, -3.677403839999954, 0.0 ], [ 128.138497110000117, -3.677409883999935, 0.0 ], [ 128.138282445000073, -3.677421328999973, 0.0 ], [ 128.138163353000095, -3.677430737999937, 0.0 ], [ 128.138128341000083, -3.677439048999934, 0.0 ], [ 128.138081312000054, -3.677455027999932, 0.0 ], [ 128.138023191000116, -3.677478123999944, 0.0 ], [ 128.137933735000047, -3.677516398999962, 0.0 ], [ 128.137875459000071, -3.677538514999981, 0.0 ], [ 128.137798324000073, -3.677560724999982, 0.0 ], [ 128.137374941000076, -3.677663400999964, 0.0 ], [ 128.137342828000101, -3.677665505999922, 0.0 ], [ 128.137337436000053, -3.677666063999931, 0.0 ], [ 128.137333237, -3.677666694999968, 0.0 ], [ 128.13730704000011, -3.67767088799996, 0.0 ], [ 128.137295815000016, -3.677674299999978, 0.0 ], [ 128.137292407000018, -3.677674478999962, 0.0 ], [ 128.137288681000086, -3.67767461299996, 0.0 ], [ 128.137257531000046, -3.677681036999949, 0.0 ], [ 128.137247380000076, -3.677681297999925, 0.0 ], [ 128.137234479000085, -3.677683775999979, 0.0 ], [ 128.13721828100006, -3.677686801999925, 0.0 ], [ 128.137202351000042, -3.677689894999961, 0.0 ], [ 128.137181018000092, -3.677694566999942, 0.0 ], [ 128.137177885000028, -3.677695336999936, 0.0 ], [ 128.137157321000018, -3.677700031999965, 0.0 ], [ 128.137144908000096, -3.677703492999966, 0.0 ], [ 128.137115299000016, -3.677712905999956, 0.0 ], [ 128.137112287000036, -3.67771379699996, 0.0 ], [ 128.137110670000084, -3.677714303999944, 0.0 ], [ 128.137106135000067, -3.677715921999948, 0.0 ], [ 128.137078201, -3.677726893999924, 0.0 ], [ 128.137067250000086, -3.677729841999957, 0.0 ], [ 128.137044770000102, -3.677738515999982, 0.0 ], [ 128.13704463800002, -3.677738570999964, 0.0 ], [ 128.137022213000023, -3.677747233999987, 0.0 ], [ 128.137012240000104, -3.677751044999976, 0.0 ], [ 128.136987275000024, -3.677761036999923, 0.0 ], [ 128.136980232000042, -3.677764099999928, 0.0 ], [ 128.136977175000084, -3.677764891999965, 0.0 ], [ 128.136971001, -3.677767220999958, 0.0 ], [ 128.136947185000054, -3.677776108999973, 0.0 ], [ 128.13693213800002, -3.677781880999933, 0.0 ], [ 128.136914139000055, -3.67778811899996, 0.0 ], [ 128.13689975200009, -3.677793476999962, 0.0 ], [ 128.13688710200006, -3.677798035999956, 0.0 ], [ 128.136881060000064, -3.677800094999955, 0.0 ], [ 128.136865353000076, -3.67780614799995, 0.0 ], [ 128.136848755000074, -3.677812850999939, 0.0 ], [ 128.136845411000081, -3.677813526999956, 0.0 ], [ 128.136759408000103, -3.677843074999949, 0.0 ], [ 128.136720686000103, -3.677858327999949, 0.0 ], [ 128.136629389000063, -3.677905504999962, 0.0 ], [ 128.13659790600002, -3.677919003999924, 0.0 ], [ 128.1365817840001, -3.677922121999933, 0.0 ], [ 128.136560924000037, -3.677923257999966, 0.0 ], [ 128.136535564000042, -3.67792187899994, 0.0 ], [ 128.13649582700009, -3.677919717999935, 0.0 ], [ 128.136456857000098, -3.677918690999948, 0.0 ], [ 128.136411714000019, -3.677923824999932, 0.0 ], [ 128.136347735000072, -3.677936538999968, 0.0 ], [ 128.136274311000079, -3.677954661999936, 0.0 ], [ 128.136263548000102, -3.677957318999979, 0.0 ], [ 128.136218977000112, -3.677978668999974, 0.0 ], [ 128.136040134000041, -3.678087706999977, 0.0 ], [ 128.135968419000051, -3.678131429999956, 0.0 ], [ 128.135942589000024, -3.678148319999927, 0.0 ], [ 128.135905770000022, -3.678175889999978, 0.0 ], [ 128.135866761000102, -3.678207525999935, 0.0 ], [ 128.135833742000045, -3.678236601999977, 0.0 ], [ 128.135781850000058, -3.678282586999957, 0.0 ], [ 128.135779390000039, -3.678284683999948, 0.0 ], [ 128.135529383000062, -3.678497736999923, 0.0 ], [ 128.135514347000026, -3.678506958999954, 0.0 ], [ 128.135510141000054, -3.678509046999975, 0.0 ], [ 128.13549076400011, -3.678519319999968, 0.0 ], [ 128.135485150000022, -3.678522842999934, 0.0 ], [ 128.135476142000016, -3.678528470999927, 0.0 ], [ 128.135458774000085, -3.678541566999969, 0.0 ], [ 128.135445716000049, -3.678547787999948, 0.0 ], [ 128.135430142000018, -3.67855801999996, 0.0 ], [ 128.135405677000108, -3.678573631999942, 0.0 ], [ 128.135403728000028, -3.678576704999954, 0.0 ], [ 128.13540066500002, -3.67857857999997, 0.0 ], [ 128.135378826000078, -3.678595529999932, 0.0 ], [ 128.135378072000094, -3.678596153999936, 0.0 ], [ 128.135355617000073, -3.678607140999929, 0.0 ], [ 128.135348595000096, -3.67861175499997, 0.0 ], [ 128.135337734000018, -3.678618794999971, 0.0 ], [ 128.135325684, -3.678633966999946, 0.0 ], [ 128.135310563000075, -3.678641951999958, 0.0 ], [ 128.135296892000042, -3.678650259999927, 0.0 ], [ 128.135271049000039, -3.678658410999959, 0.0 ], [ 128.135266548000118, -3.678660304999935, 0.0 ], [ 128.135265524000033, -3.678660735999934, 0.0 ], [ 128.135263451000014, -3.678661870999979, 0.0 ], [ 128.135259794000035, -3.678663948999941, 0.0 ], [ 128.135257572000114, -3.678666012999939, 0.0 ], [ 128.135239381000019, -3.678682916999954, 0.0 ], [ 128.135220475000096, -3.678690224999969, 0.0 ], [ 128.135212738000064, -3.678694523999974, 0.0 ], [ 128.135208356000021, -3.678696959999971, 0.0 ], [ 128.135180591000108, -3.678709101999976, 0.0 ], [ 128.135177846000033, -3.678711522999948, 0.0 ], [ 128.135175433000086, -3.678712232999936, 0.0 ], [ 128.135167316000093, -3.678717237999942, 0.0 ], [ 128.135150230000022, -3.678728997999946, 0.0 ], [ 128.135130388000107, -3.678737403999946, 0.0 ], [ 128.135120159000053, -3.678744002999956, 0.0 ], [ 128.135105058000022, -3.678754257999975, 0.0 ], [ 128.135094986000013, -3.678763937999978, 0.0 ], [ 128.135085337000078, -3.678768123999927, 0.0 ], [ 128.135066486000028, -3.678780522999948, 0.0 ], [ 128.135050584000055, -3.678789098999966, 0.0 ], [ 128.135040291000109, -3.67879496899997, 0.0 ], [ 128.135037365000017, -3.67879648399997, 0.0 ], [ 128.135032125000066, -3.67879941599994, 0.0 ], [ 128.135011566000117, -3.67881578899994, 0.0 ], [ 128.134995244000038, -3.678822016999955, 0.0 ], [ 128.134981287000073, -3.678830583999963, 0.0 ], [ 128.134957021000105, -3.678844572999937, 0.0 ], [ 128.134954725000057, -3.678849119999935, 0.0 ], [ 128.134950194000112, -3.67885252799993, 0.0 ], [ 128.134930864000012, -3.67887037499997, 0.0 ], [ 128.134920012000066, -3.67887483699997, 0.0 ], [ 128.134905144000072, -3.678882794999938, 0.0 ], [ 128.134901047000085, -3.678885633999926, 0.0 ], [ 128.134893673000079, -3.678889740999978, 0.0 ], [ 128.13488390100008, -3.678902987999944, 0.0 ], [ 128.134879387000069, -3.678909105999941, 0.0 ], [ 128.134860086000117, -3.678920692999958, 0.0 ], [ 128.134852353000042, -3.67892716699993, 0.0 ], [ 128.134839195000069, -3.678931242999958, 0.0 ], [ 128.13482736800006, -3.678934905999939, 0.0 ], [ 128.134820866000041, -3.678940745999963, 0.0 ], [ 128.134815044000106, -3.678943439999961, 0.0 ], [ 128.134800388000031, -3.678961974999933, 0.0 ], [ 128.134798877000094, -3.678963885999959, 0.0 ], [ 128.134797774000049, -3.678964052999954, 0.0 ], [ 128.134783877000018, -3.678966151999925, 0.0 ], [ 128.134769995000056, -3.678972144999936, 0.0 ], [ 128.134765601000026, -3.678975663999942, 0.0 ], [ 128.134760244000063, -3.67898006999996, 0.0 ], [ 128.134744891000082, -3.679000090999984, 0.0 ], [ 128.13472493900008, -3.679009043999939, 0.0 ], [ 128.134716265000066, -3.679016549999964, 0.0 ], [ 128.134706430000051, -3.679025246999962, 0.0 ], [ 128.134695363000105, -3.679040783999945, 0.0 ], [ 128.134679880000022, -3.679048205999946, 0.0 ], [ 128.13466809800002, -3.679058612999938, 0.0 ], [ 128.134654930000011, -3.679070425999959, 0.0 ], [ 128.134646884000063, -3.679082531999944, 0.0 ], [ 128.134634820000088, -3.679088780999963, 0.0 ], [ 128.134620799000118, -3.679101548999931, 0.0 ], [ 128.13460545800001, -3.679115607999955, 0.0 ], [ 128.134599294000054, -3.679125174999963, 0.0 ], [ 128.13458975900005, -3.679130167999979, 0.0 ], [ 128.134574033000064, -3.679145021999935, 0.0 ], [ 128.134557811000036, -3.679160790999954, 0.0 ], [ 128.134553120000078, -3.679169244999966, 0.0 ], [ 128.134544696000034, -3.679174381999928, 0.0 ], [ 128.134529287000078, -3.679190527999936, 0.0 ], [ 128.134515247000081, -3.67920597899996, 0.0 ], [ 128.134510400000067, -3.679216789999946, 0.0 ], [ 128.134499626000093, -3.679225099999946, 0.0 ], [ 128.134488187000102, -3.67923970399994, 0.0 ], [ 128.134479641000098, -3.679251173999947, 0.0 ], [ 128.134477360000119, -3.679257111999953, 0.0 ], [ 128.134473227000058, -3.679267871999963, 0.0 ], [ 128.134460058000059, -3.679304697999946, 0.0 ], [ 128.134435394000093, -3.679360390999929, 0.0 ], [ 128.134403138000039, -3.67942576899998, 0.0 ], [ 128.134380208000039, -3.679466307999967, 0.0 ], [ 128.134372262000056, -3.679474343999964, 0.0 ], [ 128.134360089000097, -3.679481868999967, 0.0 ], [ 128.134318356000108, -3.679497909999948, 0.0 ], [ 128.134305009000087, -3.679508053999945, 0.0 ], [ 128.134283369000059, -3.679522359999959, 0.0 ], [ 128.134279413000058, -3.679527562999962, 0.0 ], [ 128.134274229000084, -3.679529362999968, 0.0 ], [ 128.134255124000106, -3.67954838699995, 0.0 ], [ 128.134231806000116, -3.679564894999934, 0.0 ], [ 128.134229172000119, -3.679566857999935, 0.0 ], [ 128.134228787000097, -3.679567149999966, 0.0 ], [ 128.134228314000097, -3.679567535999984, 0.0 ], [ 128.134204992000036, -3.679588471999973, 0.0 ], [ 128.134184116000029, -3.679602496999958, 0.0 ], [ 128.134178353000038, -3.679606929999982, 0.0 ], [ 128.134171241000104, -3.679612709999951, 0.0 ], [ 128.134170963000088, -3.679613196999979, 0.0 ], [ 128.134127192000051, -3.679640483999951, 0.0 ], [ 128.134090763000017, -3.679662753999934, 0.0 ], [ 128.133754688000067, -3.679868198999938, 0.0 ], [ 128.133695201000052, -3.679902105999929, 0.0 ], [ 128.133676628000103, -3.679919488999933, 0.0 ], [ 128.133639493000032, -3.679959850999983, 0.0 ], [ 128.133431279000092, -3.680196801999957, 0.0 ], [ 128.133409583000116, -3.680214978999965, 0.0 ], [ 128.133373716000051, -3.680239604999941, 0.0 ], [ 128.13318300100002, -3.680359472999947, 0.0 ], [ 128.133064842000067, -3.68043569399993, 0.0 ], [ 128.133041460000072, -3.680447859999955, 0.0 ], [ 128.132994688000053, -3.680477697999954, 0.0 ], [ 128.132904852000024, -3.680532683999949, 0.0 ], [ 128.132830250000097, -3.680576219999978, 0.0 ], [ 128.132771314000024, -3.68060806199997, 0.0 ], [ 128.132729140000038, -3.680627603999944, 0.0 ], [ 128.132686551, -3.680647709999963, 0.0 ], [ 128.132635148000077, -3.680680312999927, 0.0 ], [ 128.13226114500003, -3.680946682999953, 0.0 ], [ 128.132232309000102, -3.680955968999967, 0.0 ], [ 128.13215316000003, -3.68097712099996, 0.0 ], [ 128.1320278070001, -3.681015071999982, 0.0 ], [ 128.131853007000018, -3.681071007999939, 0.0 ], [ 128.131683843000019, -3.681127290999934, 0.0 ], [ 128.131651104000071, -3.681142739999926, 0.0 ], [ 128.131594519000032, -3.681174280999933, 0.0 ], [ 128.131432810000092, -3.681272437999954, 0.0 ], [ 128.131395103000045, -3.681292509999931, 0.0 ], [ 128.131328036000014, -3.681323525999964, 0.0 ], [ 128.131243357000017, -3.681359889999949, 0.0 ], [ 128.131192246000069, -3.68137951299997, 0.0 ], [ 128.131169808000095, -3.681390764999951, 0.0 ], [ 128.131118042000026, -3.681420543999932, 0.0 ], [ 128.130775602000085, -3.681624203999953, 0.0 ], [ 128.130681376000098, -3.681676231999979, 0.0 ], [ 128.130472896000015, -3.681768893999961, 0.0 ], [ 128.130248014000017, -3.681864748999942, 0.0 ], [ 128.130107209000016, -3.681920974999968, 0.0 ], [ 128.130066009000075, -3.681935349999947, 0.0 ], [ 128.13004487000012, -3.681940351999966, 0.0 ], [ 128.130029344000036, -3.681943322999921, 0.0 ], [ 128.130003302000091, -3.681951671999961, 0.0 ], [ 128.129920111000047, -3.681984355999931, 0.0 ], [ 128.129795511000111, -3.68203841399998, 0.0 ], [ 128.129642741000112, -3.682108103999954, 0.0 ], [ 128.1296264, -3.682116787999979, 0.0 ], [ 128.12961658100005, -3.682125853999937, 0.0 ], [ 128.12956268500011, -3.682202111999969, 0.0 ], [ 128.129547563000074, -3.682223507999935, 0.0 ], [ 128.129505432000087, -3.682276365999941, 0.0 ], [ 128.129468555000017, -3.682314945999968, 0.0 ], [ 128.129434514000081, -3.682345338999939, 0.0 ], [ 128.129278572000089, -3.682477903999941, 0.0 ], [ 128.129274057000089, -3.682480343999947, 0.0 ], [ 128.129259576000095, -3.682488053999977, 0.0 ], [ 128.129232007000041, -3.682502569999946, 0.0 ], [ 128.12923038100007, -3.682503942999966, 0.0 ], [ 128.12922901200011, -3.682504747999928, 0.0 ], [ 128.12922468800005, -3.682506902999936, 0.0 ], [ 128.129204979000065, -3.68251768399995, 0.0 ], [ 128.129148418000113, -3.682540514999967, 0.0 ], [ 128.129028878000099, -3.682582263999963, 0.0 ], [ 128.129018544000019, -3.682585672999944, 0.0 ], [ 128.128857977000052, -3.682638636999962, 0.0 ], [ 128.128731408000021, -3.682677984999943, 0.0 ], [ 128.12864877100003, -3.682706784999935, 0.0 ], [ 128.12863165300007, -3.682713360999967, 0.0 ], [ 128.12849295500007, -3.682766637999968, 0.0 ], [ 128.128274200000078, -3.682853896999974, 0.0 ], [ 128.128124645000071, -3.68291593099997, 0.0 ], [ 128.128079356000057, -3.682938924999978, 0.0 ], [ 128.128019911000024, -3.682973598999973, 0.0 ], [ 128.127947126000095, -3.683019535999958, 0.0 ], [ 128.127868853000109, -3.683071785999966, 0.0 ], [ 128.127729520000116, -3.683161463999966, 0.0 ], [ 128.127600504000043, -3.683249925999973, 0.0 ], [ 128.12743385300007, -3.683369895999927, 0.0 ], [ 128.127287834000072, -3.683478626999941, 0.0 ], [ 128.127236839000034, -3.683516599999961, 0.0 ], [ 128.127210228000081, -3.683544211999955, 0.0 ], [ 128.127183568000078, -3.683569092999964, 0.0 ], [ 128.127022264000061, -3.683722208999943, 0.0 ], [ 128.126981370000067, -3.683761027999934, 0.0 ], [ 128.126923210000086, -3.683813267999933, 0.0 ], [ 128.126878997000063, -3.683849869999957, 0.0 ], [ 128.126796763000016, -3.683910738999943, 0.0 ], [ 128.126695472000051, -3.683981593999933, 0.0 ], [ 128.126605201000075, -3.684041451999971, 0.0 ], [ 128.126545873000055, -3.684077107999942, 0.0 ], [ 128.126524694000068, -3.684086863999931, 0.0 ], [ 128.126495341, -3.684098040999968, 0.0 ], [ 128.12641303700002, -3.684124322999934, 0.0 ], [ 128.126300622000031, -3.684155289999979, 0.0 ], [ 128.126178246000109, -3.684185373999977, 0.0 ], [ 128.126140424000027, -3.684193064999928, 0.0 ], [ 128.1261041140001, -3.684198379999948, 0.0 ], [ 128.126088988000106, -3.684199341999951, 0.0 ], [ 128.126010370000017, -3.68420434199993, 0.0 ], [ 128.125984320000043, -3.684207978999951, 0.0 ], [ 128.125900395000031, -3.684230473999954, 0.0 ], [ 128.125798795000037, -3.68426191099996, 0.0 ], [ 128.12571923500002, -3.68428996899997, 0.0 ], [ 128.125663093000071, -3.684313864999977, 0.0 ], [ 128.125430775000041, -3.684423738999959, 0.0 ], [ 128.125240738000116, -3.684510169999955, 0.0 ], [ 128.125161170000069, -3.684545553999958, 0.0 ], [ 128.12510154000006, -3.68457679499994, 0.0 ], [ 128.125031739000065, -3.684625823999971, 0.0 ], [ 128.12493788300003, -3.684697787999944, 0.0 ], [ 128.124863685000037, -3.684759106999935, 0.0 ], [ 128.124811246000036, -3.68480760299997, 0.0 ], [ 128.124641047000068, -3.684982238999963, 0.0 ], [ 128.124595196000087, -3.685032661999965, 0.0 ], [ 128.12457092000011, -3.685063394999928, 0.0 ], [ 128.124536665000051, -3.685119975999949, 0.0 ], [ 128.12443377000011, -3.685289931999924, 0.0 ], [ 128.124345585000015, -3.685441252999961, 0.0 ], [ 128.124332566000021, -3.685459403999976, 0.0 ], [ 128.124307140000042, -3.685484062999938, 0.0 ], [ 128.124274705000062, -3.685510015999973, 0.0 ], [ 128.124242792000018, -3.685531196999939, 0.0 ], [ 128.12416109500009, -3.685584673999923, 0.0 ], [ 128.123781653000037, -3.685839574999927, 0.0 ], [ 128.123735282000098, -3.68587449999996, 0.0 ], [ 128.123648482000021, -3.685946015999951, 0.0 ], [ 128.123368341000059, -3.686186500999953, 0.0 ], [ 128.123346412000046, -3.686205395999939, 0.0 ], [ 128.123303752000083, -3.686238094999966, 0.0 ], [ 128.123203716000035, -3.686308802999968, 0.0 ], [ 128.12310551500002, -3.686372261999964, 0.0 ], [ 128.123009765, -3.686428535999938, 0.0 ], [ 128.12292319900007, -3.686474066999943, 0.0 ], [ 128.122842122000066, -3.686511219999947, 0.0 ], [ 128.122767193000072, -3.686539694999964, 0.0 ], [ 128.122698760000048, -3.686559361999964, 0.0 ], [ 128.122642321000058, -3.686568813999936, 0.0 ], [ 128.122561172000019, -3.686576562999954, 0.0 ], [ 128.122455997000088, -3.686582541999945, 0.0 ], [ 128.12232803100008, -3.686586680999941, 0.0 ], [ 128.122243173000015, -3.686587953999946, 0.0 ], [ 128.12241291600003, -3.687233990999976, 0.0 ], [ 128.122320117000072, -3.687262543999957, 0.0 ], [ 128.122255872000096, -3.687255405999965, 0.0 ], [ 128.122195196, -3.687233990999967, 0.0 ], [ 128.122163073000024, -3.687201867999931, 0.0 ], [ 128.122141658000032, -3.687155468999953, 0.0 ], [ 128.122066705000066, -3.68706266999993, 0.0 ], [ 128.121984613000109, -3.686991285999968, 0.0 ], [ 128.121884676000036, -3.68694488599993, 0.0 ], [ 128.121759754000095, -3.68690205599995, 0.0 ], [ 128.121638402000031, -3.686891348999943, 0.0 ], [ 128.121527757000081, -3.686894917999949, 0.0 ], [ 128.121399266000026, -3.686941316999937, 0.0 ], [ 128.121306467000068, -3.686998423999958, 0.0 ], [ 128.121238652000102, -3.687012700999965, 0.0 ], [ 128.121210099000109, -3.687001992999962, 0.0 ], [ 128.121202960000119, -3.686984146999972, 0.0 ], [ 128.121170838000012, -3.686848517999978, 0.0 ], [ 128.121127284000067, -3.686584203999931, 0.0 ], [ 128.121124295000072, -3.686566065999948, 0.0 ], [ 128.121114987000055, -3.686565632999935, 0.0 ], [ 128.121038167000052, -3.686562058999919, 0.0 ], [ 128.120648180000103, -3.68651666799997, 0.0 ], [ 128.120851670000093, -3.685792131999957, 0.0 ], [ 128.120887736000128, -3.685629725999952, 0.0 ], [ 128.120993969000097, -3.685282316999982, 0.0 ], [ 128.121008456000027, -3.684906448999922, 0.0 ], [ 128.121003056000063, -3.684656917999967, 0.0 ], [ 128.121001703000047, -3.684594387999941, 0.0 ], [ 128.120896306000077, -3.684090741999966, 0.0 ], [ 128.120663895, -3.683530233999928, 0.0 ], [ 128.120226830000092, -3.682898602999951, 0.0 ], [ 128.1198884800001, -3.682387633999949, 0.0 ], [ 128.119691598000031, -3.681944331999945, 0.0 ], [ 128.119648990000087, -3.681848395999963, 0.0 ], [ 128.119579210000097, -3.681800946999939, 0.0 ], [ 128.119529126000089, -3.681699341999938, 0.0 ], [ 128.119522179000114, -3.681585860999969, 0.0 ], [ 128.119536416000074, -3.681465308999969, 0.0 ], [ 128.119479996000109, -3.681408515999975, 0.0 ], [ 128.119381192000105, -3.68138004999998, 0.0 ], [ 128.119232945000022, -3.681379902999942, 0.0 ], [ 128.11912704000008, -3.681393981999977, 0.0 ], [ 128.119021191000115, -3.681351323999936, 0.0 ], [ 128.118887139000094, -3.681273177999973, 0.0 ], [ 128.118795479000028, -3.681159611999937, 0.0 ], [ 128.118753241000036, -3.681039003999958, 0.0 ], [ 128.118732188000081, -3.680911325999939, 0.0 ], [ 128.118802942000116, -3.680748276999957, 0.0 ], [ 128.118999642000063, -3.680441156999967, 0.0 ], [ 128.119078781000098, -3.680216641999942, 0.0 ], [ 128.119177891000049, -3.679933054999937, 0.0 ], [ 128.119213383000101, -3.679734510999935, 0.0 ], [ 128.119178225000041, -3.679592633999957, 0.0 ], [ 128.118903369000037, -3.679124280999926, 0.0 ], [ 128.118645113000071, -3.678748042999922, 0.0 ], [ 128.118304179000035, -3.678251354999928, 0.0 ], [ 128.118219745000033, -3.677967586999955, 0.0 ], [ 128.118219934000081, -3.677776098999972, 0.0 ], [ 128.118318960000011, -3.677577617999932, 0.0 ], [ 128.118432098000085, -3.677386243999929, 0.0 ], [ 128.118545152000024, -3.677279973999936, 0.0 ], [ 128.118700577000027, -3.677159561999931, 0.0 ], [ 128.118848866, -3.677117155999946, 0.0 ], [ 128.118863116000057, -3.676982419999952, 0.0 ], [ 128.118827924000016, -3.676876002999954, 0.0 ], [ 128.118736208000087, -3.676819174999937, 0.0 ], [ 128.11844686500001, -3.676726689999948, 0.0 ], [ 128.118242164000094, -3.676705211999949, 0.0 ], [ 128.118036034000056, -3.676659894999949, 0.0 ], [ 128.117649345000018, -3.676534412999958, 0.0 ], [ 128.117148347000011, -3.676314059999922, 0.0 ], [ 128.116986086000111, -3.676207515999982, 0.0 ], [ 128.116859206000072, -3.676015903999945, 0.0 ], [ 128.11684631300011, -3.675738913999964, 0.0 ], [ 128.116863286000012, -3.675614965999956, 0.0 ], [ 128.116888016000075, -3.675434377999972, 0.0 ], [ 128.116902441000093, -3.675122338999931, 0.0 ], [ 128.116923808000024, -3.674930873999925, 0.0 ], [ 128.116931049000073, -3.674746484999955, 0.0 ], [ 128.116888832000086, -3.674604601999938, 0.0 ], [ 128.116790119000029, -3.674483937999979, 0.0 ], [ 128.116712550000102, -3.674398753999985, 0.0 ], [ 128.116613818000019, -3.674299366999953, 0.0 ], [ 128.116472637000044, -3.67429213499997, 0.0 ], [ 128.116328659000033, -3.674381444999936, 0.0 ], [ 128.116176034000091, -3.674405313999959, 0.0 ], [ 128.116048952000028, -3.674419371999937, 0.0 ], [ 128.115865499000051, -3.674326992999966, 0.0 ], [ 128.115639699000099, -3.67422747799998, 0.0 ], [ 128.115427988000079, -3.674156345999965, 0.0 ], [ 128.115336287000105, -3.674085334999972, 0.0 ], [ 128.115209219, -3.674085207999951, 0.0 ], [ 128.115039704000083, -3.674177236999978, 0.0 ], [ 128.114891367000041, -3.674269286999958, 0.0 ], [ 128.114750110000045, -3.674340067999938, 0.0 ], [ 128.11461595500009, -3.674368302999932, 0.0 ], [ 128.114494567000065, -3.674330197999947, 0.0 ], [ 128.114347819000045, -3.674247469999947, 0.0 ], [ 128.114227929000094, -3.674126784999938, 0.0 ], [ 128.114044527000033, -3.673984758999957, 0.0 ], [ 128.113882253000043, -3.673892400999928, 0.0 ], [ 128.113663498000051, -3.673807077999927, 0.0 ], [ 128.113515329000052, -3.673728916999949, 0.0 ], [ 128.113391966000137, -3.673701889999956, 0.0 ], [ 128.113254239000071, -3.673622274999953, 0.0 ], [ 128.113113199000054, -3.673473199999933, 0.0 ], [ 128.113000355000054, -3.673366705999969, 0.0 ], [ 128.112901629000021, -3.673260224999974, 0.0 ], [ 128.112781663000078, -3.673217552999974, 0.0 ], [ 128.112661654000021, -3.673217433999986, 0.0 ], [ 128.112548607, -3.673316610999961, 0.0 ], [ 128.112435532000063, -3.673444155999956, 0.0 ], [ 128.112273014000039, -3.673600020999973, 0.0 ], [ 128.112103540000021, -3.673649495999933, 0.0 ], [ 128.11200975600002, -3.673632222999963, 0.0 ], [ 128.111828360000118, -3.67351447199996, 0.0 ], [ 128.111666058000083, -3.673450479999922, 0.0 ], [ 128.111517883000033, -3.673379410999926, 0.0 ], [ 128.111440436000066, -3.673378284999952, 0.0 ], [ 128.111334376000059, -3.673376739999985, 0.0 ], [ 128.111080275000063, -3.673308052999974, 0.0 ], [ 128.110953236000114, -3.673279557999936, 0.0 ], [ 128.110826238000072, -3.673208509999942, 0.0 ], [ 128.110706320000077, -3.673116192999947, 0.0 ], [ 128.110642857000016, -3.673045208999955, 0.0 ], [ 128.110664175000011, -3.672903386999956, 0.0 ], [ 128.110664309000072, -3.67276863799998, 0.0 ], [ 128.110713858000054, -3.672633936999949, 0.0 ], [ 128.110706952000101, -3.672477903999945, 0.0 ], [ 128.110643608000032, -3.672286353999936, 0.0 ], [ 128.110601372000019, -3.672165745999965, 0.0 ], [ 128.110523832000013, -3.67205219399994, 0.0 ], [ 128.11048861200004, -3.671974145999962, 0.0 ], [ 128.110495742000012, -3.671903232999966, 0.0 ], [ 128.110545213000023, -3.671846544999935, 0.0 ], [ 128.110615820000021, -3.671832430999927, 0.0 ], [ 128.110714637000115, -3.671846713999977, 0.0 ], [ 128.11080642200011, -3.671832621999952, 0.0 ], [ 128.110884130000045, -3.671775961999965, 0.0 ], [ 128.111032501000068, -3.671648451999942, 0.0 ], [ 128.111138510000046, -3.671527991999933, 0.0 ], [ 128.111237460000098, -3.67140752499995, 0.0 ], [ 128.111343511000086, -3.671244511999925, 0.0 ], [ 128.111357812000051, -3.671060131999986, 0.0 ], [ 128.111343826000052, -3.670925367999927, 0.0 ], [ 128.111280489000023, -3.670726724999953, 0.0 ], [ 128.111231137000118, -3.670662847999955, 0.0 ], [ 128.111160657000028, -3.670549302999968, 0.0 ], [ 128.111061868000121, -3.670506651999974, 0.0 ], [ 128.110970125000108, -3.670478191999965, 0.0 ], [ 128.110835950000023, -3.670527702999947, 0.0 ], [ 128.110730004000089, -3.670584333999949, 0.0 ], [ 128.110609884000041, -3.670697687999959, 0.0 ], [ 128.110390764000044, -3.670981153999952, 0.0 ], [ 128.110206977000075, -3.671229193999984, 0.0 ], [ 128.110126465, -3.671318802999955, 0.0 ], [ 128.110009169000023, -3.67137792999995, 0.0 ], [ 128.10989622000011, -3.671377817999947, 0.0 ], [ 128.109691550000093, -3.671327967999959, 0.0 ], [ 128.109550469000055, -3.671221444999958, 0.0 ], [ 128.109437619000119, -3.671122042999974, 0.0 ], [ 128.109388294000041, -3.671029795999968, 0.0 ], [ 128.109346107000079, -3.670859543999945, 0.0 ], [ 128.109367426000063, -3.670717721999941, 0.0 ], [ 128.109445219, -3.67057595899997, 0.0 ], [ 128.109473548000096, -3.670483788999941, 0.0 ], [ 128.109523061000118, -3.670384548999943, 0.0 ], [ 128.109530211000106, -3.670292358999968, 0.0 ], [ 128.109523243000012, -3.670200153999934, 0.0 ], [ 128.109466832000066, -3.670136269999942, 0.0 ], [ 128.109389194000073, -3.670122006999974, 0.0 ], [ 128.10927623900011, -3.670128985999957, 0.0 ], [ 128.109149100000081, -3.67019977999996, 0.0 ], [ 128.108997459000108, -3.670355097999964, 0.0 ], [ 128.108873571000117, -3.670419360999975, 0.0 ], [ 128.108746496000094, -3.670426324999937, 0.0 ], [ 128.10861241200007, -3.670383638999969, 0.0 ], [ 128.108407833000115, -3.670241590999978, 0.0 ], [ 128.108273861000043, -3.670085430999957, 0.0 ], [ 128.108210482000118, -3.669929341999931, 0.0 ], [ 128.108161173000099, -3.669822910999923, 0.0 ], [ 128.108083591000081, -3.669751911999976, 0.0 ], [ 128.107935388000101, -3.66970921099994, 0.0 ], [ 128.10784366900009, -3.669706976999982, 0.0 ], [ 128.107716600000117, -3.669659346999937, 0.0 ], [ 128.107589609000115, -3.669581206999963, 0.0 ], [ 128.107469693000098, -3.669488889999967, 0.0 ], [ 128.107356787000072, -3.669446223999952, 0.0 ], [ 128.107229720000078, -3.669446096999932, 0.0 ], [ 128.107067370000124, -3.669431748999951, 0.0 ], [ 128.106890888000066, -3.669431571999957, 0.0 ], [ 128.106770930000039, -3.669381807999963, 0.0 ], [ 128.106693362000101, -3.669296624999955, 0.0 ], [ 128.106686395000111, -3.669204420999963, 0.0 ], [ 128.106707706000066, -3.669069691999931, 0.0 ], [ 128.10682082400001, -3.66889959499997, 0.0 ], [ 128.106940923000025, -3.668807517999931, 0.0 ], [ 128.107089231000032, -3.668743836999963, 0.0 ], [ 128.107216319000031, -3.668722688999932, 0.0 ], [ 128.107329359000119, -3.668630603999932, 0.0 ], [ 128.10737886600009, -3.668538456999963, 0.0 ], [ 128.107428379000112, -3.668439216999955, 0.0 ], [ 128.10744261800005, -3.668318665999944, 0.0 ], [ 128.107365057000067, -3.668226389999977, 0.0 ], [ 128.107223949000058, -3.668148235999982, 0.0 ], [ 128.10708988600004, -3.668084272999974, 0.0 ], [ 128.106906331000118, -3.668098272999947, 0.0 ], [ 128.106744024000022, -3.668041373999933, 0.0 ], [ 128.106645293000042, -3.667941984999966, 0.0 ], [ 128.106631279000112, -3.667835589999922, 0.0 ], [ 128.106560807000051, -3.667714953999964, 0.0 ], [ 128.106575680000105, -3.667587382999958, 0.0 ], [ 128.106638769000028, -3.667402978999972, 0.0 ], [ 128.106751829000018, -3.667289618999976, 0.0 ], [ 128.106850807000114, -3.667140782999976, 0.0 ], [ 128.10692159700011, -3.666942274999939, 0.0 ], [ 128.106851222000046, -3.666722349999935, 0.0 ], [ 128.106851469000048, -3.666474126999963, 0.0 ], [ 128.106675220000056, -3.66623991099994, 0.0 ], [ 128.106590614000083, -3.666133443999962, 0.0 ], [ 128.106640205000076, -3.665956191999947, 0.0 ], [ 128.106689767000034, -3.665807306999973, 0.0 ], [ 128.106732313000066, -3.665615862999975, 0.0 ], [ 128.106690112000052, -3.66545979399996, 0.0 ], [ 128.106570337000107, -3.665225635999943, 0.0 ], [ 128.106471564000117, -3.665168798999958, 0.0 ], [ 128.106355936000114, -3.665174466999925, 0.0 ], [ 128.106118553000101, -3.665218089999937, 0.0 ], [ 128.105949081000063, -3.665267565999948, 0.0 ], [ 128.105772614000102, -3.66525320399995, 0.0 ], [ 128.105730322000113, -3.665189332999946, 0.0 ], [ 128.105758714000103, -3.665033334999979, 0.0 ], [ 128.105857719000028, -3.664856131999949, 0.0 ], [ 128.105893220000098, -3.664650495999974, 0.0 ], [ 128.105914601000109, -3.664444846999968, 0.0 ], [ 128.105801893000034, -3.664203602999973, 0.0 ], [ 128.105520221, -3.66350120299996, 0.0 ], [ 128.105386616000033, -3.662976253999938, 0.0 ], [ 128.10533754700009, -3.662628690999948, 0.0 ], [ 128.10528853400001, -3.662224392999969, 0.0 ], [ 128.105338209000024, -3.661962034999936, 0.0 ], [ 128.10523257400007, -3.661706612999973, 0.0 ], [ 128.105091615000106, -3.661479524999946, 0.0 ], [ 128.10489408400008, -3.661351668999945, 0.0 ], [ 128.104696503000014, -3.661273457999928, 0.0 ], [ 128.104407294000112, -3.66105331299997, 0.0 ], [ 128.104174707000084, -3.660684290999933, 0.0 ], [ 128.104033846000107, -3.66035791299993, 0.0 ], [ 128.104034170000091, -3.660031676999951, 0.0 ], [ 128.104069819000074, -3.659677107999923, 0.0 ], [ 128.104140749000067, -3.659336757999935, 0.0 ], [ 128.104247067000074, -3.658904246999958, 0.0 ], [ 128.104191086000014, -3.658407743999937, 0.0 ], [ 128.10408200300003, -3.658069952999939, 0.0 ], [ 128.103867054000034, -3.657712392999946, 0.0 ], [ 128.103796751000118, -3.657421546999954, 0.0 ], [ 128.103839444000073, -3.657081168999978, 0.0 ], [ 128.103825572000119, -3.656832931999926, 0.0 ], [ 128.103752529000076, -3.656705154999946, 0.0 ], [ 128.103335267000034, -3.656074980999954, 0.0 ], [ 128.102116917000103, -3.655583949999939, 0.0 ], [ 128.101560118000066, -3.655198541999936, 0.0 ], [ 128.101281910000012, -3.654813412999943, 0.0 ], [ 128.100968948000059, -3.654358274999933, 0.0 ], [ 128.10062430500011, -3.653600816999919, 0.0 ], [ 128.100586722000116, -3.653518217999923, 0.0 ], [ 128.10011698400001, -3.653132897999959, 0.0 ], [ 128.099577563000025, -3.65278248999993, 0.0 ], [ 128.09926164400008, -3.652668776999969, 0.0 ], [ 128.099189415000069, -3.652642778999968, 0.0 ], [ 128.099298268000098, -3.652567028999958, 0.0 ], [ 128.099746621, -3.65225502299995, 0.0 ], [ 128.100441742000044, -3.651771291999979, 0.0 ], [ 128.100691557000118, -3.651635490999973, 0.0 ], [ 128.100897536000048, -3.651523520999946, 0.0 ], [ 128.10114374200009, -3.651389681999948, 0.0 ], [ 128.1012442010001, -3.651335071999943, 0.0 ], [ 128.101588116000016, -3.651148116999931, 0.0 ], [ 128.101978457000087, -3.650935924999949, 0.0 ], [ 128.102055156000119, -3.650899788999933, 0.0 ], [ 128.102155269000036, -3.650852622999938, 0.0 ], [ 128.102170021, -3.650845672999932, 0.0 ], [ 128.10225570800003, -3.650805301999987, 0.0 ], [ 128.102306245000022, -3.650781491999961, 0.0 ], [ 128.102973917000099, -3.650466924999927, 0.0 ], [ 128.103170218000059, -3.650374439999957, 0.0 ], [ 128.103609197000083, -3.650167618999947, 0.0 ], [ 128.103867629000092, -3.650045859999982, 0.0 ], [ 128.104136751000055, -3.649919065999935, 0.0 ], [ 128.104371610000044, -3.649808413999948, 0.0 ], [ 128.104738918000066, -3.649635358999941, 0.0 ], [ 128.105132333000029, -3.649450003999957, 0.0 ], [ 128.105535283000108, -3.649260155999968, 0.0 ], [ 128.10574087100008, -3.649163293999945, 0.0 ], [ 128.106177464000098, -3.64895759499995, 0.0 ], [ 128.106559828000059, -3.648777445999941, 0.0 ], [ 128.106842183000026, -3.64864441499997, 0.0 ], [ 128.107078375000015, -3.648533133999931, 0.0 ], [ 128.107388118000017, -3.64838719899996, 0.0 ], [ 128.107749730000023, -3.648216825999947, 0.0 ], [ 128.108229817000051, -3.647990632999949, 0.0 ], [ 128.108695586000067, -3.647771185999945, 0.0 ], [ 128.108770842000013, -3.647749817999958, 0.0 ], [ 128.108936210000024, -3.647702861999953, 0.0 ], [ 128.10938382400002, -3.647575761999975, 0.0 ], [ 128.109534760000088, -3.647532903999939, 0.0 ], [ 128.109807885, -3.647455349999976, 0.0 ], [ 128.110858500000063, -3.647157027999987, 0.0 ], [ 128.111157627000011, -3.647072089999945, 0.0 ], [ 128.111454182000102, -3.646987882999944, 0.0 ], [ 128.111727829000074, -3.646910179999959, 0.0 ], [ 128.112136283000041, -3.646794198999949, 0.0 ], [ 128.112580429000104, -3.646668081999964, 0.0 ], [ 128.113103996000063, -3.646519412999966, 0.0 ], [ 128.114477657000066, -3.646129354999968, 0.0 ], [ 128.115105123000035, -3.645951181999969, 0.0 ], [ 128.115508894000072, -3.645836528999945, 0.0 ], [ 128.115675597000063, -3.645789191999937, 0.0 ], [ 128.115806498000097, -3.645752020999958, 0.0 ], [ 128.116156621000073, -3.64564115499997, 0.0 ], [ 128.116635464000069, -3.645489529999963, 0.0 ], [ 128.117157734000102, -3.645324151999946, 0.0 ], [ 128.119683679000133, -3.644524303999965, 0.0 ], [ 128.120891799000105, -3.644261917999932, 0.0 ], [ 128.121642836000092, -3.644098801999972, 0.0 ], [ 128.121824685000092, -3.644059306999964, 0.0 ], [ 128.122557883000013, -3.64400698499998, 0.0 ], [ 128.122659673000044, -3.643999720999941, 0.0 ], [ 128.123175201000095, -3.643962931999963, 0.0 ], [ 128.123431273000051, -3.643944658999948, 0.0 ], [ 128.123490856000103, -3.643940406999946, 0.0 ], [ 128.123979221000013, -3.643905555999931, 0.0 ], [ 128.124922586000025, -3.643838233999921, 0.0 ], [ 128.125268426000048, -3.643813552999978, 0.0 ], [ 128.126582240000062, -3.643767249999947, 0.0 ], [ 128.129904333000013, -3.643650157999958, 0.0 ], [ 128.129980022000041, -3.643647489999985, 0.0 ], [ 128.131140590000086, -3.643606581999954, 0.0 ], [ 128.13128701100004, -3.643601419999924, 0.0 ], [ 128.132671427000105, -3.64363897299995, 0.0 ], [ 128.133202378000078, -3.643653374999929, 0.0 ], [ 128.133716314000026, -3.643667313999977, 0.0 ], [ 128.134058002000074, -3.64367658199995, 0.0 ], [ 128.134720340000058, -3.643694545999949, 0.0 ], [ 128.135409153000069, -3.64371322799997, 0.0 ], [ 128.136823929000116, -3.643751597999935, 0.0 ], [ 128.13809385400009, -3.643786036999934, 0.0 ], [ 128.138199694000036, -3.643788906999924, 0.0 ], [ 128.139199541000039, -3.643816020999958, 0.0 ], [ 128.139540808000106, -3.643825274999926, 0.0 ], [ 128.140810717000022, -3.643859709999961, 0.0 ], [ 128.141752023000095, -3.643855740999917, 0.0 ], [ 128.142037643000094, -3.643854535999929, 0.0 ], [ 128.142298365000102, -3.643853435999965, 0.0 ], [ 128.142569132000062, -3.64385229399994, 0.0 ], [ 128.142843669000058, -3.643851135999966, 0.0 ], [ 128.143141453000112, -3.643849879999944, 0.0 ], [ 128.143451887000083, -3.643848569999935, 0.0 ], [ 128.143763327000102, -3.643847255999964, 0.0 ], [ 128.144151983000029, -3.643845615999963, 0.0 ], [ 128.144443933000048, -3.643844383999977, 0.0 ], [ 128.145347484000013, -3.643840569999954, 0.0 ], [ 128.145567647, -3.643839639999952, 0.0 ], [ 128.146077386000115, -3.643837487999977, 0.0 ], [ 128.146829147000062, -3.643834312999954, 0.0 ], [ 128.146963058000097, -3.643837570999946, 0.0 ], [ 128.147883737000029, -3.643859968999954, 0.0 ], [ 128.148610020000092, -3.64387763699995, 0.0 ], [ 128.148845706000088, -3.643883369999971, 0.0 ], [ 128.150530119000109, -3.643924342999972, 0.0 ], [ 128.150554801000112, -3.643924942999946, 0.0 ] ] ] ] } },
{ "type": "Feature", "properties": { "OBJECTID": 29119, "NAMOBJ": "Hunuth/Durian Patah", "FCODE": "BA03070040", "REMARK": "nama di Permendagri 2019 Hunuth/Durian Patah", "METADATA": "TASWIL1000020230928_DATA_BATAS_DESAKELURAHAN", "SRS_ID": "SRGI 2013", "KDBBPS": null, "KDCBPS": null, "KDCPUM": "81.71.04", "KDEBPS": null, "KDEPUM": "81.71.04.2001", "KDPBPS": null, "KDPKAB": "81.71", "KDPPUM": "81", "LUASWH": 201.57911972864923, "TIPADM": 1, "WADMKC": "Teluk Ambon", "WADMKD": "Hunuth/Durian Patah", "WADMKK": "Kota Ambon", "WADMPR": "Maluku", "WIADKC": null, "WIADKK": null, "WIADPR": null, "WIADKD": null, "UUPP": "Hasil Delineasi Batas Desa 2018", "Shape_Length": 0.085048394150047071, "Shape_Area": 0.00016408548793818935 }, "geometry": { "type": "MultiPolygon", "coordinates": [ [ [ [ 128.213239854000108, -3.632963642999925, 0.0 ], [ 128.21323716500001, -3.632962383999944, 0.0 ], [ 128.213190290000057, -3.632945013999977, 0.0 ], [ 128.213102725000141, -3.63293168899998, 0.0 ], [ 128.21306465400005, -3.632935495999951, 0.0 ], [ 128.21303419700007, -3.632933591999971, 0.0 ], [ 128.213008499000011, -3.632935494999967, 0.0 ], [ 128.212984705000054, -3.632934066999953, 0.0 ], [ 128.212937592000117, -3.632920742999945, 0.0 ], [ 128.212914273000024, -3.632908844999976, 0.0 ], [ 128.212889526000026, -3.63288980999993, 0.0 ], [ 128.212857165000059, -3.632853641999936, 0.0 ], [ 128.212834322000049, -3.632828895999973, 0.0 ], [ 128.2127962510001, -3.632792727999962, 0.0 ], [ 128.212751679, -3.632748251999937, 0.0 ], [ 128.212733756000034, -3.63273613799992, 0.0 ], [ 128.212717107000117, -3.63272356599992, 0.0 ], [ 128.212684220000028, -3.632706412999943, 0.0 ], [ 128.212667984000063, -3.632701832999945, 0.0 ], [ 128.212652055000035, -3.632703030999944, 0.0 ], [ 128.212634200000025, -3.632709190999954, 0.0 ], [ 128.212627548000114, -3.632711864999982, 0.0 ], [ 128.212607023000032, -3.632717811999958, 0.0 ], [ 128.21259211600011, -3.632721471999961, 0.0 ], [ 128.21257361500011, -3.632724758999927, 0.0 ], [ 128.212561995000101, -3.632727317999972, 0.0 ], [ 128.212554751000084, -3.632729139999973, 0.0 ], [ 128.212521530000117, -3.632736386999972, 0.0 ], [ 128.212518209000109, -3.632737626999927, 0.0 ], [ 128.212516967000056, -3.632737866999953, 0.0 ], [ 128.212515252000117, -3.63273810499993, 0.0 ], [ 128.212482392000084, -3.632746851999969, 0.0 ], [ 128.212471939000011, -3.632747925999973, 0.0 ], [ 128.21227637800007, -3.632820329999956, 0.0 ], [ 128.212095539000074, -3.632872677999956, 0.0 ], [ 128.211978946000045, -3.632913128999975, 0.0 ], [ 128.211913510000045, -3.632929784999929, 0.0 ], [ 128.211890906, -3.632941681999959, 0.0 ], [ 128.211875439000096, -3.632953579999934, 0.0 ], [ 128.211841456000116, -3.632992775999985, 0.0 ], [ 128.21183583200002, -3.633001525999924, 0.0 ], [ 128.211832474000062, -3.633007166999966, 0.0 ], [ 128.211819024000079, -3.633029660999965, 0.0 ], [ 128.211818947000097, -3.633029798999924, 0.0 ], [ 128.211804067000116, -3.633052371999955, 0.0 ], [ 128.211801754000021, -3.633057765999977, 0.0 ], [ 128.211796374000073, -3.633064113999978, 0.0 ], [ 128.211783299000103, -3.633084467999935, 0.0 ], [ 128.211773715000049, -3.633097575999948, 0.0 ], [ 128.211730014000068, -3.633169991999977, 0.0 ], [ 128.211700325000038, -3.633204494999965, 0.0 ], [ 128.211656217000041, -3.633245634999978, 0.0 ], [ 128.211530140000036, -3.633331318999974, 0.0 ], [ 128.211385944000114, -3.633432683999954, 0.0 ], [ 128.211250315000029, -3.633522627999972, 0.0 ], [ 128.211023314000045, -3.633645407999942, 0.0 ], [ 128.210899107000046, -3.633675388999957, 0.0 ], [ 128.210802477000016, -3.633681776999933, 0.0 ], [ 128.210764163000022, -3.63368089699998, 0.0 ], [ 128.210760393000101, -3.633680800999961, 0.0 ], [ 128.210756052000079, -3.633680314999943, 0.0 ], [ 128.21073965000005, -3.633678530999934, 0.0 ], [ 128.210591125000064, -3.633682318999946, 0.0 ], [ 128.210466917000076, -3.63366518699996, 0.0 ], [ 128.210356986000079, -3.633656620999944, 0.0 ], [ 128.210278464000112, -3.63365519299992, 0.0 ], [ 128.210212791000117, -3.633660903999957, 0.0 ], [ 128.210127115000091, -3.63367918899996, 0.0 ], [ 128.210104978000118, -3.633686189999937, 0.0 ], [ 128.210048132000111, -3.633714203999941, 0.0 ], [ 128.209924400000091, -3.633784635999975, 0.0 ], [ 128.209789247000117, -3.633876006999968, 0.0 ], [ 128.209686454, -3.633965474999973, 0.0 ], [ 128.209602697000037, -3.634045900999984, 0.0 ], [ 128.209376648000102, -3.634191047999926, 0.0 ], [ 128.209174394000115, -3.63433143599997, 0.0 ], [ 128.209038765000059, -3.634421855999958, 0.0 ], [ 128.208924551000109, -3.634500377999923, 0.0 ], [ 128.208845791000073, -3.634567002999975, 0.0 ], [ 128.208696997000061, -3.63473980199995, 0.0 ], [ 128.208666974000039, -3.634785317999956, 0.0 ], [ 128.20850160100008, -3.634974485999975, 0.0 ], [ 128.208301727000048, -3.635193395999973, 0.0 ], [ 128.208051883000053, -3.635514622999942, 0.0 ], [ 128.207918633000077, -3.635659769999963, 0.0 ], [ 128.207859147000022, -3.635719256999956, 0.0 ], [ 128.207797281000012, -3.635762086999935, 0.0 ], [ 128.207678010000109, -3.635821474999938, 0.0 ], [ 128.207479325, -3.635909514999975, 0.0 ], [ 128.20750131300008, -3.636009925999931, 0.0 ], [ 128.207515017000105, -3.636072507999929, 0.0 ], [ 128.207020089000025, -3.636275951999953, 0.0 ], [ 128.207012113000019, -3.636252142999986, 0.0 ], [ 128.206940377000024, -3.636038004999932, 0.0 ], [ 128.206853527000021, -3.63606536899994, 0.0 ], [ 128.206805938000144, -3.63608678399993, 0.0 ], [ 128.206797334000044, -3.636092143999967, 0.0 ], [ 128.206733364000144, -3.63613199399993, 0.0 ], [ 128.20666673900007, -3.636177203999982, 0.0 ], [ 128.206627478000087, -3.636210515999952, 0.0 ], [ 128.206588217000103, -3.636220033999961, 0.0 ], [ 128.206564423000032, -3.636214085999938, 0.0 ], [ 128.20654657700004, -3.636197428999934, 0.0 ], [ 128.206526351000093, -3.63616887599994, 0.0 ], [ 128.20649541800006, -3.636107009999924, 0.0 ], [ 128.206495113000074, -3.636106481999946, 0.0 ], [ 128.20647757200004, -3.636076076999929, 0.0 ], [ 128.206456157000048, -3.63606893799994, 0.0 ], [ 128.206434742000056, -3.636073696999976, 0.0 ], [ 128.206420465000065, -3.636080835999963, 0.0 ], [ 128.206387153000065, -3.636103440999932, 0.0 ], [ 128.206326477000061, -3.63614389199995, 0.0 ], [ 128.206232488000069, -3.636200998999923, 0.0 ], [ 128.206206314000042, -3.636227172999946, 0.0 ], [ 128.206189658000085, -3.636253346999983, 0.0 ], [ 128.206190847000016, -3.636275951999953, 0.0 ], [ 128.206190847000016, -3.636302125999968, 0.0 ], [ 128.206195606000051, -3.636343765999926, 0.0 ], [ 128.206189353000042, -3.63636940299995, 0.0 ], [ 128.206183709000015, -3.636392544999976, 0.0 ], [ 128.206166101, -3.636428950999977, 0.0 ], [ 128.206118512000103, -3.636493671999967, 0.0 ], [ 128.206049983000071, -3.636550778999948, 0.0 ], [ 128.205955412000094, -3.63662433399998, 0.0 ], [ 128.205930058000035, -3.636644053999936, 0.0 ], [ 128.205861530000107, -3.636718292999946, 0.0 ], [ 128.205794905000062, -3.636824892999928, 0.0 ], [ 128.205783566000036, -3.636852106999925, 0.0 ], [ 128.205756834000113, -3.636916264999963, 0.0 ], [ 128.205686402000083, -3.637005731999977, 0.0 ], [ 128.205652411000074, -3.63702789999997, 0.0 ], [ 128.205598837000025, -3.637062838999953, 0.0 ], [ 128.205558862000089, -3.637106620999923, 0.0 ], [ 128.205549107000024, -3.637148975999942, 0.0 ], [ 128.205528405000109, -3.637207510999927, 0.0 ], [ 128.205494141000031, -3.637257002999953, 0.0 ], [ 128.205472004000057, -3.637275977999941, 0.0 ], [ 128.205440841000041, -3.63730268899997, 0.0 ], [ 128.205258099000048, -3.637413095999932, 0.0 ], [ 128.205257651000011, -3.63741322799995, 0.0 ], [ 128.205178843000112, -3.637436469999956, 0.0 ], [ 128.205151499000067, -3.637424516999949, 0.0 ], [ 128.205132463000041, -3.637405481999955, 0.0 ], [ 128.205098199000076, -3.637357892999948, 0.0 ], [ 128.205084874000022, -3.637329338999966, 0.0 ], [ 128.205046802000084, -3.637289363999972, 0.0 ], [ 128.204921167000066, -3.637354084999969, 0.0 ], [ 128.204778224000052, -3.63747554199995, 0.0 ], [ 128.204736521000086, -3.637508273999972, 0.0 ], [ 128.204683221000096, -3.637572995999964, 0.0 ], [ 128.204637535000074, -3.637626295999954, 0.0 ], [ 128.204582332000086, -3.63768149899993, 0.0 ], [ 128.204561392000073, -3.637725280999971, 0.0 ], [ 128.20443965100003, -3.637860210999978, 0.0 ], [ 128.204332964000059, -3.637978455999926, 0.0 ], [ 128.204312025000036, -3.637927059999917, 0.0 ], [ 128.204245400000104, -3.637951805999931, 0.0 ], [ 128.204230210000105, -3.637957623999962, 0.0 ], [ 128.203976997000041, -3.638054598999923, 0.0 ], [ 128.203841843000077, -3.638081248999925, 0.0 ], [ 128.203720015000044, -3.638090766999932, 0.0 ], [ 128.203626740000118, -3.638083151999971, 0.0 ], [ 128.203533465000078, -3.638073633999965, 0.0 ], [ 128.203485876000059, -3.638073633999961, 0.0 ], [ 128.203415444000029, -3.638098380999964, 0.0 ], [ 128.20335453000007, -3.638140258999951, 0.0 ], [ 128.203287905000025, -3.638176426999963, 0.0 ], [ 128.203226991000065, -3.638185944999975, 0.0 ], [ 128.203156559000035, -3.638180233999945, 0.0 ], [ 128.203122294000082, -3.638180233999949, 0.0 ], [ 128.203078512000047, -3.638195462999925, 0.0 ], [ 128.203072955000039, -3.638200164999939, 0.0 ], [ 128.20302901900007, -3.63823734099998, 0.0 ], [ 128.202920516000063, -3.638307772999947, 0.0 ], [ 128.202863751000109, -3.638328122999946, 0.0 ], [ 128.202819627000054, -3.638343940999953, 0.0 ], [ 128.202713027000073, -3.638366783999965, 0.0 ], [ 128.202598813, -3.638395337999957, 0.0 ], [ 128.20249031000003, -3.638402951999973, 0.0 ], [ 128.202393228000119, -3.638389626999976, 0.0 ], [ 128.202315181000017, -3.638372494999943, 0.0 ], [ 128.202178124000056, -3.638311579999934, 0.0 ], [ 128.202031549000026, -3.638237340999978, 0.0 ], [ 128.201886878000096, -3.638187848999966, 0.0 ], [ 128.201734593000083, -3.638172619999982, 0.0 ], [ 128.201605150000091, -3.638176426999955, 0.0 ], [ 128.201471900000115, -3.63818404099993, 0.0 ], [ 128.201393854000116, -3.638201172999974, 0.0 ], [ 128.201310097000032, -3.638237340999985, 0.0 ], [ 128.201253718000089, -3.638266536999933, 0.0 ], [ 128.201027276000104, -3.638021805999923, 0.0 ], [ 128.200891442000056, -3.637880211999968, 0.0 ], [ 128.20085753, -3.63779237099993, 0.0 ], [ 128.200770197000111, -3.637714237999939, 0.0 ], [ 128.200668301000064, -3.637631214999938, 0.0 ], [ 128.200556712000093, -3.637528668999944, 0.0 ], [ 128.200508267000032, -3.637401788999963, 0.0 ], [ 128.200454910000076, -3.637338321999943, 0.0 ], [ 128.200372403000074, -3.637294341999957, 0.0 ], [ 128.200231633000044, -3.637245433999956, 0.0 ], [ 128.200115140000094, -3.637196545999932, 0.0 ], [ 128.200013223000042, -3.637137913999943, 0.0 ], [ 128.199867636000022, -3.637045095999952, 0.0 ], [ 128.199785116000044, -3.637015751999971, 0.0 ], [ 128.199707489000048, -3.636942505999973, 0.0 ], [ 128.199610454000094, -3.636854608999954, 0.0 ], [ 128.199576498000056, -3.63681555099992, 0.0 ], [ 128.199518265000052, -3.636776471999946, 0.0 ], [ 128.199445422000053, -3.636786163999942, 0.0 ], [ 128.199377391000098, -3.636844643999945, 0.0 ], [ 128.199280283, -3.63683967899994, 0.0 ], [ 128.199202606000085, -3.636824974999972, 0.0 ], [ 128.199115234000033, -3.636790748999944, 0.0 ], [ 128.199061887000084, -3.63671752499994, 0.0 ], [ 128.199008552, -3.636629665999981, 0.0 ], [ 128.198989198000049, -3.636551594999951, 0.0 ], [ 128.199013584000113, -3.636429656999956, 0.0 ], [ 128.199125389000073, -3.636288282999937, 0.0 ], [ 128.19920314400008, -3.636215175999948, 0.0 ], [ 128.199237219000111, -3.636117637999969, 0.0 ], [ 128.199222730000088, -3.636029813999919, 0.0 ], [ 128.199183958000049, -3.635946846999961, 0.0 ], [ 128.199091809000038, -3.635824804999969, 0.0 ], [ 128.199067673000059, -3.635663795999962, 0.0 ], [ 128.198994894000066, -3.635600311999952, 0.0 ], [ 128.198596921000103, -3.635385308999957, 0.0 ], [ 128.198402907000059, -3.635146094999917, 0.0 ], [ 128.198369038000038, -3.635009468999947, 0.0 ], [ 128.198340038000083, -3.634858212999981, 0.0 ], [ 128.198311059000048, -3.634682564999933, 0.0 ], [ 128.198316078000062, -3.63449718999994, 0.0 ], [ 128.198301675000039, -3.634311797999942, 0.0 ], [ 128.198238853000021, -3.633970254999956, 0.0 ], [ 128.198166109000113, -3.633867743999925, 0.0 ], [ 128.198030255000049, -3.633750540999924, 0.0 ], [ 128.197826418000091, -3.633638155999964, 0.0 ], [ 128.196538732000022, -3.634263936999964, 0.0 ], [ 128.196315271000117, -3.634342289999952, 0.0 ], [ 128.195982087000061, -3.63446565799995, 0.0 ], [ 128.195646618000069, -3.634651620999926, 0.0 ], [ 128.195330585000079, -3.634821930999975, 0.0 ], [ 128.195139976000064, -3.634880669999971, 0.0 ], [ 128.195022668000092, -3.634916817999964, 0.0 ], [ 128.19480700500003, -3.63494288599998, 0.0 ], [ 128.194631916000048, -3.634964048999956, 0.0 ], [ 128.194603568000048, -3.634964973999958, 0.0 ], [ 128.19427671400004, -3.634975626999959, 0.0 ], [ 128.194016177000094, -3.635046764999972, 0.0 ], [ 128.193791169000065, -3.635106038999928, 0.0 ], [ 128.193589842000051, -3.635165333999957, 0.0 ], [ 128.19330561400011, -3.635248346999965, 0.0 ], [ 128.192583392000074, -3.635247698999932, 0.0 ], [ 128.192145507000077, -3.635235415999938, 0.0 ], [ 128.191624386000058, -3.635234942999942, 0.0 ], [ 128.191387484000074, -3.635353680999965, 0.0 ], [ 128.190367233000075, -3.635823925999947, 0.0 ], [ 128.1902224050001, -3.635760937999973, 0.0 ], [ 128.190100668000014, -3.635651655999933, 0.0 ], [ 128.189962452000032, -3.635558899999977, 0.0 ], [ 128.189886809000086, -3.635456275999962, 0.0 ], [ 128.189834265000059, -3.635297432999948, 0.0 ], [ 128.189748826000027, -3.63510216899993, 0.0 ], [ 128.189711590000115, -3.634990028999936, 0.0 ], [ 128.189620595000065, -3.634890324999955, 0.0 ], [ 128.189495597000018, -3.634744648999964, 0.0 ], [ 128.189396920000036, -3.634625462999959, 0.0 ], [ 128.189317992000042, -3.63451291099995, 0.0 ], [ 128.189219309, -3.634400341999936, 0.0 ], [ 128.189202010000031, -3.634271432999976, 0.0 ], [ 128.18916906700008, -3.634025951999944, 0.0 ], [ 128.189097953000129, -3.633864294999971, 0.0 ], [ 128.189032200000042, -3.633748445999962, 0.0 ], [ 128.188933486000138, -3.633668958999977, 0.0 ], [ 128.188824862000047, -3.633625853999944, 0.0 ], [ 128.188749124000083, -3.633629093999953, 0.0 ], [ 128.18864699400001, -3.633688550999979, 0.0 ], [ 128.18854817700003, -3.633724851999936, 0.0 ], [ 128.188455960000056, -3.633744618999974, 0.0 ], [ 128.188245199000107, -3.633767585999977, 0.0 ], [ 128.188044323000099, -3.633783946999922, 0.0 ], [ 128.187935669000012, -3.633773922999984, 0.0 ], [ 128.18785996400004, -3.633740772999937, 0.0 ], [ 128.187807326000097, -3.633687792999979, 0.0 ], [ 128.187771200000043, -3.633581895999952, 0.0 ], [ 128.187761422000108, -3.633469405999961, 0.0 ], [ 128.187778025000057, -3.633313933999943, 0.0 ], [ 128.187791312000058, -3.633184923999972, 0.0 ], [ 128.187798015000112, -3.633052599999929, 0.0 ], [ 128.187748747000114, -3.632913607999961, 0.0 ], [ 128.18767639500004, -3.632814294999945, 0.0 ], [ 128.187623792000068, -3.632721616999958, 0.0 ], [ 128.187511938000057, -3.632609034999967, 0.0 ], [ 128.187459321000119, -3.632532896999979, 0.0 ], [ 128.18741662900004, -3.632403836999971, 0.0 ], [ 128.187413408000111, -3.632324435999982, 0.0 ], [ 128.18744970900002, -3.632235146999954, 0.0 ], [ 128.187518949000037, -3.63213265299993, 0.0 ], [ 128.187723298000037, -3.631914491999966, 0.0 ], [ 128.187911110000073, -3.631779023999973, 0.0 ], [ 128.188066002000028, -3.631633599999933, 0.0 ], [ 128.18817148100004, -3.631511288999946, 0.0 ], [ 128.188237470000104, -3.631362476999922, 0.0 ], [ 128.188247493000091, -3.631200381999969, 0.0 ], [ 128.188224535000018, -3.631097805999958, 0.0 ], [ 128.188214796000011, -3.630942308999975, 0.0 ], [ 128.188109568000073, -3.630783417999959, 0.0 ], [ 128.188010840000061, -3.630720471999951, 0.0 ], [ 128.18782976600005, -3.630687225999958, 0.0 ], [ 128.187418162000085, -3.630690162999945, 0.0 ], [ 128.1873589060001, -3.630673567999969, 0.0 ], [ 128.187312833000107, -3.630643751999976, 0.0 ], [ 128.187293118000071, -3.630597418999975, 0.0 ], [ 128.187289917000044, -3.630494859999936, 0.0 ], [ 128.18730645200003, -3.63041547699993, 0.0 ], [ 128.187316413000076, -3.630322854999982, 0.0 ], [ 128.187316478000071, -3.630250072999957, 0.0 ], [ 128.187300068000013, -3.630190509999978, 0.0 ], [ 128.187273770000047, -3.630140861999962, 0.0 ], [ 128.186844264000115, -3.629285425999968, 0.0 ], [ 128.186713678000046, -3.629238547999933, 0.0 ], [ 128.186411629000077, -3.629130118999973, 0.0 ], [ 128.186737081000047, -3.628562096999933, 0.0 ], [ 128.186880734000056, -3.628184597999961, 0.0 ], [ 128.187111681000033, -3.627845995999964, 0.0 ], [ 128.187147676000109, -3.627793222999976, 0.0 ], [ 128.187264966000043, -3.627775518999953, 0.0 ], [ 128.187291457000015, -3.627783847999973, 0.0 ], [ 128.187577563000104, -3.627781255999932, 0.0 ], [ 128.187724407000019, -3.627779596999979, 0.0 ], [ 128.187816927000085, -3.627782629999958, 0.0 ], [ 128.187899153000103, -3.627788601999954, 0.0 ], [ 128.187962938000055, -3.627795768999936, 0.0 ], [ 128.188006427000118, -3.627805207999923, 0.0 ], [ 128.188081669000098, -3.627827419999956, 0.0 ], [ 128.188251616000116, -3.627887511999978, 0.0 ], [ 128.188426632000073, -3.627957694999961, 0.0 ], [ 128.188666421000107, -3.628067186999939, 0.0 ], [ 128.18873562400006, -3.628098385999971, 0.0 ], [ 128.188871040000095, -3.628159586999971, 0.0 ], [ 128.188927757000101, -3.628197621999967, 0.0 ], [ 128.188974998000049, -3.628229298999939, 0.0 ], [ 128.189070583000102, -3.628278793999923, 0.0 ], [ 128.189209924000011, -3.628350971999959, 0.0 ], [ 128.189209832000074, -3.628455000999963, 0.0 ], [ 128.189268251000044, -3.628572651999952, 0.0 ], [ 128.189354729000115, -3.628683130999943, 0.0 ], [ 128.189385167000069, -3.628722016999967, 0.0 ], [ 128.189515633000042, -3.628821640999944, 0.0 ], [ 128.190015012000117, -3.629192977999928, 0.0 ], [ 128.190132894000072, -3.629364832999959, 0.0 ], [ 128.190145398000027, -3.629383061999935, 0.0 ], [ 128.190210200000024, -3.629596044999972, 0.0 ], [ 128.19024863900006, -3.629722381999952, 0.0 ], [ 128.190279983000096, -3.629912376999928, 0.0 ], [ 128.190338323000105, -3.630120487999934, 0.0 ], [ 128.190423766000094, -3.630224594999956, 0.0 ], [ 128.190540619000103, -3.630310548999939, 0.0 ], [ 128.190540739000085, -3.630310636999975, 0.0 ], [ 128.19056660900003, -3.630308118999951, 0.0 ], [ 128.190633503000072, -3.630290868999957, 0.0 ], [ 128.190705606000051, -3.630272276999954, 0.0 ], [ 128.190759077000052, -3.630253835999948, 0.0 ], [ 128.190841208000052, -3.630225512999967, 0.0 ], [ 128.190973642000017, -3.630168659999926, 0.0 ], [ 128.191097176000085, -3.630095270999953, 0.0 ], [ 128.191211477000024, -3.630007346999951, 0.0 ], [ 128.191299104000109, -3.629893517999962, 0.0 ], [ 128.191371344000117, -3.629769135999943, 0.0 ], [ 128.191471468000032, -3.629665250999951, 0.0 ], [ 128.191582376000042, -3.629574907999944, 0.0 ], [ 128.191715205000037, -3.629519076999935, 0.0 ], [ 128.191849579000063, -3.629467019999927, 0.0 ], [ 128.191982300000063, -3.629410800999953, 0.0 ], [ 128.192119052000066, -3.62936778299996, 0.0 ], [ 128.192259303000014, -3.629338146999945, 0.0 ], [ 128.19235543700006, -3.629363503999976, 0.0 ], [ 128.192393959000015, -3.629373664999946, 0.0 ], [ 128.192522143000019, -3.629438331999951, 0.0 ], [ 128.192645158000118, -3.629513, 0.0 ], [ 128.19276767000008, -3.629587549999943, 0.0 ], [ 128.192908373000023, -3.629616740999947, 0.0 ], [ 128.193048719000103, -3.629643063999934, 0.0 ], [ 128.193179032000103, -3.629703200999928, 0.0 ], [ 128.193305105000036, -3.629772344999938, 0.0 ], [ 128.19343158300012, -3.629841, 0.0 ], [ 128.193557692000013, -3.629910586999923, 0.0 ], [ 128.193577600000026, -3.629922334999952, 0.0 ], [ 128.193681861000073, -3.629983861999956, 0.0 ], [ 128.193794149000041, -3.630074024999942, 0.0 ], [ 128.193892908000066, -3.630178875999947, 0.0 ], [ 128.19400466400009, -3.630269264999927, 0.0 ], [ 128.194125808000081, -3.630343821999932, 0.0 ], [ 128.194265284000039, -3.63037637699994, 0.0 ], [ 128.194408893000059, -3.630377445999953, 0.0 ], [ 128.194438842000068, -3.630372182999962, 0.0 ], [ 128.194550248000041, -3.630352605999982, 0.0 ], [ 128.194614182, -3.630332726999932, 0.0 ], [ 128.19468770200001, -3.630309867999928, 0.0 ], [ 128.194728073000078, -3.630295076999977, 0.0 ], [ 128.194822848000058, -3.630260352999923, 0.0 ], [ 128.194964518000035, -3.63025559499994, 0.0 ], [ 128.195003548000045, -3.630264845999935, 0.0 ], [ 128.195103931000062, -3.63028863799996, 0.0 ], [ 128.195223711000068, -3.630368024999932, 0.0 ], [ 128.195332240000084, -3.630462435999955, 0.0 ], [ 128.195454932000075, -3.630537057999961, 0.0 ], [ 128.195589752000046, -3.630581494999952, 0.0 ], [ 128.195628360000114, -3.630583491999979, 0.0 ], [ 128.19573304100004, -3.630588904999961, 0.0 ], [ 128.195876619000046, -3.630595591999964, 0.0 ], [ 128.19601982800009, -3.630611215999984, 0.0 ], [ 128.196152039000026, -3.630663212999933, 0.0 ], [ 128.196279790000062, -3.63072961699993, 0.0 ], [ 128.196389681000028, -3.63082211099993, 0.0 ], [ 128.196480268000073, -3.63093394699996, 0.0 ], [ 128.196549810000079, -3.631060255999957, 0.0 ], [ 128.196603003000064, -3.631194663999961, 0.0 ], [ 128.196652332000099, -3.631330462999924, 0.0 ], [ 128.196694735000051, -3.631468533999963, 0.0 ], [ 128.196729744000095, -3.63160891499995, 0.0 ], [ 128.196772858000031, -3.631746806999959, 0.0 ], [ 128.196821295000063, -3.631883092999947, 0.0 ], [ 128.196857412000099, -3.63202286799998, 0.0 ], [ 128.196885848000079, -3.632164138999937, 0.0 ], [ 128.19687727400003, -3.632308515999962, 0.0 ], [ 128.196852037000099, -3.63245055199997, 0.0 ], [ 128.196803440000053, -3.632586588999971, 0.0 ], [ 128.196751585000015, -3.63272146499998, 0.0 ], [ 128.196912153000085, -3.632612354999936, 0.0 ], [ 128.196912454000085, -3.63261215099994, 0.0 ], [ 128.197048256000016, -3.632564282999961, 0.0 ], [ 128.197180699000114, -3.632507355999968, 0.0 ], [ 128.197313905000101, -3.632452248999926, 0.0 ], [ 128.197445988000027, -3.632394616999925, 0.0 ], [ 128.197570557000063, -3.632322539999955, 0.0 ], [ 128.197686323000084, -3.632236569999971, 0.0 ], [ 128.197794130000034, -3.632140650999932, 0.0 ], [ 128.197897952000062, -3.632040322999962, 0.0 ], [ 128.197998778000056, -3.631937034999959, 0.0 ], [ 128.198088358000064, -3.631823911999952, 0.0 ], [ 128.198172116000023, -3.631706459999973, 0.0 ], [ 128.198247866000088, -3.631583410999954, 0.0 ], [ 128.198322445000031, -3.631459672999939, 0.0 ], [ 128.198402676000114, -3.631339467999965, 0.0 ], [ 128.198476131, -3.631215312999921, 0.0 ], [ 128.198538102000043, -3.631084886999932, 0.0 ], [ 128.198592621000103, -3.630951315999943, 0.0 ], [ 128.198640704000013, -3.63081559599993, 0.0 ], [ 128.198686960000032, -3.630679122999937, 0.0 ], [ 128.198732190000101, -3.63054215099993, 0.0 ], [ 128.198775314000045, -3.630404128999946, 0.0 ], [ 128.198817628000029, -3.630265824999983, 0.0 ], [ 128.198874234000073, -3.630133548999941, 0.0 ], [ 128.198950497000055, -3.630010761999928, 0.0 ], [ 128.199337720000017, -3.630015457999948, 0.0 ], [ 128.199464186000114, -3.629989481999934, 0.0 ], [ 128.19968381700005, -3.629944371999959, 0.0 ], [ 128.199735692000104, -3.629933716999967, 0.0 ], [ 128.199842024000077, -3.629911875999942, 0.0 ], [ 128.200220184000045, -3.629912211999961, 0.0 ], [ 128.200645888000054, -3.629964214999978, 0.0 ], [ 128.200742350000041, -3.62997599799996, 0.0 ], [ 128.201500483000018, -3.630169978999958, 0.0 ], [ 128.201647030000117, -3.630207474999958, 0.0 ], [ 128.201936716000091, -3.630296752999931, 0.0 ], [ 128.202191614000071, -3.630375309999977, 0.0 ], [ 128.202421120000054, -3.63047954299997, 0.0 ], [ 128.202509535000104, -3.630497608999967, 0.0 ], [ 128.202584849000118, -3.630512997999972, 0.0 ], [ 128.20260250900003, -3.630516605999956, 0.0 ], [ 128.20274133700002, -3.63013846699993, 0.0 ], [ 128.20273936000001, -3.630130791999933, 0.0 ], [ 128.202734951000025, -3.630103723999978, 0.0 ], [ 128.202727978000098, -3.630060909999934, 0.0 ], [ 128.202736843000025, -3.630023203999943, 0.0 ], [ 128.202741902000071, -3.630001698999934, 0.0 ], [ 128.202746703000116, -3.629981284999935, 0.0 ], [ 128.202761469000052, -3.629940951999973, 0.0 ], [ 128.202793843000109, -3.629852482999986, 0.0 ], [ 128.202817806000098, -3.629787010999955, 0.0 ], [ 128.202846451000028, -3.629761453999944, 0.0 ], [ 128.202883216000032, -3.629728648999965, 0.0 ], [ 128.202972249000027, -3.629649191999932, 0.0 ], [ 128.20304822300011, -3.629581388999957, 0.0 ], [ 128.203107553000109, -3.62953593999992, 0.0 ], [ 128.203156819000014, -3.62949818899994, 0.0 ], [ 128.203195310000069, -3.629483599999951, 0.0 ], [ 128.20328204000009, -3.629450725999963, 0.0 ], [ 128.203383963000078, -3.629358935999957, 0.0 ], [ 128.203398247000109, -3.629304543999984, 0.0 ], [ 128.203398625000091, -3.629303105999951, 0.0 ], [ 128.203409827000087, -3.629260446999984, 0.0 ], [ 128.203511489000107, -3.629204627999967, 0.0 ], [ 128.203659034000111, -3.629074446999938, 0.0 ], [ 128.205033280000066, -3.627861916999954, 0.0 ], [ 128.205603358000076, -3.62735892199993, 0.0 ], [ 128.205611661000034, -3.627351595999922, 0.0 ], [ 128.205902357000014, -3.627095106999941, 0.0 ], [ 128.206116219000023, -3.626906409999941, 0.0 ], [ 128.206668438000065, -3.626419170999948, 0.0 ], [ 128.207171816000027, -3.625975023999959, 0.0 ], [ 128.207313821000071, -3.625849728999984, 0.0 ], [ 128.207571177000091, -3.62562265499998, 0.0 ], [ 128.207635873000072, -3.625565570999933, 0.0 ], [ 128.207652444000018, -3.625587014999958, 0.0 ], [ 128.207675111000071, -3.625659350999966, 0.0 ], [ 128.207985543000063, -3.625897502999977, 0.0 ], [ 128.208129438000014, -3.625964235999964, 0.0 ], [ 128.208250632000045, -3.626000498999927, 0.0 ], [ 128.208365897000022, -3.625981902999968, 0.0 ], [ 128.20846003500003, -3.625972029999956, 0.0 ], [ 128.208554161000052, -3.625977089999935, 0.0 ], [ 128.208668103000036, -3.625982167999947, 0.0 ], [ 128.208786979000024, -3.626012136999981, 0.0 ], [ 128.208950403000017, -3.626086941999967, 0.0 ], [ 128.209044468000116, -3.626161687999969, 0.0 ], [ 128.209074090000058, -3.626281173999931, 0.0 ], [ 128.209083916000054, -3.626375753999976, 0.0 ], [ 128.209093733000032, -3.626480289999956, 0.0 ], [ 128.209153102000073, -3.626574913999942, 0.0 ], [ 128.209247128000015, -3.626694456999932, 0.0 ], [ 128.209311459000105, -3.626779129999933, 0.0 ], [ 128.209346052000114, -3.626878709999974, 0.0 ], [ 128.209370728000067, -3.626988235999922, 0.0 ], [ 128.209405299000082, -3.627112703999955, 0.0 ], [ 128.209425017000058, -3.627227203999953, 0.0 ], [ 128.209459601000049, -3.627336738999929, 0.0 ], [ 128.209395089000054, -3.627461119999961, 0.0 ], [ 128.209325608000086, -3.627600427999939, 0.0 ], [ 128.209345352000014, -3.627685062999948, 0.0 ], [ 128.20942453300006, -3.627784681999964, 0.0 ], [ 128.209563130000106, -3.627924172999943, 0.0 ], [ 128.209652266000035, -3.627969048999944, 0.0 ], [ 128.209825634000026, -3.628004042999976, 0.0 ], [ 128.209969268, -3.628048966999928, 0.0 ], [ 128.210098043000016, -3.628088899999971, 0.0 ], [ 128.21017229600011, -3.628158648999949, 0.0 ], [ 128.21023660600008, -3.628268210999983, 0.0 ], [ 128.210246437000023, -3.628357813999964, 0.0 ], [ 128.210251287000119, -3.628477277999931, 0.0 ], [ 128.210221475000026, -3.628576800999953, 0.0 ], [ 128.21024125800011, -3.628616637999932, 0.0 ], [ 128.210335384000018, -3.628621697999962, 0.0 ], [ 128.210399780000103, -3.62863170999998, 0.0 ], [ 128.210533700000042, -3.628452637999936, 0.0 ], [ 128.210637803000054, -3.628378066999974, 0.0 ], [ 128.210756734000029, -3.628343327999968, 0.0 ], [ 128.210845920000111, -3.628333450999946, 0.0 ], [ 128.21097963200009, -3.628393298999923, 0.0 ], [ 128.211063811000031, -3.628443146999921, 0.0 ], [ 128.211118221000106, -3.628542744999948, 0.0 ], [ 128.211172683000086, -3.628582611999947, 0.0 ], [ 128.211237049000033, -3.628627465999954, 0.0 ], [ 128.211271676000024, -3.628687225999947, 0.0 ], [ 128.211266649000095, -3.62877183899997, 0.0 ], [ 128.211217037000097, -3.628851434999949, 0.0 ], [ 128.211146455000062, -3.62895031799997, 0.0 ], [ 128.211088077000113, -3.629025534999923, 0.0 ], [ 128.211033503000067, -3.629115080999954, 0.0 ], [ 128.210959020000018, -3.62930913899993, 0.0 ], [ 128.210949013000118, -3.629423611999921, 0.0 ], [ 128.210958869000024, -3.62948334999993, 0.0 ], [ 128.211003406000032, -3.629543119999941, 0.0 ], [ 128.211117232000106, -3.629682588999976, 0.0 ], [ 128.211260802000083, -3.629802173999956, 0.0 ], [ 128.211335072000139, -3.629852013999929, 0.0 ], [ 128.211399473000029, -3.629857047999954, 0.0 ], [ 128.211458958000094, -3.629817279999938, 0.0 ], [ 128.211513489000026, -3.629777507999965, 0.0 ], [ 128.211548212000025, -3.629727762999948, 0.0 ], [ 128.211568089000025, -3.629658095999954, 0.0 ], [ 128.211622655000042, -3.629578503999936, 0.0 ], [ 128.211692091000032, -3.62948896999995, 0.0 ], [ 128.211811045000104, -3.629429343999954, 0.0 ], [ 128.211895297000069, -3.629394574999941, 0.0 ], [ 128.212019153000028, -3.629394683999976, 0.0 ], [ 128.212138025000058, -3.629429629999942, 0.0 ], [ 128.212341092000088, -3.629494514999972, 0.0 ], [ 128.212613403000091, -3.629693852999942, 0.0 ], [ 128.212880754000025, -3.629898162999951, 0.0 ], [ 128.213034285000049, -3.629958027999968, 0.0 ], [ 128.213128420000089, -3.629953131999969, 0.0 ], [ 128.213187879000088, -3.62994322999998, 0.0 ], [ 128.213242427000068, -3.629883546999957, 0.0 ], [ 128.213282139000057, -3.629793986999971, 0.0 ], [ 128.213242578000063, -3.629709334999965, 0.0 ], [ 128.213183196000045, -3.62962964299993, 0.0 ], [ 128.213163448000074, -3.629549985999975, 0.0 ], [ 128.213173425000036, -3.629470354999971, 0.0 ], [ 128.213203202000045, -3.629410650999937, 0.0 ], [ 128.21324288400001, -3.629355932999937, 0.0 ], [ 128.213317223000104, -3.629326133999946, 0.0 ], [ 128.213366761000088, -3.629331153999934, 0.0 ], [ 128.213401407000106, -3.629371003999951, 0.0 ], [ 128.213410307000117, -3.629409908999949, 0.0 ], [ 128.213401312000087, -3.62948050899996, 0.0 ], [ 128.213406210000016, -3.629545220999949, 0.0 ], [ 128.213416075000055, -3.629595003999956, 0.0 ], [ 128.213460633000068, -3.629629885999981, 0.0 ], [ 128.213524995000057, -3.629679715999943, 0.0 ], [ 128.21366862900004, -3.629724639999957, 0.0 ], [ 128.213757771000019, -3.629764537999963, 0.0 ], [ 128.213812251000036, -3.629784494999974, 0.0 ], [ 128.213886555000045, -3.629794514999952, 0.0 ], [ 128.213990586000023, -3.629804560999953, 0.0 ], [ 128.214050002000022, -3.629844431999973, 0.0 ], [ 128.214084618000015, -3.62991912499995, 0.0 ], [ 128.214089503000082, -3.629998768999944, 0.0 ], [ 128.214099308000073, -3.630118236999979, 0.0 ], [ 128.214069454000082, -3.630267535999956, 0.0 ], [ 128.214039607000018, -3.630406879999949, 0.0 ], [ 128.21402468000008, -3.630481528999955, 0.0 ], [ 128.214074180000011, -3.630531347999976, 0.0 ], [ 128.214123710000081, -3.63054632299997, 0.0 ], [ 128.214207923000146, -3.630556350999945, 0.0 ], [ 128.214297086000101, -3.630571361999961, 0.0 ], [ 128.214416005000089, -3.63055155499995, 0.0 ], [ 128.21454970100001, -3.63063131199993, 0.0 ], [ 128.214579362000109, -3.630706, 0.0 ], [ 128.214594143000113, -3.63080058499998, 0.0 ], [ 128.21461385300006, -3.630925039999967, 0.0 ], [ 128.214608808000094, -3.63102956299997, 0.0 ], [ 128.214588914000046, -3.631119139999959, 0.0 ], [ 128.214559141000109, -3.631173865999923, 0.0 ], [ 128.214469921000045, -3.631223563999927, 0.0 ], [ 128.21441040600007, -3.631298174999932, 0.0 ], [ 128.214345906000062, -3.631407622999971, 0.0 ], [ 128.214326016000086, -3.631492222999945, 0.0 ], [ 128.214291228000121, -3.631616629999937, 0.0 ], [ 128.214286167000068, -3.63174106299993, 0.0 ], [ 128.21424150900009, -3.631820663999976, 0.0 ], [ 128.214132516000063, -3.631820568999961, 0.0 ], [ 128.213978981000082, -3.631765681999976, 0.0 ], [ 128.213865081000108, -3.631710830999966, 0.0 ], [ 128.213775917000021, -3.631695819999946, 0.0 ], [ 128.213696628000093, -3.63172063799993, 0.0 ], [ 128.213597491000087, -3.631780281999965, 0.0 ], [ 128.21353797200004, -3.631859869999975, 0.0 ], [ 128.213463507000029, -3.632034015999982, 0.0 ], [ 128.213393945, -3.632267897999951, 0.0 ], [ 128.213274599000101, -3.632780474999944, 0.0 ], [ 128.213239854000108, -3.632963642999925, 0.0 ] ] ] ] } },
{ "type": "Feature", "properties": { "OBJECTID": 29173, "NAMOBJ": "Tihu", "FCODE": "BA03070040", "REMARK": "", "METADATA": "TASWIL1000020230928_DATA_BATAS_DESAKELURAHAN", "SRS_ID": "SRGI 2013", "KDBBPS": null, "KDCBPS": null, "KDCPUM": "81.71.04", "KDEBPS": null, "KDEPUM": "81.71.04.1008", "KDPBPS": null, "KDPKAB": "81.71", "KDPPUM": "81", "LUASWH": 36.334507479874837, "TIPADM": 2, "WADMKC": "Teluk Ambon", "WADMKD": "Tihu", "WADMKK": "Kota Ambon", "WADMPR": "Maluku", "WIADKC": null, "WIADKK": null, "WIADPR": null, "WIADKD": null, "UUPP": "Hasil Delineasi Batas Desa 2018", "Shape_Length": 0.02499722587705348, "Shape_Area": 2.9576908194600558e-05 }, "geometry": { "type": "MultiPolygon", "coordinates": [ [ [ [ 128.190870462000021, -3.651696033999948, 0.0 ], [ 128.190867154000102, -3.651692704999958, 0.0 ], [ 128.190683053000043, -3.651888713999935, 0.0 ], [ 128.190696598000045, -3.651906892999928, 0.0 ], [ 128.190676737000103, -3.651913273999974, 0.0 ], [ 128.190521067000077, -3.652091426999965, 0.0 ], [ 128.189930637000089, -3.65272249599997, 0.0 ], [ 128.189644502000078, -3.653028325999975, 0.0 ], [ 128.189376589000062, -3.653314679999937, 0.0 ], [ 128.188643923000086, -3.654097773999974, 0.0 ], [ 128.188585906000071, -3.654159783999948, 0.0 ], [ 128.188417421000054, -3.654008558999978, 0.0 ], [ 128.187696198000026, -3.653339964999923, 0.0 ], [ 128.186433757000032, -3.654617445999979, 0.0 ], [ 128.186407195000015, -3.654583069999942, 0.0 ], [ 128.18631984700005, -3.654548638999929, 0.0 ], [ 128.186221095000064, -3.654521831999944, 0.0 ], [ 128.186137522000081, -3.654514121999969, 0.0 ], [ 128.185514517000115, -3.654467753999941, 0.0 ], [ 128.184948479000013, -3.654440520999965, 0.0 ], [ 128.184127870000111, -3.65445122399995, 0.0 ], [ 128.183877777000021, -3.653737254999954, 0.0 ], [ 128.184086843000046, -3.65360767499993, 0.0 ], [ 128.184402341, -3.653413304999965, 0.0 ], [ 128.184645591000049, -3.653291389999942, 0.0 ], [ 128.184885156000064, -3.653043516999956, 0.0 ], [ 128.185162725000055, -3.652780409999932, 0.0 ], [ 128.185450313000047, -3.652459960999983, 0.0 ], [ 128.185548623000045, -3.652215622999966, 0.0 ], [ 128.185661548000098, -3.651934959999942, 0.0 ], [ 128.185758567000107, -3.651718591999953, 0.0 ], [ 128.185980775000075, -3.651391840999959, 0.0 ], [ 128.186395405000098, -3.650800614999985, 0.0 ], [ 128.186673072000076, -3.650426820999944, 0.0 ], [ 128.18725495800004, -3.649725057999952, 0.0 ], [ 128.187258833000101, -3.649641092999955, 0.0 ], [ 128.187205814000095, -3.649454020999944, 0.0 ], [ 128.1871451290001, -3.649343278999942, 0.0 ], [ 128.187122382000098, -3.649289822999945, 0.0 ], [ 128.187130036000099, -3.649228760999962, 0.0 ], [ 128.187278502000026, -3.648918184999959, 0.0 ], [ 128.18752964600003, -3.648439046999957, 0.0 ], [ 128.187586693000071, -3.648370395999966, 0.0 ], [ 128.187666562000118, -3.648271231999954, 0.0 ], [ 128.188753719000033, -3.647569925999966, 0.0 ], [ 128.188981823000063, -3.647390742999966, 0.0 ], [ 128.189430335000111, -3.647139239999952, 0.0 ], [ 128.1897609990001, -3.64697541599998, 0.0 ], [ 128.189984931000026, -3.647212258999965, 0.0 ], [ 128.190197431000115, -3.647487260999979, 0.0 ], [ 128.19033025400006, -3.647647686999961, 0.0 ], [ 128.19042510700001, -3.647785177999931, 0.0 ], [ 128.190497204000053, -3.64788066299996, 0.0 ], [ 128.190569289000109, -3.647987597999922, 0.0 ], [ 128.190622364000092, -3.648113599999924, 0.0 ], [ 128.190664044000073, -3.648235775999985, 0.0 ], [ 128.190709495000078, -3.648388488999962, 0.0 ], [ 128.190808083000093, -3.648598500999977, 0.0 ], [ 128.19086492200006, -3.64876267599993, 0.0 ], [ 128.191047013000116, -3.64905673399994, 0.0 ], [ 128.191046942000071, -3.649136885999944, 0.0 ], [ 128.191046860000029, -3.649228488999945, 0.0 ], [ 128.191145464000101, -3.649419418999964, 0.0 ], [ 128.191259262000017, -3.649614177999971, 0.0 ], [ 128.191350327, -3.649740214999952, 0.0 ], [ 128.191423216000089, -3.64979616199997, 0.0 ], [ 128.191733826000018, -3.649969568999957, 0.0 ], [ 128.192034260000014, -3.650186870999962, 0.0 ], [ 128.192112559000066, -3.650367002999933, 0.0 ], [ 128.190870462000021, -3.651696033999948, 0.0 ] ] ] ] } },
{ "type": "Feature", "properties": { "OBJECTID": 29192, "NAMOBJ": "Laha", "FCODE": "BA03070040", "REMARK": "", "METADATA": "TASWIL1000020230928_DATA_BATAS_DESAKELURAHAN", "SRS_ID": "SRGI 2013", "KDBBPS": null, "KDCBPS": null, "KDCPUM": "81.71.04", "KDEBPS": null, "KDEPUM": "81.71.04.2007", "KDPBPS": null, "KDPKAB": "81.71", "KDPPUM": "81", "LUASWH": 1236.7052629823347, "TIPADM": 1, "WADMKC": "Teluk Ambon", "WADMKD": "Laha", "WADMKK": "Kota Ambon", "WADMPR": "Maluku", "WIADKC": null, "WIADKK": null, "WIADPR": null, "WIADKD": null, "UUPP": "Hasil Delineasi Batas Desa 2018", "Shape_Length": 0.16714688851544338, "Shape_Area": 0.0010067476170931232 }, "geometry": { "type": "MultiPolygon", "coordinates": [ [ [ [ 128.103079476000062, -3.704057120999942, 0.0 ], [ 128.103062754, -3.704083117999978, 0.0 ], [ 128.103054422000014, -3.704101498999929, 0.0 ], [ 128.103042245000097, -3.704128359999973, 0.0 ], [ 128.103096209000114, -3.704155341999975, 0.0 ], [ 128.103104318000078, -3.704158560999922, 0.0 ], [ 128.103109077000113, -3.704162129999927, 0.0 ], [ 128.103117405000035, -3.704169268999976, 0.0 ], [ 128.103116215000114, -3.704175216999939, 0.0 ], [ 128.103112646000113, -3.704188303999949, 0.0 ], [ 128.103095990000043, -3.704216857999945, 0.0 ], [ 128.103007950000119, -3.704359625999929, 0.0 ], [ 128.102933710000116, -3.704476694999928, 0.0 ], [ 128.102800699000113, -3.704681566999972, 0.0 ], [ 128.102755513000034, -3.704757707999933, 0.0 ], [ 128.102650188000098, -3.704935185999936, 0.0 ], [ 128.102625076000095, -3.704981014999935, 0.0 ], [ 128.102527518000102, -3.70518802799995, 0.0 ], [ 128.102339540000116, -3.705485460999967, 0.0 ], [ 128.102041673000031, -3.706041813999944, 0.0 ], [ 128.101983572000108, -3.706216668999961, 0.0 ], [ 128.101951967000105, -3.706293325999975, 0.0 ], [ 128.101909908000039, -3.706411945999941, 0.0 ], [ 128.10186804500006, -3.706542440999954, 0.0 ], [ 128.101839189000088, -3.706645093999949, 0.0 ], [ 128.101827537000077, -3.706708303999969, 0.0 ], [ 128.101819706000015, -3.706788067999975, 0.0 ], [ 128.10181582000007, -3.706879158999928, 0.0 ], [ 128.101814919000049, -3.707006296999971, 0.0 ], [ 128.101817840000081, -3.707023491999967, 0.0 ], [ 128.101827381000021, -3.707045226999985, 0.0 ], [ 128.101842120000015, -3.707068321999948, 0.0 ], [ 128.10186043200008, -3.707090247999929, 0.0 ], [ 128.101879817000054, -3.70710839099996, 0.0 ], [ 128.101900252000064, -3.707123071999942, 0.0 ], [ 128.10192109400009, -3.707133833999927, 0.0 ], [ 128.101941982000085, -3.707140497999939, 0.0 ], [ 128.101993117, -3.707148175999978, 0.0 ], [ 128.102073194000013, -3.707155901999962, 0.0 ], [ 128.102163128000029, -3.707161868999938, 0.0 ], [ 128.1022493910001, -3.707165198999971, 0.0 ], [ 128.102318335000064, -3.707165634999971, 0.0 ], [ 128.102374026, -3.707163522999968, 0.0 ], [ 128.102414856000109, -3.707158925999969, 0.0 ], [ 128.102440241000068, -3.707151919999947, 0.0 ], [ 128.102451337000048, -3.70714495599998, 0.0 ], [ 128.102464848000068, -3.707133304999964, 0.0 ], [ 128.102498687000093, -3.707096336999943, 0.0 ], [ 128.102540538000085, -3.707042308999974, 0.0 ], [ 128.102587500000027, -3.70697495099995, 0.0 ], [ 128.102637208000033, -3.706897259999951, 0.0 ], [ 128.102680773000088, -3.706822726999978, 0.0 ], [ 128.102711895000084, -3.706762177999966, 0.0 ], [ 128.102721648000085, -3.706739340999939, 0.0 ], [ 128.102727204000075, -3.706722188999951, 0.0 ], [ 128.102734697000074, -3.706673049999956, 0.0 ], [ 128.102738101000114, -3.706608545999926, 0.0 ], [ 128.102736889000084, -3.706539410999939, 0.0 ], [ 128.102731208000023, -3.706470855999958, 0.0 ], [ 128.102721842000051, -3.706408987999968, 0.0 ], [ 128.102708868000036, -3.706352344999968, 0.0 ], [ 128.102692517000037, -3.706301917999949, 0.0 ], [ 128.102672952000034, -3.706258193999937, 0.0 ], [ 128.10265899500007, -3.706224939999969, 0.0 ], [ 128.102652255000066, -3.706192139999935, 0.0 ], [ 128.10265159800008, -3.70617593599996, 0.0 ], [ 128.102652750000061, -3.706159880999966, 0.0 ], [ 128.102655712000114, -3.706143991999959, 0.0 ], [ 128.102660480000054, -3.706128284999971, 0.0 ], [ 128.102675332000103, -3.70609762699996, 0.0 ], [ 128.102697218000117, -3.706067988999969, 0.0 ], [ 128.102725163000059, -3.706040304999938, 0.0 ], [ 128.102762658000074, -3.706011205999977, 0.0 ], [ 128.102773589000094, -3.706003467999952, 0.0 ], [ 128.102784286000087, -3.705998968999951, 0.0 ], [ 128.102796689000115, -3.70599668099993, 0.0 ], [ 128.102818100000036, -3.705995263999973, 0.0 ], [ 128.102864038, -3.705997274999951, 0.0 ], [ 128.102909683, -3.706005364999948, 0.0 ], [ 128.102928616000099, -3.706011042999931, 0.0 ], [ 128.102945053000099, -3.706017754999945, 0.0 ], [ 128.10295884300001, -3.706025437999919, 0.0 ], [ 128.10296990900008, -3.706034048999917, 0.0 ], [ 128.103127089000054, -3.706185070999934, 0.0 ], [ 128.103184934000069, -3.706244010999962, 0.0 ], [ 128.103226891000077, -3.706289840999936, 0.0 ], [ 128.103243527000018, -3.706309865999977, 0.0 ], [ 128.103249451000011, -3.70631699699993, 0.0 ], [ 128.103263106000099, -3.706336787999922, 0.0 ], [ 128.103272471000082, -3.706355906999925, 0.0 ], [ 128.103278993000117, -3.706377556999945, 0.0 ], [ 128.103286421, -3.70642771499996, 0.0 ], [ 128.103305282000065, -3.706632568999966, 0.0 ], [ 128.10330344700003, -3.706656636999981, 0.0 ], [ 128.103290946000016, -3.706684021999933, 0.0 ], [ 128.103278570000043, -3.706717926999943, 0.0 ], [ 128.103252847000022, -3.706774621999961, 0.0 ], [ 128.103244964000055, -3.706790792999924, 0.0 ], [ 128.103113972000074, -3.707059486999975, 0.0 ], [ 128.103033176000054, -3.707218714999958, 0.0 ], [ 128.102962496000032, -3.707358008999965, 0.0 ], [ 128.102956956000071, -3.707363640999967, 0.0 ], [ 128.102940605000072, -3.707381247999927, 0.0 ], [ 128.102930341000047, -3.707397645999953, 0.0 ], [ 128.102921618000096, -3.707407408999924, 0.0 ], [ 128.102911875000018, -3.707422422999965, 0.0 ], [ 128.102904720000083, -3.707435676999972, 0.0 ], [ 128.10290258200007, -3.70744284699992, 0.0 ], [ 128.102882903000022, -3.707458986999941, 0.0 ], [ 128.102866806000065, -3.707469388999927, 0.0 ], [ 128.102856707000115, -3.707477892999971, 0.0 ], [ 128.102849267000011, -3.707488021999953, 0.0 ], [ 128.102838940000083, -3.707505280999948, 0.0 ], [ 128.102821722000044, -3.707531367999939, 0.0 ], [ 128.102820441000063, -3.707531934999966, 0.0 ], [ 128.102819138000086, -3.707533219999952, 0.0 ], [ 128.102796856000055, -3.707553470999928, 0.0 ], [ 128.102786020000053, -3.707569012999948, 0.0 ], [ 128.102779017000103, -3.707578408999954, 0.0 ], [ 128.102777936000052, -3.707579698999949, 0.0 ], [ 128.10277665000001, -3.707581243999923, 0.0 ], [ 128.102763570000093, -3.707591521999978, 0.0 ], [ 128.102752641000052, -3.70759951099996, 0.0 ], [ 128.102743320000059, -3.707611824999955, 0.0 ], [ 128.102733833000116, -3.707623591999953, 0.0 ], [ 128.102732687000071, -3.707624699999933, 0.0 ], [ 128.102731583000036, -3.707625968999929, 0.0 ], [ 128.1027146240001, -3.707640593999948, 0.0 ], [ 128.102708756000084, -3.707645455999971, 0.0 ], [ 128.102708522000057, -3.707645649999961, 0.0 ], [ 128.10270786500007, -3.707646580999942, 0.0 ], [ 128.102705960000094, -3.707649280999932, 0.0 ], [ 128.102691151000045, -3.707668776999986, 0.0 ], [ 128.10268867800005, -3.707670949999969, 0.0 ], [ 128.102688141000073, -3.707671495999928, 0.0 ], [ 128.102686513000094, -3.707673150999939, 0.0 ], [ 128.10266514500006, -3.707692535999966, 0.0 ], [ 128.102649750000069, -3.707713963999938, 0.0 ], [ 128.102645270000039, -3.707717802999976, 0.0 ], [ 128.102641443000039, -3.707720983999931, 0.0 ], [ 128.102620595000076, -3.707738238999973, 0.0 ], [ 128.102601593000031, -3.707759144999958, 0.0 ], [ 128.102598606000015, -3.707761377999932, 0.0 ], [ 128.102596379000033, -3.707762738999981, 0.0 ], [ 128.10257450000006, -3.707781079999953, 0.0 ], [ 128.102573790000065, -3.707781669999969, 0.0 ], [ 128.10255131800011, -3.707801357999927, 0.0 ], [ 128.102549751000083, -3.707802746999964, 0.0 ], [ 128.102548775000059, -3.707804319999975, 0.0 ], [ 128.102542909000022, -3.70781274999996, 0.0 ], [ 128.102531480000039, -3.707829627999962, 0.0 ], [ 128.10251582300009, -3.70784951599995, 0.0 ], [ 128.102512028000092, -3.707855324999962, 0.0 ], [ 128.102506235000078, -3.707862176999929, 0.0 ], [ 128.10249176700006, -3.707880204999986, 0.0 ], [ 128.102480915000115, -3.707894708999953, 0.0 ], [ 128.102472517000024, -3.707906101999922, 0.0 ], [ 128.102461157000107, -3.707917960999962, 0.0 ], [ 128.102450646000079, -3.707929361999955, 0.0 ], [ 128.102443396000012, -3.707939899999932, 0.0 ], [ 128.102430903000027, -3.707954760999946, 0.0 ], [ 128.102416084000083, -3.707968520999947, 0.0 ], [ 128.102407720000087, -3.70797670099995, 0.0 ], [ 128.102401803000021, -3.707985086999947, 0.0 ], [ 128.102386416000058, -3.70800052999993, 0.0 ], [ 128.102371019000088, -3.708012075999937, 0.0 ], [ 128.102361623000093, -3.708020844999959, 0.0 ], [ 128.10235513900011, -3.708030267999952, 0.0 ], [ 128.102344398000014, -3.708048780999952, 0.0 ], [ 128.102325935000067, -3.708073076999944, 0.0 ], [ 128.10232467600008, -3.708074201999978, 0.0 ], [ 128.102323898, -3.70807546599996, 0.0 ], [ 128.10231461, -3.708086818999954, 0.0 ], [ 128.102304573000083, -3.708099241999949, 0.0 ], [ 128.102284989000054, -3.708120654999955, 0.0 ], [ 128.102283182000065, -3.708122982999946, 0.0 ], [ 128.102280861000054, -3.708125288999952, 0.0 ], [ 128.102261449000025, -3.708146381999931, 0.0 ], [ 128.102243153000018, -3.708165841999971, 0.0 ], [ 128.10223974500002, -3.708169807999985, 0.0 ], [ 128.10223579, -3.708173701999954, 0.0 ], [ 128.102217530000075, -3.70819271999995, 0.0 ], [ 128.102199503000065, -3.708211026999944, 0.0 ], [ 128.102195168000094, -3.708215482999948, 0.0 ], [ 128.102190722000046, -3.708219591999971, 0.0 ], [ 128.102172221000046, -3.708237659999947, 0.0 ], [ 128.102151153000023, -3.708256205999932, 0.0 ], [ 128.102148453000041, -3.708259007999967, 0.0 ], [ 128.102145657000051, -3.70826177699996, 0.0 ], [ 128.102126115000033, -3.708281798999968, 0.0 ], [ 128.102104985000096, -3.70830138899992, 0.0 ], [ 128.102102831000025, -3.70830363299995, 0.0 ], [ 128.102100591000067, -3.708305651999979, 0.0 ], [ 128.102079307000054, -3.708325229999963, 0.0 ], [ 128.102057509000019, -3.708344581999931, 0.0 ], [ 128.102055528000051, -3.708346340999979, 0.0 ], [ 128.102055385000085, -3.708346423999957, 0.0 ], [ 128.102055266000093, -3.708346566999976, 0.0 ], [ 128.102031620000048, -3.708367776999972, 0.0 ], [ 128.102010466000024, -3.708386267999972, 0.0 ], [ 128.102007113000013, -3.708388378999928, 0.0 ], [ 128.102003973000024, -3.708391743999927, 0.0 ], [ 128.101983367000116, -3.708409748999947, 0.0 ], [ 128.101965405000101, -3.708424858999932, 0.0 ], [ 128.101958414000023, -3.708429908999956, 0.0 ], [ 128.101950765000083, -3.708436918999956, 0.0 ], [ 128.101934369000105, -3.708450974999952, 0.0 ], [ 128.101920344000064, -3.708464051999956, 0.0 ], [ 128.101911375000128, -3.708473107999966, 0.0 ], [ 128.101903840000091, -3.708482099999963, 0.0 ], [ 128.10189132000005, -3.708498192999975, 0.0 ], [ 128.101875268000072, -3.708517472999966, 0.0 ], [ 128.101870519000045, -3.708522530999969, 0.0 ], [ 128.101867126000116, -3.708527291999924, 0.0 ], [ 128.101850342000034, -3.708547492999966, 0.0 ], [ 128.101830192000079, -3.708570953999979, 0.0 ], [ 128.10182941000005, -3.70857169899994, 0.0 ], [ 128.101828875000024, -3.70857248199997, 0.0 ], [ 128.101821122000047, -3.708581572999948, 0.0 ], [ 128.101808711000103, -3.708596135999929, 0.0 ], [ 128.101790321000067, -3.70861767199994, 0.0 ], [ 128.10178802900009, -3.708620589999958, 0.0 ], [ 128.101785117000077, -3.708623612999935, 0.0 ], [ 128.101766909000048, -3.708644607999927, 0.0 ], [ 128.10175136600003, -3.708662860999942, 0.0 ], [ 128.101746180000077, -3.708669017999967, 0.0 ], [ 128.101740043000063, -3.708675707999929, 0.0 ], [ 128.101725096000109, -3.708693062999945, 0.0 ], [ 128.101712027000076, -3.708708049999922, 0.0 ], [ 128.101703996000083, -3.708717101999973, 0.0 ], [ 128.101696655000069, -3.708725135999934, 0.0 ], [ 128.10169496900005, -3.708726980999926, 0.0 ], [ 128.101683026000046, -3.708741268999973, 0.0 ], [ 128.101673580000011, -3.708753239999961, 0.0 ], [ 128.101663121000115, -3.708766501999942, 0.0 ], [ 128.101649892000069, -3.708781494999919, 0.0 ], [ 128.10164080200002, -3.708789309999925, 0.0 ], [ 128.101635743000088, -3.708794314999978, 0.0 ], [ 128.101311930000065, -3.709114704999937, 0.0 ], [ 128.101300578000064, -3.70912595099998, 0.0 ], [ 128.101289358000031, -3.709137268999943, 0.0 ], [ 128.101278890000117, -3.709149398999959, 0.0 ], [ 128.101270251000074, -3.709159890999953, 0.0 ], [ 128.101256033000027, -3.709171663999941, 0.0 ], [ 128.101244291000057, -3.709181562999954, 0.0 ], [ 128.101231213000119, -3.709191950999986, 0.0 ], [ 128.101219696000044, -3.709205068999948, 0.0 ], [ 128.101210258000037, -3.709216134999958, 0.0 ], [ 128.101199223000094, -3.709227054999932, 0.0 ], [ 128.101185953000027, -3.70923694099997, 0.0 ], [ 128.101174541000091, -3.709250251999951, 0.0 ], [ 128.101164809000011, -3.709260930999967, 0.0 ], [ 128.101154158000128, -3.709270487999954, 0.0 ], [ 128.101139844000045, -3.709281079999926, 0.0 ], [ 128.101127160000033, -3.70929543299997, 0.0 ], [ 128.101118293000013, -3.709304654999924, 0.0 ], [ 128.101109093000105, -3.70931236999996, 0.0 ], [ 128.101093079000066, -3.709324549999955, 0.0 ], [ 128.101077521000093, -3.70934061099995, 0.0 ], [ 128.101070508000021, -3.709347101999977, 0.0 ], [ 128.101064032000068, -3.709351716999951, 0.0 ], [ 128.101044098000102, -3.709365791999973, 0.0 ], [ 128.101027344000045, -3.709377390999971, 0.0 ], [ 128.10101897800007, -3.709383201999962, 0.0 ], [ 128.101017445000025, -3.709384238999969, 0.0 ], [ 128.101016726000012, -3.709385777999958, 0.0 ], [ 128.101011812000024, -3.709392961999915, 0.0 ], [ 128.10099853600002, -3.709410482999945, 0.0 ], [ 128.100989851, -3.709430979999985, 0.0 ], [ 128.100992248000011, -3.709449428999966, 0.0 ], [ 128.100991804000046, -3.709458206999951, 0.0 ], [ 128.100995094000041, -3.709474725999945, 0.0 ], [ 128.100995391000083, -3.709476214999938, 0.0 ], [ 128.100989781000067, -3.709492214999953, 0.0 ], [ 128.100984391000111, -3.70951082099998, 0.0 ], [ 128.100980994000111, -3.709521428999949, 0.0 ], [ 128.100978721000047, -3.70952635699996, 0.0 ], [ 128.10097380600007, -3.709531248999957, 0.0 ], [ 128.100957957000105, -3.709550733999953, 0.0 ], [ 128.100950417000035, -3.709566626999957, 0.0 ], [ 128.100942271, -3.70958021699994, 0.0 ], [ 128.100928725000017, -3.709590328999981, 0.0 ], [ 128.100914196000076, -3.709597231999967, 0.0 ], [ 128.100906129, -3.709611810999947, 0.0 ], [ 128.100898339000082, -3.709626543999946, 0.0 ], [ 128.100883645000067, -3.70964759299994, 0.0 ], [ 128.100877559000082, -3.709650898999937, 0.0 ], [ 128.100875451000093, -3.709654766999953, 0.0 ], [ 128.100874229000055, -3.709657007999973, 0.0 ], [ 128.100875156000029, -3.709665516999965, 0.0 ], [ 128.100876050000011, -3.709667685999928, 0.0 ], [ 128.100883606000025, -3.70968602499994, 0.0 ], [ 128.10088686000006, -3.70969896499997, 0.0 ], [ 128.100887653000086, -3.709702249999959, 0.0 ], [ 128.100918783000111, -3.709777657999945, 0.0 ], [ 128.100951500000065, -3.709843092999955, 0.0 ], [ 128.10096339800009, -3.70992637499995, 0.0 ], [ 128.10096042300006, -3.709973963999979, 0.0 ], [ 128.100945552000098, -3.710015603999983, 0.0 ], [ 128.100936629000103, -3.710048321999972, 0.0 ], [ 128.100930680000033, -3.710095910999942, 0.0 ], [ 128.100930680000033, -3.710131602999986, 0.0 ], [ 128.100942577000069, -3.710161345999951, 0.0 ], [ 128.10095744900002, -3.710173243999968, 0.0 ], [ 128.100986257000045, -3.710186697999975, 0.0 ], [ 128.101016338000022, -3.710199901999943, 0.0 ], [ 128.101017582000054, -3.710200476999937, 0.0 ], [ 128.101018152000051, -3.710200808999952, 0.0 ], [ 128.101063568000086, -3.710243809999957, 0.0 ], [ 128.101068983000118, -3.710253676999961, 0.0 ], [ 128.101071329000092, -3.710267918999933, 0.0 ], [ 128.101069411000026, -3.710276940999961, 0.0 ], [ 128.101061897000022, -3.710285358999952, 0.0 ], [ 128.101010288000111, -3.710314959999944, 0.0 ], [ 128.100998172000118, -3.710324150999949, 0.0 ], [ 128.100988761000053, -3.710333902999938, 0.0 ], [ 128.10098736100008, -3.71033555999998, 0.0 ], [ 128.100981716000092, -3.71034432699997, 0.0 ], [ 128.100972971000033, -3.710357949999949, 0.0 ], [ 128.100964287000011, -3.710372052999951, 0.0 ], [ 128.100960017000034, -3.710380760999952, 0.0 ], [ 128.100948630000062, -3.710401568999948, 0.0 ], [ 128.100944283000103, -3.710409509999969, 0.0 ], [ 128.100935280000073, -3.710425964999958, 0.0 ], [ 128.100932281000041, -3.710430389999942, 0.0 ], [ 128.100929081000118, -3.710434776999934, 0.0 ], [ 128.100927870000078, -3.710436435999951, 0.0 ], [ 128.100915981000071, -3.710459253999947, 0.0 ], [ 128.100911016000055, -3.710471168999957, 0.0 ], [ 128.100899127000048, -3.710487565999933, 0.0 ], [ 128.100882776000049, -3.710507463999937, 0.0 ], [ 128.100878947000069, -3.710512522999978, 0.0 ], [ 128.100877654000101, -3.710516363999938, 0.0 ], [ 128.100857681000093, -3.710536390999947, 0.0 ], [ 128.100837708000086, -3.710552348999951, 0.0 ], [ 128.100830827000095, -3.71055463299996, 0.0 ], [ 128.100823601000116, -3.710561537999983, 0.0 ], [ 128.100805224000055, -3.710574134999939, 0.0 ], [ 128.100792657000056, -3.710581674999957, 0.0 ], [ 128.100775447000046, -3.710589436999958, 0.0 ], [ 128.100754189000099, -3.710606695999951, 0.0 ], [ 128.100750405000127, -3.710609502999943, 0.0 ], [ 128.100747605000038, -3.710610979999962, 0.0 ], [ 128.100738809000063, -3.710615513999934, 0.0 ], [ 128.100720534000061, -3.710624710999972, 0.0 ], [ 128.100702560000059, -3.710634447999948, 0.0 ], [ 128.100691306000044, -3.710640564999952, 0.0 ], [ 128.10068006500012, -3.710651849999974, 0.0 ], [ 128.100666407000062, -3.710660774999955, 0.0 ], [ 128.100657507000051, -3.71066451399998, 0.0 ], [ 128.100635104000048, -3.710674533999966, 0.0 ], [ 128.100634692000085, -3.710674715999975, 0.0 ], [ 128.10061246500004, -3.710684393999936, 0.0 ], [ 128.100603621000118, -3.710688122999953, 0.0 ], [ 128.100599703000057, -3.71069699699996, 0.0 ], [ 128.100587291000011, -3.71071695399997, 0.0 ], [ 128.10056738500009, -3.710741772999941, 0.0 ], [ 128.100566988000111, -3.710741794999928, 0.0 ], [ 128.100566747000016, -3.710742191999939, 0.0 ], [ 128.100564767000037, -3.710744817999963, 0.0 ], [ 128.10054755900012, -3.710767508999932, 0.0 ], [ 128.100533063000057, -3.710787386999921, 0.0 ], [ 128.100529803000086, -3.710794908999965, 0.0 ], [ 128.100522282000043, -3.710821794999964, 0.0 ], [ 128.100515182000095, -3.710825469999977, 0.0 ], [ 128.100509462000105, -3.710832591999967, 0.0 ], [ 128.100513631000013, -3.710841269999941, 0.0 ], [ 128.10051197700011, -3.710867515999944, 0.0 ], [ 128.100514259000079, -3.710877825999951, 0.0 ], [ 128.100518777000048, -3.710881291999959, 0.0 ], [ 128.100522197000032, -3.710906157999939, 0.0 ], [ 128.10052346000009, -3.710921777999945, 0.0 ], [ 128.100523345000056, -3.710923063999928, 0.0 ], [ 128.100522925000064, -3.710923814999936, 0.0 ], [ 128.100522178000119, -3.710924603999961, 0.0 ], [ 128.100502568000024, -3.710948594999934, 0.0 ], [ 128.100492198000097, -3.710968261999944, 0.0 ], [ 128.10048800900006, -3.710979216999929, 0.0 ], [ 128.100487957000041, -3.710979326999966, 0.0 ], [ 128.10047707800004, -3.711002300999946, 0.0 ], [ 128.100471820000053, -3.711008196999953, 0.0 ], [ 128.10047024500011, -3.711013467999977, 0.0 ], [ 128.100466791000031, -3.711023777999961, 0.0 ], [ 128.100459647000093, -3.711041217999941, 0.0 ], [ 128.100454978000016, -3.711058681999933, 0.0 ], [ 128.100449941000079, -3.711076719999939, 0.0 ], [ 128.100444920000086, -3.711090886999958, 0.0 ], [ 128.100440834000096, -3.711103896999932, 0.0 ], [ 128.100438946000054, -3.711110928999974, 0.0 ], [ 128.100431925000066, -3.711131614999937, 0.0 ], [ 128.100427026000034, -3.711144202999941, 0.0 ], [ 128.100426044000073, -3.711149110999941, 0.0 ], [ 128.10042446500006, -3.711156578999978, 0.0 ], [ 128.100421423000057, -3.711183838999946, 0.0 ], [ 128.100418559000104, -3.711194331999936, 0.0 ], [ 128.10040764200005, -3.711215239999946, 0.0 ], [ 128.100404936000018, -3.711221338999964, 0.0 ], [ 128.100396369, -3.711239538999957, 0.0 ], [ 128.100395272000014, -3.711248061999927, 0.0 ], [ 128.100386749000108, -3.711283238999952, 0.0 ], [ 128.100386447000119, -3.71128475699993, 0.0 ], [ 128.100386355000069, -3.711285148999931, 0.0 ], [ 128.100378806000094, -3.711322038999988, 0.0 ], [ 128.100376781000023, -3.711329976999927, 0.0 ], [ 128.100372960000072, -3.711343764999973, 0.0 ], [ 128.100369336000085, -3.711357778999972, 0.0 ], [ 128.100364255000045, -3.711375192999981, 0.0 ], [ 128.10035842100001, -3.711392064999921, 0.0 ], [ 128.100352114000088, -3.711409847999962, 0.0 ], [ 128.100348414000109, -3.71142040599995, 0.0 ], [ 128.100346221000109, -3.711425063999963, 0.0 ], [ 128.100341572000048, -3.711436536999948, 0.0 ], [ 128.10033433000001, -3.711458365999928, 0.0 ], [ 128.100332854000044, -3.71146561899997, 0.0 ], [ 128.100329453000086, -3.711477745999959, 0.0 ], [ 128.100324484000112, -3.711493729999968, 0.0 ], [ 128.100320081000064, -3.711510834999951, 0.0 ], [ 128.100313688000028, -3.711528136999952, 0.0 ], [ 128.100309623000044, -3.711542813999928, 0.0 ], [ 128.100305351000088, -3.71155604899996, 0.0 ], [ 128.100303716000099, -3.711563373999983, 0.0 ], [ 128.100296386000082, -3.711599330999949, 0.0 ], [ 128.100295900000106, -3.711600782999937, 0.0 ], [ 128.100295824000113, -3.711601268999964, 0.0 ], [ 128.100295681000034, -3.711601974999957, 0.0 ], [ 128.10028730800002, -3.711637406999948, 0.0 ], [ 128.1002856, -3.711646486999938, 0.0 ], [ 128.100283233000027, -3.711659635999983, 0.0 ], [ 128.100280423000072, -3.711675748999933, 0.0 ], [ 128.10027750900008, -3.711691707999928, 0.0 ], [ 128.100273817000016, -3.711714257999976, 0.0 ], [ 128.100273801000071, -3.711714362999946, 0.0 ], [ 128.10027002400011, -3.711736929999964, 0.0 ], [ 128.100264928000115, -3.71175070499993, 0.0 ], [ 128.100255317000119, -3.71177799199995, 0.0 ], [ 128.100253821000024, -3.711782141999954, 0.0 ], [ 128.10025290100009, -3.711783874999981, 0.0 ], [ 128.100251173000061, -3.711787533999946, 0.0 ], [ 128.100236533000043, -3.711812672999941, 0.0 ], [ 128.100231706000045, -3.71182734899998, 0.0 ], [ 128.1002240790001, -3.711845410999961, 0.0 ], [ 128.100219253000091, -3.711859330999978, 0.0 ], [ 128.100214231000109, -3.711872559999954, 0.0 ], [ 128.100211927000032, -3.711878453999927, 0.0 ], [ 128.100206042000082, -3.711895463999956, 0.0 ], [ 128.100198381000041, -3.711910092999974, 0.0 ], [ 128.10019585100008, -3.711917769999959, 0.0 ], [ 128.100190051000027, -3.711933791999965, 0.0 ], [ 128.1001864750001, -3.711943378999941, 0.0 ], [ 128.100179617000094, -3.711962982999983, 0.0 ], [ 128.100174839000033, -3.711976940999926, 0.0 ], [ 128.10016091500006, -3.711999413999933, 0.0 ], [ 128.100157113000023, -3.71200437399995, 0.0 ], [ 128.100155740000105, -3.712008186999977, 0.0 ], [ 128.100142190000042, -3.712026955999938, 0.0 ], [ 128.100133717000062, -3.712041629999925, 0.0 ], [ 128.100132195000015, -3.712059259999933, 0.0 ], [ 128.100108196000065, -3.712232754999947, 0.0 ], [ 128.099982840000052, -3.712507865999946, 0.0 ], [ 128.099863404000075, -3.712818882999949, 0.0 ], [ 128.099797718000104, -3.712986351999979, 0.0 ], [ 128.099559082000042, -3.713375031999928, 0.0 ], [ 128.099535081000113, -3.713548526999952, 0.0 ], [ 128.099451345000034, -3.713895480999954, 0.0 ], [ 128.099290355000107, -3.714068835999975, 0.0 ], [ 128.098849316000042, -3.714355590999953, 0.0 ], [ 128.098646683000084, -3.714481034999944, 0.0 ], [ 128.098193858000059, -3.714642124999961, 0.0 ], [ 128.097907767000038, -3.714839284999918, 0.0 ], [ 128.097752739000043, -3.715006661999947, 0.0 ], [ 128.097645445000012, -3.715090320999936, 0.0 ], [ 128.097216371000059, -3.715323233999923, 0.0 ], [ 128.096763589000034, -3.715442437999962, 0.0 ], [ 128.096316751000018, -3.715573614999927, 0.0 ], [ 128.096018831000038, -3.71568699499994, 0.0 ], [ 128.095542231000081, -3.715800190999964, 0.0 ], [ 128.095077542000013, -3.715913397999936, 0.0 ], [ 128.094594875000098, -3.716134288999961, 0.0 ], [ 128.094136057000014, -3.716331269999952, 0.0 ], [ 128.093784546000052, -3.716432625999971, 0.0 ], [ 128.093170875000084, -3.716623463999956, 0.0 ], [ 128.092849083000033, -3.716784684999937, 0.0 ], [ 128.092533313000104, -3.716880093999978, 0.0 ], [ 128.092217490000053, -3.717029353999981, 0.0 ], [ 128.091895635000014, -3.717250407999929, 0.0 ], [ 128.091597526000101, -3.717549271999921, 0.0 ], [ 128.091233893000094, -3.717854050999954, 0.0 ], [ 128.091108662000011, -3.718003507999982, 0.0 ], [ 128.091060885000047, -3.718129109999953, 0.0 ], [ 128.091084649000095, -3.718188968999921, 0.0 ], [ 128.091108350000013, -3.718308661999973, 0.0 ], [ 128.09098322300008, -3.718356399999941, 0.0 ], [ 128.090846166000119, -3.718422076999961, 0.0 ], [ 128.090726616000097, -3.718840792999963, 0.0 ], [ 128.090551891000018, -3.719105409999943, 0.0 ], [ 128.090273506000017, -3.719277113999965, 0.0 ], [ 128.090112508000061, -3.71945645099993, 0.0 ], [ 128.089784642000041, -3.719731347999934, 0.0 ], [ 128.089308007000113, -3.719874457999935, 0.0 ], [ 128.089057693000086, -3.720029766999978, 0.0 ], [ 128.088813303000052, -3.720214998999957, 0.0 ], [ 128.088515241000096, -3.72046599499992, 0.0 ], [ 128.088181380000037, -3.720776785999929, 0.0 ], [ 128.087948859000107, -3.721003914999919, 0.0 ], [ 128.087567374000059, -3.721290722999921, 0.0 ], [ 128.087209787, -3.721505754999952, 0.0 ], [ 128.086973310000076, -3.721621900999932, 0.0 ], [ 128.086250413000016, -3.721935563999978, 0.0 ], [ 128.085456422000107, -3.722262740999959, 0.0 ], [ 128.084714572000053, -3.722395362999975, 0.0 ], [ 128.084659674000022, -3.722382663999956, 0.0 ], [ 128.084570531000082, -3.722191101999956, 0.0 ], [ 128.084547084000064, -3.721826088999931, 0.0 ], [ 128.084145857000067, -3.721771592999968, 0.0 ], [ 128.08418086100005, -3.721677571999972, 0.0 ], [ 128.084235368000037, -3.721543597999932, 0.0 ], [ 128.084287886000084, -3.721408833999932, 0.0 ], [ 128.084338622000018, -3.721273380999952, 0.0 ], [ 128.084382373000039, -3.721135550999969, 0.0 ], [ 128.084422757000084, -3.720996631999979, 0.0 ], [ 128.084460927, -3.720857067999933, 0.0 ], [ 128.084499601000061, -3.720717667999963, 0.0 ], [ 128.084544892000054, -3.720583627999933, 0.0 ], [ 128.084545909000099, -3.720580617999921, 0.0 ], [ 128.084579199000018, -3.72044008999996, 0.0 ], [ 128.084606557000029, -3.72029799199993, 0.0 ], [ 128.084633132000022, -3.720155746999973, 0.0 ], [ 128.084658618000049, -3.720013302999966, 0.0 ], [ 128.084684094000067, -3.71987084899996, 0.0 ], [ 128.084716493000087, -3.719729831999933, 0.0 ], [ 128.084749055000088, -3.719588850999969, 0.0 ], [ 128.084800228000063, -3.719456781999945, 0.0 ], [ 128.084820457000092, -3.719430718999952, 0.0 ], [ 128.084888815000113, -3.719342643999941, 0.0 ], [ 128.084900060000109, -3.719321035999944, 0.0 ], [ 128.084953757000108, -3.719217852999974, 0.0 ], [ 128.084979684000018, -3.71907548099994, 0.0 ], [ 128.085015648000081, -3.718935788999951, 0.0 ], [ 128.08506339500002, -3.718799237999979, 0.0 ], [ 128.08509709000009, -3.718658936999925, 0.0 ], [ 128.085123017000114, -3.718516573999983, 0.0 ], [ 128.085151563000068, -3.718374720999974, 0.0 ], [ 128.085173498000017, -3.718269512999941, 0.0 ], [ 128.085203521000039, -3.71816147599998, 0.0 ], [ 128.085224219000111, -3.71809539899994, 0.0 ], [ 128.085275459000059, -3.717960127999957, 0.0 ], [ 128.085326707000036, -3.717824864999961, 0.0 ], [ 128.085328650000065, -3.717819243999934, 0.0 ], [ 128.085373959000094, -3.717688141999923, 0.0 ], [ 128.085421076000102, -3.717551364999957, 0.0 ], [ 128.08545975800007, -3.717412488999975, 0.0 ], [ 128.085481814000104, -3.717269461999935, 0.0 ], [ 128.08550419300002, -3.717126488999955, 0.0 ], [ 128.085506268000017, -3.717115075999977, 0.0 ], [ 128.085530092000113, -3.716984116999928, 0.0 ], [ 128.085556000000111, -3.716841745999938, 0.0 ], [ 128.085577650000118, -3.716698735999948, 0.0 ], [ 128.085594294000089, -3.716554970999932, 0.0 ], [ 128.08561093000003, -3.716411204999925, 0.0 ], [ 128.085624974000098, -3.716289829999942, 0.0 ], [ 128.085627565000095, -3.716267439999961, 0.0 ], [ 128.085639202000038, -3.716123569999974, 0.0 ], [ 128.085628573, -3.715979232999935, 0.0 ], [ 128.085617943000102, -3.71583489699998, 0.0 ], [ 128.085605927000103, -3.71569076699995, 0.0 ], [ 128.085573061000105, -3.71554985399996, 0.0 ], [ 128.085526457000014, -3.715458967999956, 0.0 ], [ 128.085507919000065, -3.715422819999958, 0.0 ], [ 128.085429202000114, -3.715301623999949, 0.0 ], [ 128.085345546000099, -3.715184221999945, 0.0 ], [ 128.085249652000016, -3.715076260999977, 0.0 ], [ 128.085153749000028, -3.714968298999959, 0.0 ], [ 128.085048958000016, -3.714869672999952, 0.0 ], [ 128.084937236000087, -3.714778311999964, 0.0 ], [ 128.084825513000055, -3.714686941999962, 0.0 ], [ 128.08476620600004, -3.714637947999964, 0.0 ], [ 128.084714251000037, -3.714595028999956, 0.0 ], [ 128.084603277000042, -3.714502755999945, 0.0 ], [ 128.084499262, -3.714402799999951, 0.0 ], [ 128.084397483000089, -3.714300367999959, 0.0 ], [ 128.084288997000044, -3.714205256999941, 0.0 ], [ 128.084179105000089, -3.714111662999923, 0.0 ], [ 128.084069213000021, -3.714018078999975, 0.0 ], [ 128.083966207000117, -3.713917147999951, 0.0 ], [ 128.083866772000079, -3.713812420999944, 0.0 ], [ 128.083767337000069, -3.713707684999969, 0.0 ], [ 128.083667901000013, -3.713602948999952, 0.0 ], [ 128.083560523000074, -3.713507412999942, 0.0 ], [ 128.083443373000023, -3.713423182999969, 0.0 ], [ 128.083412456000019, -3.713400953999946, 0.0 ], [ 128.083392892000035, -3.713386887999945, 0.0 ], [ 128.083326223000086, -3.713338953999933, 0.0 ], [ 128.083221081000033, -3.713240534999954, 0.0 ], [ 128.083119321000027, -3.713138120999936, 0.0 ], [ 128.083011808000037, -3.713042132999923, 0.0 ], [ 128.082899248000103, -3.712951810999928, 0.0 ], [ 128.082786678000048, -3.712861489999969, 0.0 ], [ 128.082749534000072, -3.712722995999969, 0.0 ], [ 128.082715859000018, -3.712582280999921, 0.0 ], [ 128.082673627000077, -3.712444460999964, 0.0 ], [ 128.082615784000041, -3.712311906999962, 0.0 ], [ 128.082557203000079, -3.712179714999929, 0.0 ], [ 128.082491244000039, -3.712051032999972, 0.0 ], [ 128.082425285000113, -3.71192236099995, 0.0 ], [ 128.082347765, -3.711801717999947, 0.0 ], [ 128.082251205000063, -3.711694306999963, 0.0 ], [ 128.082229487000063, -3.711666525999939, 0.0 ], [ 128.082162242000095, -3.71158050899993, 0.0 ], [ 128.082073947000026, -3.711466159999926, 0.0 ], [ 128.081970996000109, -3.711364911999967, 0.0 ], [ 128.081908924000118, -3.711302479999975, 0.0 ], [ 128.08186919100001, -3.711262515999977, 0.0 ], [ 128.081769026000075, -3.711158493999961, 0.0 ], [ 128.081649919000029, -3.711077075999975, 0.0 ], [ 128.081532003, -3.710993993999977, 0.0 ], [ 128.081438622000064, -3.71092176599995, 0.0 ], [ 128.081417847000012, -3.710905696999931, 0.0 ], [ 128.081305846000078, -3.710814977999977, 0.0 ], [ 128.081205032000071, -3.710711578999964, 0.0 ], [ 128.081104786000083, -3.710607628999975, 0.0 ], [ 128.08100527900001, -3.710502964999935, 0.0 ], [ 128.080895378000037, -3.710409732999943, 0.0 ], [ 128.080782629000055, -3.710319645999957, 0.0 ], [ 128.08066305300008, -3.710238977999954, 0.0 ], [ 128.080542937000018, -3.71015905099995, 0.0 ], [ 128.080420512000046, -3.710082775999983, 0.0 ], [ 128.080297798000061, -3.710006943999931, 0.0 ], [ 128.080177150000054, -3.709927856999971, 0.0 ], [ 128.080056907000085, -3.709848155999964, 0.0 ], [ 128.079941480000116, -3.709761548999944, 0.0 ], [ 128.079826053000033, -3.709674932999967, 0.0 ], [ 128.079703971000072, -3.709598178999948, 0.0 ], [ 128.079581357000052, -3.709522192999941, 0.0 ], [ 128.079459211000085, -3.709445474999933, 0.0 ], [ 128.079337481000039, -3.709368087999962, 0.0 ], [ 128.079220564000025, -3.70928518799997, 0.0 ], [ 128.079128007, -3.709174334999944, 0.0 ], [ 128.079051712000023, -3.709053973999966, 0.0 ], [ 128.079001094000091, -3.708918586999977, 0.0 ], [ 128.078969201000064, -3.708779338999931, 0.0 ], [ 128.07896302100005, -3.708634781999931, 0.0 ], [ 128.078959155, -3.708490126999955, 0.0 ], [ 128.078956927000036, -3.708345418999949, 0.0 ], [ 128.078952962000017, -3.708200745999931, 0.0 ], [ 128.078938676, -3.708057952999974, 0.0 ], [ 128.078904842000043, -3.707959231999951, 0.0 ], [ 128.07889181500002, -3.707921221999927, 0.0 ], [ 128.078880521000087, -3.707883677999968, 0.0 ], [ 128.078850205000094, -3.707782895999974, 0.0 ], [ 128.078810784000098, -3.707643902999969, 0.0 ], [ 128.078764536000108, -3.707506892999954, 0.0 ], [ 128.078707639000072, -3.707374610999977, 0.0 ], [ 128.078638672000011, -3.707247671999931, 0.0 ], [ 128.078551124000114, -3.707133676999951, 0.0 ], [ 128.078457016000016, -3.707024250999952, 0.0 ], [ 128.078432256000042, -3.706997777999966, 0.0 ], [ 128.078358420000086, -3.706918836999926, 0.0 ], [ 128.078256281000108, -3.706817037999941, 0.0 ], [ 128.078251820000105, -3.70681316099996, 0.0 ], [ 128.078224748000025, -3.706789633999957, 0.0 ], [ 128.07815797, -3.70673159999995, 0.0 ], [ 128.078154490000088, -3.706728574999938, 0.0 ], [ 128.078153264000093, -3.706727509999943, 0.0 ], [ 128.078150249000032, -3.706724888999922, 0.0 ], [ 128.078148250000027, -3.706723151999931, 0.0 ], [ 128.078148011000053, -3.706722944999967, 0.0 ], [ 128.078147617000013, -3.706722601999954, 0.0 ], [ 128.078147328000114, -3.706722350999939, 0.0 ], [ 128.078146778000018, -3.706721910999931, 0.0 ], [ 128.07814673200005, -3.706721874999964, 0.0 ], [ 128.078146493000077, -3.706721683999938, 0.0 ], [ 128.078034796000111, -3.706632435999944, 0.0 ], [ 128.077914428000099, -3.706552942999958, 0.0 ], [ 128.077798676000043, -3.706467175999936, 0.0 ], [ 128.077686874000051, -3.706376022999964, 0.0 ], [ 128.077620917000104, -3.706278860999927, 0.0 ], [ 128.077605932000097, -3.706256786999977, 0.0 ], [ 128.077526856000077, -3.706135834999944, 0.0 ], [ 128.077442878000056, -3.706018251999978, 0.0 ], [ 128.077354454000101, -3.705907049999955, 0.0 ], [ 128.077215882000019, -3.705867655999948, 0.0 ], [ 128.077075915000023, -3.705837630999947, 0.0 ], [ 128.076988054000026, -3.705836021999965, 0.0 ], [ 128.076969568000095, -3.705835682999976, 0.0 ], [ 128.076931885000022, -3.705834992999944, 0.0 ], [ 128.07678867900006, -3.705845507999919, 0.0 ], [ 128.076646129000096, -3.705866408999956, 0.0 ], [ 128.076509352000016, -3.705911285999941, 0.0 ], [ 128.076372656000132, -3.705956715999949, 0.0 ], [ 128.076370756000074, -3.70593461899995, 0.0 ], [ 128.076369834000047, -3.705923889999956, 0.0 ], [ 128.076360138000041, -3.705811101999934, 0.0 ], [ 128.076336298000115, -3.705668361999926, 0.0 ], [ 128.076312450000046, -3.705525630999942, 0.0 ], [ 128.076289736000035, -3.705382720999982, 0.0 ], [ 128.076268716000072, -3.705239530999955, 0.0 ], [ 128.076247695, -3.705096350999951, 0.0 ], [ 128.076226675000044, -3.704953170999949, 0.0 ], [ 128.076207302000057, -3.70480975699997, 0.0 ], [ 128.076188830000092, -3.704666217999941, 0.0 ], [ 128.076170349000108, -3.704522678999975, 0.0 ], [ 128.076151454000069, -3.704379201999925, 0.0 ], [ 128.076129380000111, -3.704236183999964, 0.0 ], [ 128.076097218000086, -3.704095605999946, 0.0 ], [ 128.076051943000039, -3.703958207999961, 0.0 ], [ 128.076005759000054, -3.703821115999969, 0.0 ], [ 128.075959160000025, -3.703684159999961, 0.0 ], [ 128.075937795000073, -3.70360627799994, 0.0 ], [ 128.075928328000032, -3.703571766999969, 0.0 ], [ 128.075920910000036, -3.703544724999976, 0.0 ], [ 128.075883858000111, -3.703404919999963, 0.0 ], [ 128.075841772000103, -3.703266529999956, 0.0 ], [ 128.07579622600008, -3.703129528999968, 0.0 ], [ 128.075731593000114, -3.703000179999947, 0.0 ], [ 128.075666860000069, -3.702870883999938, 0.0 ], [ 128.075597443000106, -3.702744061999968, 0.0 ], [ 128.075536296000109, -3.702632348999946, 0.0 ], [ 128.075498141000025, -3.702569272999944, 0.0 ], [ 128.075451653000073, -3.702494653999961, 0.0 ], [ 128.075374866000061, -3.702372301999959, 0.0 ], [ 128.075288274000059, -3.702256877999953, 0.0 ], [ 128.075198854000064, -3.702143440999981, 0.0 ], [ 128.075099997000052, -3.702038804999979, 0.0 ], [ 128.074993740000082, -3.70194106199994, 0.0 ], [ 128.074968311000021, -3.701921280999952, 0.0 ], [ 128.074879856000052, -3.701852475999939, 0.0 ], [ 128.07476675700002, -3.701762885999925, 0.0 ], [ 128.074656372000049, -3.701669905999952, 0.0 ], [ 128.074545986000089, -3.701576926999957, 0.0 ], [ 128.074434528000097, -3.70148523999995, 0.0 ], [ 128.074322835000089, -3.701393841999957, 0.0 ], [ 128.074204696000038, -3.701311030999928, 0.0 ], [ 128.0740838050001, -3.701232911999966, 0.0 ], [ 128.07395439000004, -3.701169419999926, 0.0 ], [ 128.07382555300012, -3.701104778999938, 0.0 ], [ 128.07369850200007, -3.70103663099996, 0.0 ], [ 128.07357037700001, -3.700970607999981, 0.0 ], [ 128.073439663000045, -3.700909772999976, 0.0 ], [ 128.073308831000077, -3.700849182999952, 0.0 ], [ 128.073176493000119, -3.700792001999964, 0.0 ], [ 128.073045246000106, -3.700732406999969, 0.0 ], [ 128.072916138000096, -3.700668208999955, 0.0 ], [ 128.072789421000039, -3.700599427999969, 0.0 ], [ 128.072665509000103, -3.700526126999934, 0.0 ], [ 128.072556359000032, -3.700431664999944, 0.0 ], [ 128.07245186900002, -3.700333245999955, 0.0 ], [ 128.072377317000019, -3.700209403999962, 0.0 ], [ 128.072308909000071, -3.700082356999922, 0.0 ], [ 128.072249780000107, -3.699950461999954, 0.0 ], [ 128.072185300000115, -3.699821464999959, 0.0 ], [ 128.072112730000072, -3.699696846999933, 0.0 ], [ 128.072026923000067, -3.699580952999946, 0.0 ], [ 128.071931353000082, -3.699476138999962, 0.0 ], [ 128.071796271000039, -3.699425829999945, 0.0 ], [ 128.0716588680001, -3.699389936999983, 0.0 ], [ 128.071514885000056, -3.699394895999943, 0.0 ], [ 128.071371187000068, -3.699403492999979, 0.0 ], [ 128.071228129000019, -3.699420601999975, 0.0 ], [ 128.071085585000105, -3.699419013999946, 0.0 ], [ 128.070943705000104, -3.699393906999944, 0.0 ], [ 128.070811188000107, -3.699343690999974, 0.0 ], [ 128.07068781800001, -3.699268951999959, 0.0 ], [ 128.070575296000015, -3.699179, 0.0 ], [ 128.07046480300005, -3.699086209999957, 0.0 ], [ 128.070348620000118, -3.699001518999978, 0.0 ], [ 128.070226014000013, -3.698928481999932, 0.0 ], [ 128.070091825000077, -3.698876399999967, 0.0 ], [ 128.06997775800005, -3.698791647999943, 0.0 ], [ 128.069899826000096, -3.69867992299993, 0.0 ], [ 128.069889298000021, -3.698535640999975, 0.0 ], [ 128.069878778000088, -3.698391368999977, 0.0 ], [ 128.069864071000097, -3.698247425999969, 0.0 ], [ 128.069848293000064, -3.698103572999972, 0.0 ], [ 128.069791097, -3.697975189999973, 0.0 ], [ 128.069704596000065, -3.697860444999941, 0.0 ], [ 128.069600098000024, -3.697760894999932, 0.0 ], [ 128.069498368000041, -3.697658714999939, 0.0 ], [ 128.069405434000032, -3.697548195999957, 0.0 ], [ 128.069312509000042, -3.697437685999945, 0.0 ], [ 128.069244164000111, -3.697310602999954, 0.0 ], [ 128.0691766220001, -3.697182995999982, 0.0 ], [ 128.069148667000036, -3.697042295999951, 0.0 ], [ 128.069128674000012, -3.69689896299997, 0.0 ], [ 128.069136855000011, -3.696755650999935, 0.0 ], [ 128.069156913000029, -3.696612341999976, 0.0 ], [ 128.069189744000028, -3.696471769999965, 0.0 ], [ 128.069229652000104, -3.696332696999951, 0.0 ], [ 128.069240470000068, -3.69619077199996, 0.0 ], [ 128.069228158000101, -3.696046569999969, 0.0 ], [ 128.069143842000017, -3.695935444999979, 0.0 ], [ 128.06904332900001, -3.695831755999961, 0.0 ], [ 128.068932890000042, -3.695739128999952, 0.0 ], [ 128.068820378000055, -3.695648796999937, 0.0 ], [ 128.068702681000104, -3.695565741999931, 0.0 ], [ 128.068581008000024, -3.695488236999946, 0.0 ], [ 128.068468875, -3.695397461999963, 0.0 ], [ 128.068359870000108, -3.695303027999959, 0.0 ], [ 128.068257311000025, -3.695201380999955, 0.0 ], [ 128.068153688000052, -3.695100854999969, 0.0 ], [ 128.068049254000016, -3.695001151999969, 0.0 ], [ 128.067942205, -3.694904312999936, 0.0 ], [ 128.067834463000054, -3.694808241999959, 0.0 ], [ 128.067717614000145, -3.69472372199993, 0.0 ], [ 128.067600369000047, -3.694639689999978, 0.0 ], [ 128.067485332000047, -3.694552820999947, 0.0 ], [ 128.067368520000059, -3.694468291999958, 0.0 ], [ 128.067250201000093, -3.694385723999976, 0.0 ], [ 128.067130341000052, -3.694305524999943, 0.0 ], [ 128.067007559000103, -3.694229826999951, 0.0 ], [ 128.066889972000013, -3.694157356999937, 0.0 ], [ 128.066883085000086, -3.694152427999944, 0.0 ], [ 128.066762201000074, -3.694078640999983, 0.0 ], [ 128.066633787000114, -3.694014569999982, 0.0 ], [ 128.066503010000019, -3.693955218999969, 0.0 ], [ 128.066504060000057, -3.693925439999933, 0.0 ], [ 128.066505314000096, -3.693889876999944, 0.0 ], [ 128.066505753000115, -3.693877438999952, 0.0 ], [ 128.066510598000036, -3.693740097999975, 0.0 ], [ 128.066499159000045, -3.693661490999944, 0.0 ], [ 128.066482862000043, -3.693549499999952, 0.0 ], [ 128.0664118440001, -3.693061469999972, 0.0 ], [ 128.06638290300009, -3.692862587999973, 0.0 ], [ 128.066379162000089, -3.692668620999931, 0.0 ], [ 128.066373283000075, -3.692363816999936, 0.0 ], [ 128.066366304000098, -3.69200195499996, 0.0 ], [ 128.066363785000021, -3.691871377999977, 0.0 ], [ 128.066345870000077, -3.690942513999977, 0.0 ], [ 128.066334491000021, -3.690352568999967, 0.0 ], [ 128.066329404000044, -3.69008881899993, 0.0 ], [ 128.066317749000063, -3.689484513999964, 0.0 ], [ 128.066346648000035, -3.68909371299997, 0.0 ], [ 128.066436397000075, -3.687880039999924, 0.0 ], [ 128.066457889000048, -3.687589400999974, 0.0 ], [ 128.066511566000031, -3.686863530999969, 0.0 ], [ 128.066609770000014, -3.68553550099994, 0.0 ], [ 128.066627278000055, -3.68529873999995, 0.0 ], [ 128.066735740000013, -3.683831964999974, 0.0 ], [ 128.066855079000106, -3.683043977999944, 0.0 ], [ 128.066951869000036, -3.682404875999965, 0.0 ], [ 128.067030904000035, -3.68188300999998, 0.0 ], [ 128.067103048000035, -3.681406645999967, 0.0 ], [ 128.067180784000016, -3.680893352999929, 0.0 ], [ 128.067275833000053, -3.680265739999924, 0.0 ], [ 128.067514005000021, -3.678693076999938, 0.0 ], [ 128.06766196500007, -3.677716081999961, 0.0 ], [ 128.067755348000105, -3.677099465999962, 0.0 ], [ 128.067760856000064, -3.677063094999939, 0.0 ], [ 128.067817321, -3.676690245999968, 0.0 ], [ 128.067842255000073, -3.676525601999967, 0.0 ], [ 128.067955960000063, -3.67637375799995, 0.0 ], [ 128.068219285000083, -3.676022106999933, 0.0 ], [ 128.068413582000062, -3.675762638999969, 0.0 ], [ 128.068431811000096, -3.675738294999969, 0.0 ], [ 128.068602758000111, -3.675510006999959, 0.0 ], [ 128.069008703, -3.674967895999945, 0.0 ], [ 128.069056653000075, -3.674903861999955, 0.0 ], [ 128.06954625100002, -3.674250037999969, 0.0 ], [ 128.069710106000116, -3.674031220999954, 0.0 ], [ 128.070189950000099, -3.673390419999973, 0.0 ], [ 128.070816462000039, -3.67255375099995, 0.0 ], [ 128.070920678000107, -3.672479588999981, 0.0 ], [ 128.07157436500006, -3.672014411999951, 0.0 ], [ 128.072561660000019, -3.671311829999983, 0.0 ], [ 128.073052712000049, -3.670962385999925, 0.0 ], [ 128.073368900000105, -3.670737377999963, 0.0 ], [ 128.073613604000116, -3.670563239999983, 0.0 ], [ 128.073638748, -3.670545346999977, 0.0 ], [ 128.073731200000111, -3.670479555999969, 0.0 ], [ 128.073832089000035, -3.670378986999936, 0.0 ], [ 128.074032799000094, -3.670264929999981, 0.0 ], [ 128.074295040000038, -3.670078311999926, 0.0 ], [ 128.07520021400012, -3.669434162999946, 0.0 ], [ 128.075664297000117, -3.669103906999964, 0.0 ], [ 128.0758978020001, -3.668937736999969, 0.0 ], [ 128.075898148000078, -3.668937490999955, 0.0 ], [ 128.075899632000073, -3.668940308999937, 0.0 ], [ 128.076088236000032, -3.669298419999953, 0.0 ], [ 128.076640232000045, -3.669686452999938, 0.0 ], [ 128.077068911000083, -3.669815788999933, 0.0 ], [ 128.077645077000057, -3.669910267999965, 0.0 ], [ 128.078073461000031, -3.66983247699995, 0.0 ], [ 128.078922619000082, -3.66950476499994, 0.0 ], [ 128.079156295000075, -3.669450242999968, 0.0 ], [ 128.079389964000029, -3.669403542999934, 0.0 ], [ 128.079646962000083, -3.669388160999977, 0.0 ], [ 128.079857148000087, -3.66945878999997, 0.0 ], [ 128.0799660670001, -3.669560607999926, 0.0 ], [ 128.079997104000086, -3.669670169999962, 0.0 ], [ 128.079973567000025, -3.669842264999946, 0.0 ], [ 128.079817659000014, -3.669998573999981, 0.0 ], [ 128.079139407000071, -3.670733286999955, 0.0 ], [ 128.078998970000043, -3.670991317999955, 0.0 ], [ 128.078897398000095, -3.671319802999955, 0.0 ], [ 128.078842662000056, -3.671538804999959, 0.0 ], [ 128.078811279000092, -3.671765655999939, 0.0 ], [ 128.078818922000096, -3.671906487999935, 0.0 ], [ 128.078926049000074, -3.672065925999964, 0.0 ], [ 128.079725427000085, -3.672543921999927, 0.0 ], [ 128.08003283000005, -3.672807450999923, 0.0 ], [ 128.080211476000045, -3.673261401999973, 0.0 ], [ 128.080234301000019, -3.673785602999945, 0.0 ], [ 128.080249355000092, -3.674294148999936, 0.0 ], [ 128.080202062000012, -3.674849571999976, 0.0 ], [ 128.08026381600007, -3.675381636999925, 0.0 ], [ 128.080494221000095, -3.675709241999927, 0.0 ], [ 128.080738238000094, -3.675976717999955, 0.0 ], [ 128.081080772000064, -3.676086600999954, 0.0 ], [ 128.081267661000084, -3.676094616999939, 0.0 ], [ 128.081438985000091, -3.676094793999936, 0.0 ], [ 128.081633742, -3.676024583999946, 0.0 ], [ 128.081922028, -3.675876233999926, 0.0 ], [ 128.082132392000062, -3.675774744999956, 0.0 ], [ 128.082412746000074, -3.675767209999948, 0.0 ], [ 128.082607296000106, -3.67590041099993, 0.0 ], [ 128.082731727, -3.676064833999928, 0.0 ], [ 128.082786135000106, -3.676166596999963, 0.0 ], [ 128.082778139000084, -3.676370000999956, 0.0 ], [ 128.082680998000114, -3.676667013999968, 0.0 ], [ 128.082627570000113, -3.676923341999948, 0.0 ], [ 128.082654494000053, -3.677107587999949, 0.0 ], [ 128.08282920900001, -3.677308125999956, 0.0 ], [ 128.08308648600007, -3.67744930599997, 0.0 ], [ 128.083540075000087, -3.677575613999975, 0.0 ], [ 128.08374268700004, -3.677562014999976, 0.0 ], [ 128.084225616000026, -3.677333789999978, 0.0 ], [ 128.084529581000083, -3.677083748999962, 0.0 ], [ 128.084794457000044, -3.676982314999975, 0.0 ], [ 128.084950142000054, -3.677045063999962, 0.0 ], [ 128.085121313000059, -3.677193887999968, 0.0 ], [ 128.085175602000049, -3.677413003999958, 0.0 ], [ 128.085268652000082, -3.677804277999942, 0.0 ], [ 128.085315034000018, -3.678140737999962, 0.0 ], [ 128.085337966000111, -3.678563233999964, 0.0 ], [ 128.085368764, -3.678907502999955, 0.0 ], [ 128.085321657, -3.679282984999922, 0.0 ], [ 128.085336961000053, -3.679549001999933, 0.0 ], [ 128.085422399000095, -3.679768148999923, 0.0 ], [ 128.085474229000056, -3.679938784999941, 0.0 ], [ 128.085787866000032, -3.680300526999924, 0.0 ], [ 128.08607895800003, -3.680430767999952, 0.0 ], [ 128.086371758000041, -3.680465422999934, 0.0 ], [ 128.086698815000091, -3.680481405999958, 0.0 ], [ 128.087002558000108, -3.680450423999956, 0.0 ], [ 128.087360853000064, -3.68038037999997, 0.0 ], [ 128.08757111400007, -3.680380595999968, 0.0 ], [ 128.08780467400004, -3.680443424999961, 0.0 ], [ 128.087993494000102, -3.680556833999953, 0.0 ], [ 128.088341667, -3.680780388999955, 0.0 ], [ 128.088528415000042, -3.680929228999962, 0.0 ], [ 128.088652886000091, -3.681054532999952, 0.0 ], [ 128.088660523000044, -3.681203188999975, 0.0 ], [ 128.088699325000107, -3.681336229999938, 0.0 ], [ 128.088730308000095, -3.681500555999946, 0.0 ], [ 128.088800331000044, -3.681563215999971, 0.0 ], [ 128.089010522000081, -3.681633844999964, 0.0 ], [ 128.089150601000028, -3.681727870999962, 0.0 ], [ 128.089282876000084, -3.681837535999935, 0.0 ], [ 128.089352781000116, -3.682017549999948, 0.0 ], [ 128.089383724000072, -3.682220994999958, 0.0 ], [ 128.089336816000014, -3.682400887999955, 0.0 ], [ 128.08930546800002, -3.682596444999946, 0.0 ], [ 128.08928190600011, -3.682792009999956, 0.0 ], [ 128.08922718000008, -3.683003190999963, 0.0 ], [ 128.089197026000079, -3.683161578999947, 0.0 ], [ 128.089219154000034, -3.683237888999941, 0.0 ], [ 128.089359161000061, -3.683402327999942, 0.0 ], [ 128.089421310000034, -3.683551039999934, 0.0 ], [ 128.089491183000064, -3.683762347999953, 0.0 ], [ 128.089560992000088, -3.684036243999966, 0.0 ], [ 128.089529754000068, -3.68412227099998, 0.0 ], [ 128.089475107000112, -3.68425521599994, 0.0 ], [ 128.089412727000081, -3.684333387999973, 0.0 ], [ 128.089342592000094, -3.684380256999936, 0.0 ], [ 128.08924132300001, -3.684411446999949, 0.0 ], [ 128.089132250000034, -3.684458275999932, 0.0 ], [ 128.089087643000084, -3.684491260999945, 0.0 ], [ 128.089070251000066, -3.684591166999955, 0.0 ], [ 128.089077491000012, -3.684700751999963, 0.0 ], [ 128.088983905000077, -3.684833655999967, 0.0 ], [ 128.0888670060001, -3.684919594999942, 0.0 ], [ 128.08876568900007, -3.684997726999931, 0.0 ], [ 128.088718836000112, -3.685122854999973, 0.0 ], [ 128.0887108820001, -3.685287141999928, 0.0 ], [ 128.088741920000075, -3.685396703999975, 0.0 ], [ 128.088819732000047, -3.685459371999971, 0.0 ], [ 128.088928733000103, -3.685482954999942, 0.0 ], [ 128.089061073000039, -3.685530032999957, 0.0 ], [ 128.089193492000049, -3.685498873999965, 0.0 ], [ 128.089271471000075, -3.685397246999968, 0.0 ], [ 128.089341685000022, -3.685272142999956, 0.0 ], [ 128.089411860000041, -3.685186155999934, 0.0 ], [ 128.089536555000109, -3.68509240099997, 0.0 ], [ 128.089637817000039, -3.685069033999974, 0.0 ], [ 128.089762346000043, -3.685139573999945, 0.0 ], [ 128.089863520000108, -3.685202265999979, 0.0 ], [ 128.089941299000088, -3.685296228999963, 0.0 ], [ 128.089995716000089, -3.685390167999969, 0.0 ], [ 128.0899722260001, -3.685515319999971, 0.0 ], [ 128.0899098000001, -3.685640433999934, 0.0 ], [ 128.089824049000072, -3.685726404999975, 0.0 ], [ 128.089746102000049, -3.685796735999937, 0.0 ], [ 128.089722628000118, -3.685906241999934, 0.0 ], [ 128.089745760000028, -3.68613314999994, 0.0 ], [ 128.089799987000106, -3.68641485399996, 0.0 ], [ 128.089792088000081, -3.686524375999968, 0.0 ], [ 128.089807345000054, -3.686837333999958, 0.0 ], [ 128.089853823000141, -3.687079911999944, 0.0 ], [ 128.089861412000118, -3.687275509999943, 0.0 ], [ 128.089853513000094, -3.687385030999959, 0.0 ], [ 128.089962427000046, -3.687494672999946, 0.0 ], [ 128.090086683000095, -3.687532836999932, 0.0 ], [ 128.090281667000113, -3.687541941999945, 0.0 ], [ 128.090523104000113, -3.687518718999963, 0.0 ], [ 128.090819062000037, -3.687487727999957, 0.0 ], [ 128.09096700900011, -3.687503526999928, 0.0 ], [ 128.091099389000078, -3.687511486999935, 0.0 ], [ 128.091239502, -3.687574218999949, 0.0 ], [ 128.091325093000023, -3.687644717999944, 0.0 ], [ 128.091324990000089, -3.687746424999948, 0.0 ], [ 128.091285949000053, -3.687848090999977, 0.0 ], [ 128.09123133300011, -3.68794974199994, 0.0 ], [ 128.09117668500005, -3.68808268599997, 0.0 ], [ 128.091176510000082, -3.688254804999928, 0.0 ], [ 128.091191958000081, -3.688379996999966, 0.0 ], [ 128.091230777000078, -3.688497390999939, 0.0 ], [ 128.091324147000023, -3.688575721999942, 0.0 ], [ 128.091433229000017, -3.688521068999929, 0.0 ], [ 128.091557900000112, -3.688450784999933, 0.0 ], [ 128.091713723000112, -3.688380531999947, 0.0 ], [ 128.091853858000036, -3.688419792999976, 0.0 ], [ 128.091978396000059, -3.688482509999964, 0.0 ], [ 128.092126169000039, -3.688670426999973, 0.0 ], [ 128.092235011000071, -3.688850480999974, 0.0 ], [ 128.092289397000059, -3.688975712999935, 0.0 ], [ 128.092289270000038, -3.689100890999959, 0.0 ], [ 128.092357801000048, -3.689190063999944, 0.0 ], [ 128.09247356100002, -3.689246496999937, 0.0 ], [ 128.092592778000039, -3.689304614999965, 0.0 ], [ 128.09270971300009, -3.689307908999976, 0.0 ], [ 128.092880909000087, -3.689312731999961, 0.0 ], [ 128.093184600000086, -3.68933651399993, 0.0 ], [ 128.09337154800005, -3.68928976399996, 0.0 ], [ 128.093535103000022, -3.689274283999971, 0.0 ], [ 128.093690822000099, -3.68930573799997, 0.0 ], [ 128.09379973700004, -3.689415378999967, 0.0 ], [ 128.09397867600012, -3.689587680999975, 0.0 ], [ 128.094165387000089, -3.689775637999952, 0.0 ], [ 128.094344248000084, -3.690026174999955, 0.0 ], [ 128.094491815000083, -3.690417504999972, 0.0 ], [ 128.094592680000119, -3.69078531599996, 0.0 ], [ 128.094498905000052, -3.691105985999968, 0.0 ], [ 128.094490983000014, -3.691238979999976, 0.0 ], [ 128.094397365000077, -3.691403178999959, 0.0 ], [ 128.094334907000075, -3.691559585999918, 0.0 ], [ 128.094327543000077, -3.69170874599996, 0.0 ], [ 128.094334653000061, -3.691809940999973, 0.0 ], [ 128.094435693000037, -3.692005632999956, 0.0 ], [ 128.094513450000022, -3.692123066999959, 0.0 ], [ 128.094606829000099, -3.692193573999938, 0.0 ], [ 128.094708060000016, -3.692201500999941, 0.0 ], [ 128.094957286000067, -3.692178285999942, 0.0 ], [ 128.09520648900002, -3.692178539999935, 0.0 ], [ 128.09560358400006, -3.692249357999965, 0.0 ], [ 128.095720303, -3.692343359999936, 0.0 ], [ 128.095782532000044, -3.692413835999953, 0.0 ], [ 128.095774633000019, -3.692523357999956, 0.0 ], [ 128.095673292000015, -3.692624960999979, 0.0 ], [ 128.095547154000087, -3.692788359999956, 0.0 ], [ 128.095412131000103, -3.693066647999951, 0.0 ], [ 128.095387863000042, -3.693218040999971, 0.0 ], [ 128.095360559000028, -3.693390626999934, 0.0 ], [ 128.0953453300001, -3.693545056999939, 0.0 ], [ 128.095326913, -3.693872096999935, 0.0 ], [ 128.095383962000028, -3.69409322299993, 0.0 ], [ 128.095543407000036, -3.694408331999961, 0.0 ], [ 128.095705992000035, -3.694599283999931, 0.0 ], [ 128.095790330000113, -3.694662964999969, 0.0 ], [ 128.095805356000028, -3.694708404999969, 0.0 ], [ 128.095699610000111, -3.694947534999919, 0.0 ], [ 128.095548602, -3.695232043999959, 0.0 ], [ 128.095485088000032, -3.695440933999972, 0.0 ], [ 128.095515164000062, -3.695507587999947, 0.0 ], [ 128.095545247000047, -3.695568184999952, 0.0 ], [ 128.095647684000028, -3.695619770999936, 0.0 ], [ 128.095795381000016, -3.695629006999975, 0.0 ], [ 128.095961192000118, -3.695611005999975, 0.0 ], [ 128.096223555000051, -3.695502253999962, 0.0 ], [ 128.096286883000062, -3.695478092999954, 0.0 ], [ 128.096365252000055, -3.695484229999975, 0.0 ], [ 128.096425518000046, -3.695505488999977, 0.0 ], [ 128.096530949000112, -3.695578276999929, 0.0 ], [ 128.096615282000016, -3.695648013999977, 0.0 ], [ 128.096735744000057, -3.695760185999977, 0.0 ], [ 128.096925376000058, -3.696032928999949, 0.0 ], [ 128.096982549000018, -3.696132922999935, 0.0 ], [ 128.097015573000022, -3.696266201999943, 0.0 ], [ 128.09702750800011, -3.696387347999974, 0.0 ], [ 128.097009286000116, -3.696520575999961, 0.0 ], [ 128.096973022000043, -3.696611388999933, 0.0 ], [ 128.096918679000055, -3.696693097999967, 0.0 ], [ 128.096810079000079, -3.696774752999941, 0.0 ], [ 128.096734705000017, -3.696786788999927, 0.0 ], [ 128.096668401000102, -3.696774607999935, 0.0 ], [ 128.096568974000093, -3.696726052999958, 0.0 ], [ 128.096469597, -3.696629044999954, 0.0 ], [ 128.096081063000042, -3.696307644999941, 0.0 ], [ 128.095809935000034, -3.696140809999971, 0.0 ], [ 128.095571913000072, -3.696025489999948, 0.0 ], [ 128.095442343000059, -3.695976903999962, 0.0 ], [ 128.095339869000099, -3.695961656999946, 0.0 ], [ 128.095219286000088, -3.695967590999947, 0.0 ], [ 128.09511679000002, -3.695973541999932, 0.0 ], [ 128.095014285000047, -3.695988578999965, 0.0 ], [ 128.094914770000059, -3.696027845999931, 0.0 ], [ 128.094833322000113, -3.696085300999918, 0.0 ], [ 128.094751369000051, -3.69618597399994, 0.0 ], [ 128.094721633000063, -3.696239630999974, 0.0 ], [ 128.094697450000012, -3.69630622999995, 0.0 ], [ 128.09470641900009, -3.696378918999924, 0.0 ], [ 128.094742525000015, -3.696445579999925, 0.0 ], [ 128.094838878000019, -3.696551669999963, 0.0 ], [ 128.094953300000043, -3.696675947999948, 0.0 ], [ 128.095079785000053, -3.696794181999956, 0.0 ], [ 128.095191177000061, -3.696933599999973, 0.0 ], [ 128.095287485000085, -3.697085113999952, 0.0 ], [ 128.095344541000031, -3.697300183999971, 0.0 ], [ 128.095356436000088, -3.697460697999922, 0.0 ], [ 128.095407567000052, -3.697572797999955, 0.0 ], [ 128.09543760400004, -3.697678819999968, 0.0 ], [ 128.095461556000032, -3.697839345999969, 0.0 ], [ 128.09548251700005, -3.697978670999934, 0.0 ], [ 128.095419064000112, -3.698126993999951, 0.0 ], [ 128.095304328000111, -3.69831160499996, 0.0 ], [ 128.095240795000109, -3.698538664999951, 0.0 ], [ 128.095186253000065, -3.698817214999961, 0.0 ], [ 128.095210221000116, -3.698962599999964, 0.0 ], [ 128.095240255000022, -3.699071649999956, 0.0 ], [ 128.095294398000078, -3.699186781999968, 0.0 ], [ 128.095387673000118, -3.699356463999943, 0.0 ], [ 128.095598479000046, -3.699556549999958, 0.0 ], [ 128.095851539000023, -3.699705195999972, 0.0 ], [ 128.096101660000045, -3.69978116099997, 0.0 ], [ 128.096318655000118, -3.699823778999922, 0.0 ], [ 128.096538696000039, -3.699836117999954, 0.0 ], [ 128.096903428000019, -3.699848603999948, 0.0 ], [ 128.097491219000062, -3.699870401999932, 0.0 ], [ 128.097753495, -3.699849471999927, 0.0 ], [ 128.098018816000035, -3.699798260999961, 0.0 ], [ 128.09836554900005, -3.699725934999951, 0.0 ], [ 128.098606650000107, -3.699777661999972, 0.0 ], [ 128.099025481000012, -3.699950703999943, 0.0 ], [ 128.09928767800011, -3.700008509999978, 0.0 ], [ 128.099027907000021, -3.700532146999931, 0.0 ], [ 128.098943351000116, -3.700683476999919, 0.0 ], [ 128.098876917000098, -3.700798485999946, 0.0 ], [ 128.098846675000118, -3.700895360999931, 0.0 ], [ 128.098864691000017, -3.700965031999948, 0.0 ], [ 128.098903808000046, -3.701034722999966, 0.0 ], [ 128.100394701000027, -3.700639800999972, 0.0 ], [ 128.100490616000116, -3.700747081999956, 0.0 ], [ 128.100546540000096, -3.700835566999956, 0.0 ], [ 128.100589117000027, -3.700934755999985, 0.0 ], [ 128.100636966000025, -3.701095580999954, 0.0 ], [ 128.100671480000074, -3.701256393999924, 0.0 ], [ 128.100695355000084, -3.701385039999935, 0.0 ], [ 128.100743192000095, -3.701559262999972, 0.0 ], [ 128.100761736000095, -3.701685224999943, 0.0 ], [ 128.100774886000067, -3.701870130999965, 0.0 ], [ 128.100886435, -3.701896789999978, 0.0 ], [ 128.100976834000107, -3.701930193999948, 0.0 ], [ 128.101121411, -3.702045416999972, 0.0 ], [ 128.101458621, -3.702448528999976, 0.0 ], [ 128.101759670000092, -3.702839489999969, 0.0 ], [ 128.101741489000119, -3.702933349999965, 0.0 ], [ 128.101747463000038, -3.702987866999937, 0.0 ], [ 128.101798568000049, -3.703127220999929, 0.0 ], [ 128.102198868000073, -3.703742380999922, 0.0 ], [ 128.102349505, -3.703827326999948, 0.0 ], [ 128.102539427000011, -3.703815406999981, 0.0 ], [ 128.102816633000089, -3.703936821999952, 0.0 ], [ 128.103079476000062, -3.704057120999942, 0.0 ] ] ] ] } },
{ "type": "Feature", "properties": { "OBJECTID": 29309, "NAMOBJ": "Poka", "FCODE": "BA03070040", "REMARK": "", "METADATA": "TASWIL1000020230928_DATA_BATAS_DESAKELURAHAN", "SRS_ID": "SRGI 2013", "KDBBPS": null, "KDCBPS": null, "KDCPUM": "81.71.04", "KDEBPS": null, "KDEPUM": "81.71.04.2002", "KDPBPS": null, "KDPKAB": "81.71", "KDPPUM": "81", "LUASWH": 185.31642403657222, "TIPADM": 1, "WADMKC": "Teluk Ambon", "WADMKD": "Poka", "WADMKK": "Kota Ambon", "WADMPR": "Maluku", "WIADKC": null, "WIADKK": null, "WIADPR": null, "WIADKD": null, "UUPP": "Hasil Delineasi Batas Desa 2018", "Shape_Length": 0.088410097402522703, "Shape_Area": 0.0001508496010310444 }, "geometry": { "type": "MultiPolygon", "coordinates": [ [ [ [ 128.201253718000089, -3.638266536999933, 0.0 ], [ 128.20120861800001, -3.638289892999974, 0.0 ], [ 128.201096606000078, -3.638383982999931, 0.0 ], [ 128.201009474000102, -3.638449828999969, 0.0 ], [ 128.20090097100001, -3.638514073999942, 0.0 ], [ 128.200772480000069, -3.638578319999963, 0.0 ], [ 128.200631140000041, -3.638662551999973, 0.0 ], [ 128.20051835400011, -3.638721086999963, 0.0 ], [ 128.200185705000081, -3.638865282999977, 0.0 ], [ 128.200010101000089, -3.638932382999935, 0.0 ], [ 128.199799882000093, -3.639014289999973, 0.0 ], [ 128.199621046000061, -3.639079124999965, 0.0 ], [ 128.199499988000071, -3.639116856999971, 0.0 ], [ 128.199381507000112, -3.639158898999935, 0.0 ], [ 128.199352461000103, -3.639169204999966, 0.0 ], [ 128.199151798000116, -3.639294378999983, 0.0 ], [ 128.199140449000083, -3.63930095999996, 0.0 ], [ 128.19912453500001, -3.639312218999974, 0.0 ], [ 128.199102226000036, -3.639321327999937, 0.0 ], [ 128.199095409000051, -3.639324713999938, 0.0 ], [ 128.199093298000093, -3.639326040999955, 0.0 ], [ 128.199089954000101, -3.639328162999968, 0.0 ], [ 128.199066924000022, -3.63934476799994, 0.0 ], [ 128.199050366000051, -3.63935090499995, 0.0 ], [ 128.199035313000081, -3.639358220999949, 0.0 ], [ 128.199005943000088, -3.63937269999997, 0.0 ], [ 128.199005327, -3.639373000999967, 0.0 ], [ 128.199004613000056, -3.639373316999977, 0.0 ], [ 128.198975022000013, -3.639388091999931, 0.0 ], [ 128.19896028900007, -3.639394419999981, 0.0 ], [ 128.198944169000015, -3.639402304999981, 0.0 ], [ 128.198919395000075, -3.639414306999918, 0.0 ], [ 128.198915250000027, -3.639416321999925, 0.0 ], [ 128.19891382000003, -3.639417028999965, 0.0 ], [ 128.198911038000119, -3.639418463999963, 0.0 ], [ 128.1988852180001, -3.639433509999949, 0.0 ], [ 128.19887020900012, -3.639440591999973, 0.0 ], [ 128.198855177000041, -3.639448549999942, 0.0 ], [ 128.198827510000115, -3.639463618999972, 0.0 ], [ 128.198826157000099, -3.639464612999979, 0.0 ], [ 128.198825168000099, -3.639465132999934, 0.0 ], [ 128.198822144000019, -3.639466645999952, 0.0 ], [ 128.198796654000034, -3.639480191999949, 0.0 ], [ 128.198780128000067, -3.639487540999935, 0.0 ], [ 128.198765636000076, -3.639494235999968, 0.0 ], [ 128.198747402000095, -3.639502991999964, 0.0 ], [ 128.198635569000089, -3.639567645999937, 0.0 ], [ 128.198454730000094, -3.639655209999946, 0.0 ], [ 128.198203459000069, -3.639815109999974, 0.0 ], [ 128.197980742000055, -3.639938841999939, 0.0 ], [ 128.197947421000094, -3.639953807999977, 0.0 ], [ 128.197783151000067, -3.640052769999956, 0.0 ], [ 128.19764038400001, -3.640128436999932, 0.0 ], [ 128.197517604000041, -3.640209814999933, 0.0 ], [ 128.197385172000054, -3.640267366999983, 0.0 ], [ 128.197338781000099, -3.640303034999929, 0.0 ], [ 128.197329332000095, -3.640312177999922, 0.0 ], [ 128.197318596000059, -3.640321647999941, 0.0 ], [ 128.197306429000037, -3.640334386999943, 0.0 ], [ 128.197293727000101, -3.640342678999952, 0.0 ], [ 128.197279990000084, -3.640353054999938, 0.0 ], [ 128.197259644000042, -3.640366825999934, 0.0 ], [ 128.197254660000112, -3.640372825999978, 0.0 ], [ 128.197248677000061, -3.640376548999936, 0.0 ], [ 128.197241341000108, -3.640382045999963, 0.0 ], [ 128.197233102000041, -3.64039217599997, 0.0 ], [ 128.197223502000043, -3.64040397899992, 0.0 ], [ 128.19714783500001, -3.640483928999978, 0.0 ], [ 128.197045043000116, -3.640558167999924, 0.0 ], [ 128.196929401000034, -3.64061812999995, 0.0 ], [ 128.196789488000036, -3.640676664999946, 0.0 ], [ 128.196708111000021, -3.640689513999968, 0.0 ], [ 128.196588186000099, -3.640716639999934, 0.0 ], [ 128.196449767000104, -3.640736773999941, 0.0 ], [ 128.196431142000051, -3.640739482999944, 0.0 ], [ 128.196362474000011, -3.640713312999934, 0.0 ], [ 128.196347987000081, -3.640713978999939, 0.0 ], [ 128.19633422600009, -3.640714013999963, 0.0 ], [ 128.196318796000014, -3.64071193099994, 0.0 ], [ 128.196302969000044, -3.640711957999937, 0.0 ], [ 128.196288515000106, -3.640713278999948, 0.0 ], [ 128.196270630000072, -3.640715038999924, 0.0 ], [ 128.19625794600006, -3.64071621399995, 0.0 ], [ 128.196248788000048, -3.640718562999952, 0.0 ], [ 128.196213323000052, -3.640727327999974, 0.0 ], [ 128.196212916000036, -3.640727429999974, 0.0 ], [ 128.196211905000041, -3.640727730999973, 0.0 ], [ 128.196179668000013, -3.640739542999943, 0.0 ], [ 128.196167883000044, -3.640742348999945, 0.0 ], [ 128.196145917000081, -3.640749730999977, 0.0 ], [ 128.196145125000044, -3.640750040999929, 0.0 ], [ 128.196122851000041, -3.640756422999976, 0.0 ], [ 128.196110955000108, -3.640760921999967, 0.0 ], [ 128.196078983, -3.640771675999924, 0.0 ], [ 128.196077818000049, -3.640772088999941, 0.0 ], [ 128.196077279000065, -3.64077230099997, 0.0 ], [ 128.196075839000059, -3.640772839999957, 0.0 ], [ 128.196045909000077, -3.640786002999963, 0.0 ], [ 128.196032783000078, -3.640789041999936, 0.0 ], [ 128.196011410000096, -3.640796545999935, 0.0 ], [ 128.196008090000078, -3.640797581999947, 0.0 ], [ 128.195987750000086, -3.640804322999934, 0.0 ], [ 128.195977558000095, -3.640807743999964, 0.0 ], [ 128.195943938000028, -3.640817951999959, 0.0 ], [ 128.195943235000072, -3.640818472999962, 0.0 ], [ 128.195942718000083, -3.640818705999949, 0.0 ], [ 128.195941321000078, -3.640819350999949, 0.0 ], [ 128.195914061000053, -3.64083437899996, 0.0 ], [ 128.195897679000041, -3.640839808999942, 0.0 ], [ 128.19588013300006, -3.640845502999981, 0.0 ], [ 128.19586830500009, -3.640847389999974, 0.0 ], [ 128.19585265, -3.64085134599998, 0.0 ], [ 128.195843404000016, -3.640853809999949, 0.0 ], [ 128.195811833000107, -3.64085883299992, 0.0 ], [ 128.195807623000064, -3.640859779999972, 0.0 ], [ 128.195805083000096, -3.640860503999924, 0.0 ], [ 128.195796607000034, -3.640863049999956, 0.0 ], [ 128.195775207000111, -3.640875701999957, 0.0 ], [ 128.195762586000114, -3.640878707999943, 0.0 ], [ 128.195742535000022, -3.640883138999929, 0.0 ], [ 128.195738917000085, -3.640884456999973, 0.0 ], [ 128.195717559000059, -3.640887712999932, 0.0 ], [ 128.195702178000033, -3.640892742999945, 0.0 ], [ 128.195680926000023, -3.640899739999948, 0.0 ], [ 128.195672526000067, -3.64090249599996, 0.0 ], [ 128.195668458000114, -3.640904075999967, 0.0 ], [ 128.195658002000073, -3.640908155999962, 0.0 ], [ 128.195638329000076, -3.640919028999969, 0.0 ], [ 128.195627490000106, -3.640921481999952, 0.0 ], [ 128.195605433000082, -3.640931191999922, 0.0 ], [ 128.195603949000088, -3.640931748999946, 0.0 ], [ 128.195582453000043, -3.640940383999969, 0.0 ], [ 128.195573843000034, -3.640944664999949, 0.0 ], [ 128.19555600800004, -3.640953294999979, 0.0 ], [ 128.195544835000078, -3.640960735999956, 0.0 ], [ 128.195537414000114, -3.640962912999949, 0.0 ], [ 128.195518094000022, -3.640972666999978, 0.0 ], [ 128.195513882000114, -3.640974856999942, 0.0 ], [ 128.195492374000082, -3.640985048999933, 0.0 ], [ 128.195483632000105, -3.640989684999958, 0.0 ], [ 128.195466819000103, -3.640998445999972, 0.0 ], [ 128.195455337000112, -3.641006471999955, 0.0 ], [ 128.19544733400005, -3.641008918999947, 0.0 ], [ 128.195425252000064, -3.641021460999985, 0.0 ], [ 128.195423361000053, -3.641022481999931, 0.0 ], [ 128.19540229200004, -3.641034035999952, 0.0 ], [ 128.195396244000108, -3.641037538999968, 0.0 ], [ 128.195385577000025, -3.641043602999963, 0.0 ], [ 128.195369848000041, -3.64105624199994, 0.0 ], [ 128.19535724800005, -3.641061809999941, 0.0 ], [ 128.195341246000112, -3.641072727999922, 0.0 ], [ 128.195315326000014, -3.641088770999947, 0.0 ], [ 128.195313950000013, -3.641090520999962, 0.0 ], [ 128.195312202000082, -3.641091393999941, 0.0 ], [ 128.195302149000099, -3.641098852999961, 0.0 ], [ 128.195288148000031, -3.641109828999951, 0.0 ], [ 128.195267156000142, -3.641121066999967, 0.0 ], [ 128.19525941400002, -3.641126174999958, 0.0 ], [ 128.195247349000056, -3.641133939999977, 0.0 ], [ 128.19523434700011, -3.641146212999962, 0.0 ], [ 128.195222109000042, -3.641151896999936, 0.0 ], [ 128.195205668000085, -3.641162627999961, 0.0 ], [ 128.195179593000034, -3.641179108999957, 0.0 ], [ 128.195178471000077, -3.641180521999959, 0.0 ], [ 128.195177063000074, -3.641181137999979, 0.0 ], [ 128.195171499000026, -3.641184691999971, 0.0 ], [ 128.195151208000084, -3.641198356999944, 0.0 ], [ 128.195132019000084, -3.641208458999929, 0.0 ], [ 128.195121738000012, -3.641213961999932, 0.0 ], [ 128.195103835000083, -3.641224271999935, 0.0 ], [ 128.195095430000038, -3.641232758999936, 0.0 ], [ 128.195086975000095, -3.641236727999968, 0.0 ], [ 128.195066290000113, -3.641248701999935, 0.0 ], [ 128.195058504000031, -3.641252819999982, 0.0 ], [ 128.195041933000084, -3.641261823999975, 0.0 ], [ 128.195036853000033, -3.641264338999972, 0.0 ], [ 128.195027693000043, -3.64126943399998, 0.0 ], [ 128.195011259000012, -3.641283847999949, 0.0 ], [ 128.194996885000023, -3.641293274999948, 0.0 ], [ 128.194982657000082, -3.641300334999923, 0.0 ], [ 128.194951957000058, -3.641314595999974, 0.0 ], [ 128.194951847000084, -3.641314650999963, 0.0 ], [ 128.194951770000102, -3.641314676999966, 0.0 ], [ 128.194918380000104, -3.641326182999925, 0.0 ], [ 128.194906814000092, -3.641329484999973, 0.0 ], [ 128.194885396000018, -3.64133825199997, 0.0 ], [ 128.194881998000028, -3.641339458999932, 0.0 ], [ 128.194861779, -3.641347126999964, 0.0 ], [ 128.19485334500007, -3.641351263999981, 0.0 ], [ 128.194835015000081, -3.64135972199995, 0.0 ], [ 128.194823787000018, -3.64136679499995, 0.0 ], [ 128.194816740000078, -3.641369183999928, 0.0 ], [ 128.194794427000033, -3.641382513999924, 0.0 ], [ 128.194793767000078, -3.641382750999984, 0.0 ], [ 128.194771699000057, -3.641392511999924, 0.0 ], [ 128.194764276000114, -3.641397435999971, 0.0 ], [ 128.19475317900006, -3.641404877999946, 0.0 ], [ 128.194738781000069, -3.641417046999949, 0.0 ], [ 128.194726653000089, -3.641422156999959, 0.0 ], [ 128.1947103870001, -3.641433735999954, 0.0 ], [ 128.194631703000027, -3.64151392199995, 0.0 ], [ 128.194609759000059, -3.641546881999949, 0.0 ], [ 128.194586917000066, -3.641588759999935, 0.0 ], [ 128.19458226800009, -3.641608683999942, 0.0 ], [ 128.194573592000097, -3.641645866999966, 0.0 ], [ 128.194565977000053, -3.641735334999963, 0.0 ], [ 128.194533617000047, -3.641887619999978, 0.0 ], [ 128.194479983000065, -3.641999485999973, 0.0 ], [ 128.194466992000116, -3.642026580999922, 0.0 ], [ 128.194365488000017, -3.642146967999961, 0.0 ], [ 128.194337529000109, -3.642177163999977, 0.0 ], [ 128.194246515000032, -3.642275458999968, 0.0 ], [ 128.194233478000115, -3.642289384999964, 0.0 ], [ 128.19408159000011, -3.642491170999962, 0.0 ], [ 128.193997833000026, -3.64260728799996, 0.0 ], [ 128.193936919000066, -3.642692948999983, 0.0 ], [ 128.193931208000095, -3.642729116999928, 0.0 ], [ 128.193935768000074, -3.642745833999927, 0.0 ], [ 128.193936919000066, -3.642750055999949, 0.0 ], [ 128.193949374000113, -3.642759954999971, 0.0 ], [ 128.194085398000084, -3.642868076999938, 0.0 ], [ 128.193990219000057, -3.643033687999939, 0.0 ], [ 128.19396336300008, -3.643017966999931, 0.0 ], [ 128.19383412600007, -3.642942315999957, 0.0 ], [ 128.193799131000105, -3.642996559999972, 0.0 ], [ 128.193757984000058, -3.643060337999941, 0.0 ], [ 128.19367993700007, -3.643224044999956, 0.0 ], [ 128.193622830000095, -3.643208815999978, 0.0 ], [ 128.193585, -3.643306863999954, 0.0 ], [ 128.193529555000055, -3.643450568999984, 0.0 ], [ 128.193565257000046, -3.643461737999921, 0.0 ], [ 128.193870294000021, -3.64355716899996, 0.0 ], [ 128.193845914000036, -3.643706883999921, 0.0 ], [ 128.193775116000097, -3.64388648699998, 0.0 ], [ 128.193660902000033, -3.643850318999958, 0.0 ], [ 128.193602681000016, -3.644147845999945, 0.0 ], [ 128.19350648000011, -3.644122649999933, 0.0 ], [ 128.193491484000106, -3.64411872199998, 0.0 ], [ 128.193483620000052, -3.644147947999949, 0.0 ], [ 128.193350620000047, -3.644642202999936, 0.0 ], [ 128.193270670000061, -3.644942966999968, 0.0 ], [ 128.193158360000098, -3.644916316999962, 0.0 ], [ 128.193152435000115, -3.644939643999975, 0.0 ], [ 128.193166017000067, -3.645090209999981, 0.0 ], [ 128.193182361000027, -3.645188669999925, 0.0 ], [ 128.193233474000067, -3.645544616999927, 0.0 ], [ 128.193285185000036, -3.645931594999976, 0.0 ], [ 128.193288041000073, -3.645953547999973, 0.0 ], [ 128.193289807000042, -3.645967125999953, 0.0 ], [ 128.193289071000095, -3.645970001999952, 0.0 ], [ 128.193298589000051, -3.645975712999928, 0.0 ], [ 128.193327143000033, -3.645985230999948, 0.0 ], [ 128.193349265000052, -3.646005509999955, 0.0 ], [ 128.193349985000054, -3.646006169999971, 0.0 ], [ 128.193351714000073, -3.646015389999939, 0.0 ], [ 128.193361407000111, -3.646067083999979, 0.0 ], [ 128.193452778000051, -3.646563915999931, 0.0 ], [ 128.193493475000082, -3.646703913999942, 0.0 ], [ 128.19350036700007, -3.646727622999951, 0.0 ], [ 128.193536535000021, -3.646858968999941, 0.0 ], [ 128.193566992000115, -3.647007446999967, 0.0 ], [ 128.193586028000027, -3.647129275999928, 0.0 ], [ 128.193633617000046, -3.64735008999998, 0.0 ], [ 128.193692770000098, -3.647678539999959, 0.0 ], [ 128.193769365000094, -3.647688131999933, 0.0 ], [ 128.193861570000081, -3.648187817999947, 0.0 ], [ 128.193897262000064, -3.648455507999932, 0.0 ], [ 128.193947825, -3.648744016999955, 0.0 ], [ 128.194037055000081, -3.64894924599997, 0.0 ], [ 128.194173874000057, -3.649219909999943, 0.0 ], [ 128.194379102000084, -3.649547085999927, 0.0 ], [ 128.194593254000097, -3.649814774999924, 0.0 ], [ 128.194715201, -3.649743390999952, 0.0 ], [ 128.195033454000054, -3.650192513999975, 0.0 ], [ 128.195006685000067, -3.650213334999927, 0.0 ], [ 128.195621315000039, -3.650877482999927, 0.0 ], [ 128.195634268000049, -3.650891480999974, 0.0 ], [ 128.195928726000062, -3.651188913999933, 0.0 ], [ 128.196187493000025, -3.65144173099998, 0.0 ], [ 128.196439903000055, -3.651749996999962, 0.0 ], [ 128.196550368000089, -3.651884905999969, 0.0 ], [ 128.196631143000104, -3.651980559999976, 0.0 ], [ 128.196866710000108, -3.652206608999958, 0.0 ], [ 128.19707509300008, -3.652393342999966, 0.0 ], [ 128.197033272000112, -3.65243979599996, 0.0 ], [ 128.197135589000027, -3.652554009999966, 0.0 ], [ 128.197103810000044, -3.652590556999937, 0.0 ], [ 128.197095111000067, -3.652600559999945, 0.0 ], [ 128.197097109000083, -3.652602319999977, 0.0 ], [ 128.197119183000069, -3.652649997999954, 0.0 ], [ 128.197190729000113, -3.652755677999953, 0.0 ], [ 128.197213722000015, -3.652777921999919, 0.0 ], [ 128.197246657000051, -3.652802902999944, 0.0 ], [ 128.197324762000108, -3.65286214299994, 0.0 ], [ 128.197471503000088, -3.653008824999968, 0.0 ], [ 128.197494716000051, -3.653032028999974, 0.0 ], [ 128.197751869000058, -3.653329714999924, 0.0 ], [ 128.197908914000095, -3.653491517999948, 0.0 ], [ 128.198047308000014, -3.653603182999974, 0.0 ], [ 128.198057854000012, -3.653609420999939, 0.0 ], [ 128.198077035000097, -3.653620035999944, 0.0 ], [ 128.198086295000053, -3.653626089999936, 0.0 ], [ 128.198092304000056, -3.653629788999985, 0.0 ], [ 128.198113131000014, -3.653644361999958, 0.0 ], [ 128.198123325000097, -3.653651263999957, 0.0 ], [ 128.198137297000017, -3.653660783999953, 0.0 ], [ 128.198139801000025, -3.65366280699994, 0.0 ], [ 128.198142613000073, -3.653665324999956, 0.0 ], [ 128.198157158000072, -3.653685313999968, 0.0 ], [ 128.198159387000032, -3.653688354999928, 0.0 ], [ 128.198175096000114, -3.653710583999954, 0.0 ], [ 128.198176772000011, -3.65371610999995, 0.0 ], [ 128.198182253000027, -3.653732700999973, 0.0 ], [ 128.198187590000089, -3.653750450999944, 0.0 ], [ 128.198189157000115, -3.653755826999947, 0.0 ], [ 128.198189799000033, -3.653763438999931, 0.0 ], [ 128.198191599000097, -3.653791617999955, 0.0 ], [ 128.198192437000102, -3.653801059999978, 0.0 ], [ 128.198286840000037, -3.653930058999944, 0.0 ], [ 128.198329670000021, -3.654058549999942, 0.0 ], [ 128.198379834000093, -3.65432588499994, 0.0 ], [ 128.198443884000085, -3.654658173999966, 0.0 ], [ 128.198459005000018, -3.654699207999962, 0.0 ], [ 128.198630366000089, -3.654944753999928, 0.0 ], [ 128.198787411000012, -3.65513177999997, 0.0 ], [ 128.198948738000013, -3.655285968999973, 0.0 ], [ 128.198987286000033, -3.655254559999947, 0.0 ], [ 128.199104355000031, -3.655340219999974, 0.0 ], [ 128.199215714000047, -3.655410176999963, 0.0 ], [ 128.199315651, -3.655458717999974, 0.0 ], [ 128.199347060000036, -3.655477276999933, 0.0 ], [ 128.19939845600004, -3.655558654999943, 0.0 ], [ 128.199442714000043, -3.655698566999939, 0.0 ], [ 128.199478406000026, -3.655881309999926, 0.0 ], [ 128.19947697900011, -3.655938416999955, 0.0 ], [ 128.19947697900011, -3.656032643999939, 0.0 ], [ 128.19947697900011, -3.656109737999945, 0.0 ], [ 128.199489828000083, -3.656202536999961, 0.0 ], [ 128.199505532000103, -3.656236800999984, 0.0 ], [ 128.199585482000089, -3.656291052999957, 0.0 ], [ 128.199662461000116, -3.656331452999949, 0.0 ], [ 128.199786784000025, -3.656396700999946, 0.0 ], [ 128.199764400000049, -3.656430954999965, 0.0 ], [ 128.199729615000024, -3.656484186999925, 0.0 ], [ 128.199725994000119, -3.656488703999969, 0.0 ], [ 128.199609753000118, -3.656633694999919, 0.0 ], [ 128.199582085000088, -3.656615424999934, 0.0 ], [ 128.199541173000057, -3.656588409999919, 0.0 ], [ 128.199485545000016, -3.656630839999941, 0.0 ], [ 128.199277269000049, -3.656425463999942, 0.0 ], [ 128.19922434800003, -3.656423733999936, 0.0 ], [ 128.199200363000045, -3.656435233999963, 0.0 ], [ 128.199169329000028, -3.656468549999947, 0.0 ], [ 128.199009429000057, -3.656581335999933, 0.0 ], [ 128.198852385, -3.656724103999978, 0.0 ], [ 128.198804650000056, -3.656765229999963, 0.0 ], [ 128.198802141000101, -3.656768675999951, 0.0 ], [ 128.198741986000073, -3.656851272999969, 0.0 ], [ 128.198701051000057, -3.656961097999953, 0.0 ], [ 128.198654637000118, -3.657191260999987, 0.0 ], [ 128.198649654000064, -3.657252343999973, 0.0 ], [ 128.198650011000041, -3.657267955999944, 0.0 ], [ 128.198651962000099, -3.657353238999976, 0.0 ], [ 128.198659102000079, -3.657388234999932, 0.0 ], [ 128.198672135000038, -3.657441719999952, 0.0 ], [ 128.198685848000082, -3.657488983999937, 0.0 ], [ 128.198699506000025, -3.657527513999973, 0.0 ], [ 128.198712677000117, -3.657556114999973, 0.0 ], [ 128.198750804000042, -3.657631255999944, 0.0 ], [ 128.198788022000031, -3.657714122999955, 0.0 ], [ 128.198806249000086, -3.657761294999943, 0.0 ], [ 128.198814580000089, -3.657782855999924, 0.0 ], [ 128.198828081000102, -3.657830941999982, 0.0 ], [ 128.19882946700011, -3.657841713999972, 0.0 ], [ 128.198833695000076, -3.657874578999944, 0.0 ], [ 128.198835801000087, -3.657923155999931, 0.0 ], [ 128.198865234000095, -3.658001874999964, 0.0 ], [ 128.1989927730001, -3.658175098999949, 0.0 ], [ 128.199087951000024, -3.658268373999924, 0.0 ], [ 128.199118408000118, -3.658291216999945, 0.0 ], [ 128.199196455000106, -3.658315962999949, 0.0 ], [ 128.199247851000109, -3.65833690299996, 0.0 ], [ 128.199287826000045, -3.658359744999923, 0.0 ], [ 128.19931447600004, -3.65836545599995, 0.0 ], [ 128.199337319000051, -3.658365455999962, 0.0 ], [ 128.19935445100009, -3.65836164899997, 0.0 ], [ 128.199393157000031, -3.658333896999979, 0.0 ], [ 128.199403296000014, -3.658322589999955, 0.0 ], [ 128.199423048000085, -3.658303214999937, 0.0 ], [ 128.19943355800001, -3.658292905999931, 0.0 ], [ 128.199464017000082, -3.658266781999933, 0.0 ], [ 128.199492691000046, -3.658245707999927, 0.0 ], [ 128.199520435000068, -3.658228832999951, 0.0 ], [ 128.19954701000006, -3.658216301999967, 0.0 ], [ 128.199572283000066, -3.658208175999963, 0.0 ], [ 128.199593960000016, -3.658204538999932, 0.0 ], [ 128.19961524900009, -3.658204151999937, 0.0 ], [ 128.199636296000108, -3.658207009999963, 0.0 ], [ 128.199657393000052, -3.658213150999922, 0.0 ], [ 128.199689434000106, -3.658228391999958, 0.0 ], [ 128.199756628000046, -3.658272651999937, 0.0 ], [ 128.199784530000102, -3.658286221999961, 0.0 ], [ 128.199854117000086, -3.658307344999972, 0.0 ], [ 128.199948711000047, -3.658329657999961, 0.0 ], [ 128.199966321000034, -3.658333811999968, 0.0 ], [ 128.200020555000037, -3.658348488999936, 0.0 ], [ 128.200164601000097, -3.658394724999932, 0.0 ], [ 128.200278396000044, -3.658400433999923, 0.0 ], [ 128.200421163000101, -3.65838377799997, 0.0 ], [ 128.200590495000029, -3.65835254199993, 0.0 ], [ 128.20062495600007, -3.658346184999969, 0.0 ], [ 128.200673595000012, -3.658335436999942, 0.0 ], [ 128.200731102000077, -3.658328178999962, 0.0 ], [ 128.200797003000048, -3.658324332999936, 0.0 ], [ 128.200880986000016, -3.658323341999966, 0.0 ], [ 128.200918449000028, -3.658326602999975, 0.0 ], [ 128.200983311000073, -3.658336217999929, 0.0 ], [ 128.201173315000119, -3.658371054999976, 0.0 ], [ 128.201362825000047, -3.658411508999961, 0.0 ], [ 128.201426351, -3.658427362999938, 0.0 ], [ 128.201461575000053, -3.658438507999959, 0.0 ], [ 128.201484098000037, -3.658453022999931, 0.0 ], [ 128.201512887000064, -3.658480068999953, 0.0 ], [ 128.201547005000066, -3.658518787999986, 0.0 ], [ 128.201584514000047, -3.658566989999935, 0.0 ], [ 128.201623814000072, -3.658622856999955, 0.0 ], [ 128.201659755000037, -3.658679303999979, 0.0 ], [ 128.201688409000099, -3.658730140999973, 0.0 ], [ 128.201707135000106, -3.65877068099997, 0.0 ], [ 128.201713096000049, -3.658795361999974, 0.0 ], [ 128.201713357000017, -3.658823640999966, 0.0 ], [ 128.201707912000074, -3.658855387999949, 0.0 ], [ 128.201696804000107, -3.658890352999953, 0.0 ], [ 128.20167949100005, -3.658929482999949, 0.0 ], [ 128.201656667000066, -3.658970711999923, 0.0 ], [ 128.201628693000089, -3.659013096999958, 0.0 ], [ 128.201601487000062, -3.659047649999933, 0.0 ], [ 128.201587068000094, -3.659058802999942, 0.0 ], [ 128.201586827000028, -3.659058934999963, 0.0 ], [ 128.201561777000052, -3.659072683999963, 0.0 ], [ 128.201526401000024, -3.659088846999972, 0.0 ], [ 128.201483172000053, -3.659106265999979, 0.0 ], [ 128.201433155000018, -3.65912434699994, 0.0 ], [ 128.20138592100011, -3.659139473999976, 0.0 ], [ 128.201349085000089, -3.659149222999927, 0.0 ], [ 128.201327373000026, -3.659152345999922, 0.0 ], [ 128.201170521000108, -3.659142484999957, 0.0 ], [ 128.201127381000106, -3.659141217999941, 0.0 ], [ 128.201096089000089, -3.659141876999962, 0.0 ], [ 128.201047498000094, -3.659148673999934, 0.0 ], [ 128.200962079000078, -3.659165099999931, 0.0 ], [ 128.200836276000018, -3.659192120999936, 0.0 ], [ 128.200730723000106, -3.659216710999948, 0.0 ], [ 128.200666976000093, -3.659235661999963, 0.0 ], [ 128.200629001000038, -3.65924466899998, 0.0 ], [ 128.200257448000116, -3.659322358999927, 0.0 ], [ 128.200212758000021, -3.659328281999933, 0.0 ], [ 128.200065902000119, -3.659341393999962, 0.0 ], [ 128.20002910900007, -3.659349687999968, 0.0 ], [ 128.199968895000097, -3.65936830699997, 0.0 ], [ 128.1998839580001, -3.659397955999963, 0.0 ], [ 128.199812251000026, -3.659425388999982, 0.0 ], [ 128.199738488000094, -3.659456321999929, 0.0 ], [ 128.199694230000091, -3.659455370999984, 0.0 ], [ 128.199544065000055, -3.659462997999986, 0.0 ], [ 128.199410093000097, -3.659473692999939, 0.0 ], [ 128.199364695000099, -3.659480634999959, 0.0 ], [ 128.199304070000039, -3.659492949999961, 0.0 ], [ 128.199120393000044, -3.659537342999958, 0.0 ], [ 128.199090259000059, -3.659546127999935, 0.0 ], [ 128.199052331000075, -3.659559500999931, 0.0 ], [ 128.198898985000028, -3.659621313999938, 0.0 ], [ 128.198856511000031, -3.659636090999922, 0.0 ], [ 128.198778803000096, -3.659656669999955, 0.0 ], [ 128.19876015300008, -3.659662835999931, 0.0 ], [ 128.1987508630001, -3.659667499999957, 0.0 ], [ 128.198731224000085, -3.659674750999959, 0.0 ], [ 128.198687035000034, -3.659686052999971, 0.0 ], [ 128.198631474000081, -3.659698041999949, 0.0 ], [ 128.19858596600011, -3.65970604699993, 0.0 ], [ 128.198396875000071, -3.659737835999981, 0.0 ], [ 128.19825593500002, -3.659763867999969, 0.0 ], [ 128.198206885000104, -3.659774076999959, 0.0 ], [ 128.198188834, -3.659779095999971, 0.0 ], [ 128.198171837000018, -3.659790076999964, 0.0 ], [ 128.198142749000112, -3.659814987999933, 0.0 ], [ 128.198101894000047, -3.659853796999925, 0.0 ], [ 128.198064436000095, -3.659892120999926, 0.0 ], [ 128.198046499000043, -3.659906212999938, 0.0 ], [ 128.198015186000021, -3.659924822999931, 0.0 ], [ 128.197975970000016, -3.659944728999955, 0.0 ], [ 128.197933546000058, -3.659963555999986, 0.0 ], [ 128.197893798000109, -3.65997889699998, 0.0 ], [ 128.197856028000047, -3.659991224999948, 0.0 ], [ 128.197849058000088, -3.659993024999945, 0.0 ], [ 128.197182398000109, -3.657527911999984, 0.0 ], [ 128.196953969000106, -3.656871180999932, 0.0 ], [ 128.196773607000068, -3.65634436799996, 0.0 ], [ 128.19680956000002, -3.65558502499993, 0.0 ], [ 128.196413234000033, -3.655574459999969, 0.0 ], [ 128.194932993000066, -3.655481498999966, 0.0 ], [ 128.194036128000107, -3.655440109999974, 0.0 ], [ 128.193883059000086, -3.655452031999971, 0.0 ], [ 128.193712235000021, -3.655501543999942, 0.0 ], [ 128.193462748000115, -3.655620499999939, 0.0 ], [ 128.193297586000085, -3.655731911999959, 0.0 ], [ 128.193144418000088, -3.655855393999954, 0.0 ], [ 128.192964137000104, -3.656093425999921, 0.0 ], [ 128.192907027000047, -3.656192873999937, 0.0 ], [ 128.192847023000013, -3.656171714999979, 0.0 ], [ 128.192740751000088, -3.656134647999983, 0.0 ], [ 128.192664021000041, -3.656096170999952, 0.0 ], [ 128.19260406, -3.656026768999933, 0.0 ], [ 128.19256508, -3.655987536999924, 0.0 ], [ 128.192232024000077, -3.655908841999974, 0.0 ], [ 128.192226079000079, -3.655845518999967, 0.0 ], [ 128.192238131000067, -3.655791257999959, 0.0 ], [ 128.192217165000102, -3.655746011999947, 0.0 ], [ 128.192181186000084, -3.655706782999965, 0.0 ], [ 128.192157223000095, -3.655655502999936, 0.0 ], [ 128.192160329000103, -3.655537916999953, 0.0 ], [ 128.192190159, -3.655421054999973, 0.0 ], [ 128.192218040000057, -3.655312673999962, 0.0 ], [ 128.192250714000011, -3.655146029999964, 0.0 ], [ 128.192265816000059, -3.655037499999934, 0.0 ], [ 128.192250865000119, -3.654977182999964, 0.0 ], [ 128.192247939000026, -3.654892756999977, 0.0 ], [ 128.192254030000072, -3.654793262999937, 0.0 ], [ 128.192287908000026, -3.654667718999977, 0.0 ], [ 128.192356293000103, -3.654543098999965, 0.0 ], [ 128.192497791000051, -3.654045729999951, 0.0 ], [ 128.192555017000018, -3.653816630999923, 0.0 ], [ 128.192630358000088, -3.653466943999947, 0.0 ], [ 128.192676021000011, -3.653132322999959, 0.0 ], [ 128.192479575000107, -3.653139194999935, 0.0 ], [ 128.192372566000017, -3.653126000999976, 0.0 ], [ 128.192318567000029, -3.653101831999948, 0.0 ], [ 128.192255141000032, -3.653061459999948, 0.0 ], [ 128.191203704000031, -3.652031433999973, 0.0 ], [ 128.190870462000021, -3.651696033999948, 0.0 ], [ 128.192112559000066, -3.650367002999933, 0.0 ], [ 128.192034260000014, -3.650186870999962, 0.0 ], [ 128.191733826000018, -3.649969568999957, 0.0 ], [ 128.191423216000089, -3.64979616199997, 0.0 ], [ 128.191350327, -3.649740214999952, 0.0 ], [ 128.191259262000017, -3.649614177999971, 0.0 ], [ 128.191145464000101, -3.649419418999964, 0.0 ], [ 128.191046860000029, -3.649228488999945, 0.0 ], [ 128.191046942000071, -3.649136885999944, 0.0 ], [ 128.191047013000116, -3.64905673399994, 0.0 ], [ 128.19086492200006, -3.64876267599993, 0.0 ], [ 128.190808083000093, -3.648598500999977, 0.0 ], [ 128.190709495000078, -3.648388488999962, 0.0 ], [ 128.190664044000073, -3.648235775999985, 0.0 ], [ 128.190622364000092, -3.648113599999924, 0.0 ], [ 128.190569289000109, -3.647987597999922, 0.0 ], [ 128.190497204000053, -3.64788066299996, 0.0 ], [ 128.19042510700001, -3.647785177999931, 0.0 ], [ 128.19033025400006, -3.647647686999961, 0.0 ], [ 128.190197431000115, -3.647487260999979, 0.0 ], [ 128.189984931000026, -3.647212258999965, 0.0 ], [ 128.1897609990001, -3.64697541599998, 0.0 ], [ 128.189430335000111, -3.647139239999952, 0.0 ], [ 128.188981823000063, -3.647390742999966, 0.0 ], [ 128.188498339000034, -3.646542239999979, 0.0 ], [ 128.188699259000032, -3.646407928999967, 0.0 ], [ 128.188483819000112, -3.646146220999978, 0.0 ], [ 128.18832047300009, -3.645847200999986, 0.0 ], [ 128.188164483000037, -3.645637848999965, 0.0 ], [ 128.188075326000103, -3.645540634999973, 0.0 ], [ 128.18801591600004, -3.645443446999929, 0.0 ], [ 128.188008580000115, -3.645331363999953, 0.0 ], [ 128.18797157500012, -3.645129590999937, 0.0 ], [ 128.187956997000015, -3.64480081899996, 0.0 ], [ 128.188061336000032, -3.644554343999972, 0.0 ], [ 128.188284701000043, -3.644270616999956, 0.0 ], [ 128.188478204000035, -3.644113883999981, 0.0 ], [ 128.188686561000054, -3.643979580999933, 0.0 ], [ 128.188760998000021, -3.643904929999966, 0.0 ], [ 128.188783409000052, -3.643792872999931, 0.0 ], [ 128.188649684000097, -3.643635843999963, 0.0 ], [ 128.188486257000022, -3.643426485999955, 0.0 ], [ 128.188285618, -3.643246980999943, 0.0 ], [ 128.18818515800001, -3.643015444999947, 0.0 ], [ 128.188212304000103, -3.642718396999955, 0.0 ], [ 128.188317959000074, -3.642173381999952, 0.0 ], [ 128.188347418000035, -3.641926327999955, 0.0 ], [ 128.188249089000038, -3.641665174999952, 0.0 ], [ 128.188177504, -3.641557084999929, 0.0 ], [ 128.188123847000043, -3.641440008999951, 0.0 ], [ 128.188159873000018, -3.641232990999923, 0.0 ], [ 128.188133130000097, -3.641079928999939, 0.0 ], [ 128.188052633000098, -3.640917817999927, 0.0 ], [ 128.187936198000102, -3.640863698999968, 0.0 ], [ 128.187846628000102, -3.640827609999977, 0.0 ], [ 128.18773021800007, -3.640746483999967, 0.0 ], [ 128.187586992000121, -3.640593317999957, 0.0 ], [ 128.187506438000014, -3.64049422099992, 0.0 ], [ 128.187443749000067, -3.640458155999967, 0.0 ], [ 128.187336242000015, -3.64044005399996, 0.0 ], [ 128.187237680000067, -3.640439964999922, 0.0 ], [ 128.187112269000067, -3.640403842999949, 0.0 ], [ 128.187036218000117, -3.640343936999954, 0.0 ], [ 128.186933227000054, -3.640223637999953, 0.0 ], [ 128.18691543500006, -3.640079586999943, 0.0 ], [ 128.186888708000083, -3.639908520999939, 0.0 ], [ 128.18680852600005, -3.639395324999958, 0.0 ], [ 128.186703322000085, -3.63912596699993, 0.0 ], [ 128.186638872000117, -3.638738012999969, 0.0 ], [ 128.186621113000115, -3.638557952999974, 0.0 ], [ 128.186675051000066, -3.638359953999946, 0.0 ], [ 128.186827576000042, -3.638135037999976, 0.0 ], [ 128.187150402000043, -3.637847260999937, 0.0 ], [ 128.187894590000042, -3.637298800999933, 0.0 ], [ 128.188663097000017, -3.636754861999969, 0.0 ], [ 128.188840822000088, -3.636612279999945, 0.0 ], [ 128.189030385000024, -3.636469707999935, 0.0 ], [ 128.189326505000054, -3.636327232999982, 0.0 ], [ 128.189812125000117, -3.636113556999935, 0.0 ], [ 128.190010265000069, -3.636103419999933, 0.0 ], [ 128.190367233000075, -3.635823925999947, 0.0 ], [ 128.191387484000074, -3.635353680999965, 0.0 ], [ 128.191624386000058, -3.635234942999942, 0.0 ], [ 128.192145507000077, -3.635235415999938, 0.0 ], [ 128.192583392000074, -3.635247698999932, 0.0 ], [ 128.19330561400011, -3.635248346999965, 0.0 ], [ 128.193589842000051, -3.635165333999957, 0.0 ], [ 128.193791169000065, -3.635106038999928, 0.0 ], [ 128.194016177000094, -3.635046764999972, 0.0 ], [ 128.19427671400004, -3.634975626999959, 0.0 ], [ 128.194603568000048, -3.634964973999958, 0.0 ], [ 128.194631916000048, -3.634964048999956, 0.0 ], [ 128.19480700500003, -3.63494288599998, 0.0 ], [ 128.195022668000092, -3.634916817999964, 0.0 ], [ 128.195139976000064, -3.634880669999971, 0.0 ], [ 128.195330585000079, -3.634821930999975, 0.0 ], [ 128.195646618000069, -3.634651620999926, 0.0 ], [ 128.195982087000061, -3.63446565799995, 0.0 ], [ 128.196315271000117, -3.634342289999952, 0.0 ], [ 128.196538732000022, -3.634263936999964, 0.0 ], [ 128.197826418000091, -3.633638155999964, 0.0 ], [ 128.198030255000049, -3.633750540999924, 0.0 ], [ 128.198166109000113, -3.633867743999925, 0.0 ], [ 128.198238853000021, -3.633970254999956, 0.0 ], [ 128.198301675000039, -3.634311797999942, 0.0 ], [ 128.198316078000062, -3.63449718999994, 0.0 ], [ 128.198311059000048, -3.634682564999933, 0.0 ], [ 128.198340038000083, -3.634858212999981, 0.0 ], [ 128.198369038000038, -3.635009468999947, 0.0 ], [ 128.198402907000059, -3.635146094999917, 0.0 ], [ 128.198596921000103, -3.635385308999957, 0.0 ], [ 128.198994894000066, -3.635600311999952, 0.0 ], [ 128.199067673000059, -3.635663795999962, 0.0 ], [ 128.199091809000038, -3.635824804999969, 0.0 ], [ 128.199183958000049, -3.635946846999961, 0.0 ], [ 128.199222730000088, -3.636029813999919, 0.0 ], [ 128.199237219000111, -3.636117637999969, 0.0 ], [ 128.19920314400008, -3.636215175999948, 0.0 ], [ 128.199125389000073, -3.636288282999937, 0.0 ], [ 128.199013584000113, -3.636429656999956, 0.0 ], [ 128.198989198000049, -3.636551594999951, 0.0 ], [ 128.199008552, -3.636629665999981, 0.0 ], [ 128.199061887000084, -3.63671752499994, 0.0 ], [ 128.199115234000033, -3.636790748999944, 0.0 ], [ 128.199202606000085, -3.636824974999972, 0.0 ], [ 128.199280283, -3.63683967899994, 0.0 ], [ 128.199377391000098, -3.636844643999945, 0.0 ], [ 128.199445422000053, -3.636786163999942, 0.0 ], [ 128.199518265000052, -3.636776471999946, 0.0 ], [ 128.199576498000056, -3.63681555099992, 0.0 ], [ 128.199610454000094, -3.636854608999954, 0.0 ], [ 128.199707489000048, -3.636942505999973, 0.0 ], [ 128.199785116000044, -3.637015751999971, 0.0 ], [ 128.199867636000022, -3.637045095999952, 0.0 ], [ 128.200013223000042, -3.637137913999943, 0.0 ], [ 128.200115140000094, -3.637196545999932, 0.0 ], [ 128.200231633000044, -3.637245433999956, 0.0 ], [ 128.200372403000074, -3.637294341999957, 0.0 ], [ 128.200454910000076, -3.637338321999943, 0.0 ], [ 128.200508267000032, -3.637401788999963, 0.0 ], [ 128.200556712000093, -3.637528668999944, 0.0 ], [ 128.200668301000064, -3.637631214999938, 0.0 ], [ 128.200770197000111, -3.637714237999939, 0.0 ], [ 128.20085753, -3.63779237099993, 0.0 ], [ 128.200891442000056, -3.637880211999968, 0.0 ], [ 128.201027276000104, -3.638021805999923, 0.0 ], [ 128.201253718000089, -3.638266536999933, 0.0 ] ] ] ] } },
{ "type": "Feature", "properties": { "OBJECTID": 29321, "NAMOBJ": "Rumah Tiga", "FCODE": "BA03070040", "REMARK": "", "METADATA": "TASWIL1000020230928_DATA_BATAS_DESAKELURAHAN", "SRS_ID": "SRGI 2013", "KDBBPS": null, "KDCBPS": null, "KDCPUM": "81.71.04", "KDEBPS": null, "KDEPUM": "81.71.04.2003", "KDPBPS": null, "KDPKAB": "81.71", "KDPPUM": "81", "LUASWH": 715.61872592168197, "TIPADM": 1, "WADMKC": "Teluk Ambon", "WADMKD": "Rumah Tiga", "WADMKK": "Kota Ambon", "WADMPR": "Maluku", "WIADKC": null, "WIADKK": null, "WIADPR": null, "WIADKD": null, "UUPP": "Hasil Delineasi Batas Desa 2018", "Shape_Length": 0.16605977833599497, "Shape_Area": 0.00058252494784439765 }, "geometry": { "type": "MultiPolygon", "coordinates": [ [ [ [ 128.190367233000075, -3.635823925999947, 0.0 ], [ 128.190010265000069, -3.636103419999933, 0.0 ], [ 128.189812125000117, -3.636113556999935, 0.0 ], [ 128.189326505000054, -3.636327232999982, 0.0 ], [ 128.189030385000024, -3.636469707999935, 0.0 ], [ 128.188840822000088, -3.636612279999945, 0.0 ], [ 128.188663097000017, -3.636754861999969, 0.0 ], [ 128.187894590000042, -3.637298800999933, 0.0 ], [ 128.187150402000043, -3.637847260999937, 0.0 ], [ 128.186827576000042, -3.638135037999976, 0.0 ], [ 128.186675051000066, -3.638359953999946, 0.0 ], [ 128.186621113000115, -3.638557952999974, 0.0 ], [ 128.186638872000117, -3.638738012999969, 0.0 ], [ 128.186703322000085, -3.63912596699993, 0.0 ], [ 128.18680852600005, -3.639395324999958, 0.0 ], [ 128.186888708000083, -3.639908520999939, 0.0 ], [ 128.18691543500006, -3.640079586999943, 0.0 ], [ 128.186933227000054, -3.640223637999953, 0.0 ], [ 128.187036218000117, -3.640343936999954, 0.0 ], [ 128.187112269000067, -3.640403842999949, 0.0 ], [ 128.187237680000067, -3.640439964999922, 0.0 ], [ 128.187336242000015, -3.64044005399996, 0.0 ], [ 128.187443749000067, -3.640458155999967, 0.0 ], [ 128.187506438000014, -3.64049422099992, 0.0 ], [ 128.187586992000121, -3.640593317999957, 0.0 ], [ 128.18773021800007, -3.640746483999967, 0.0 ], [ 128.187846628000102, -3.640827609999977, 0.0 ], [ 128.187936198000102, -3.640863698999968, 0.0 ], [ 128.188052633000098, -3.640917817999927, 0.0 ], [ 128.188133130000097, -3.641079928999939, 0.0 ], [ 128.188159873000018, -3.641232990999923, 0.0 ], [ 128.188123847000043, -3.641440008999951, 0.0 ], [ 128.188177504, -3.641557084999929, 0.0 ], [ 128.188249089000038, -3.641665174999952, 0.0 ], [ 128.188347418000035, -3.641926327999955, 0.0 ], [ 128.188317959000074, -3.642173381999952, 0.0 ], [ 128.188212304000103, -3.642718396999955, 0.0 ], [ 128.18818515800001, -3.643015444999947, 0.0 ], [ 128.188285618, -3.643246980999943, 0.0 ], [ 128.188486257000022, -3.643426485999955, 0.0 ], [ 128.188649684000097, -3.643635843999963, 0.0 ], [ 128.188783409000052, -3.643792872999931, 0.0 ], [ 128.188760998000021, -3.643904929999966, 0.0 ], [ 128.188686561000054, -3.643979580999933, 0.0 ], [ 128.188478204000035, -3.644113883999981, 0.0 ], [ 128.188284701000043, -3.644270616999956, 0.0 ], [ 128.188061336000032, -3.644554343999972, 0.0 ], [ 128.187956997000015, -3.64480081899996, 0.0 ], [ 128.18797157500012, -3.645129590999937, 0.0 ], [ 128.188008580000115, -3.645331363999953, 0.0 ], [ 128.18801591600004, -3.645443446999929, 0.0 ], [ 128.188075326000103, -3.645540634999973, 0.0 ], [ 128.188164483000037, -3.645637848999965, 0.0 ], [ 128.18832047300009, -3.645847200999986, 0.0 ], [ 128.188483819000112, -3.646146220999978, 0.0 ], [ 128.188699259000032, -3.646407928999967, 0.0 ], [ 128.188498339000034, -3.646542239999979, 0.0 ], [ 128.188981823000063, -3.647390742999966, 0.0 ], [ 128.188753719000033, -3.647569925999966, 0.0 ], [ 128.187666562000118, -3.648271231999954, 0.0 ], [ 128.187586693000071, -3.648370395999966, 0.0 ], [ 128.18752964600003, -3.648439046999957, 0.0 ], [ 128.187278502000026, -3.648918184999959, 0.0 ], [ 128.187130036000099, -3.649228760999962, 0.0 ], [ 128.187122382000098, -3.649289822999945, 0.0 ], [ 128.1871451290001, -3.649343278999942, 0.0 ], [ 128.187205814000095, -3.649454020999944, 0.0 ], [ 128.187258833000101, -3.649641092999955, 0.0 ], [ 128.18725495800004, -3.649725057999952, 0.0 ], [ 128.186673072000076, -3.650426820999944, 0.0 ], [ 128.186395405000098, -3.650800614999985, 0.0 ], [ 128.185980775000075, -3.651391840999959, 0.0 ], [ 128.185758567000107, -3.651718591999953, 0.0 ], [ 128.185661548000098, -3.651934959999942, 0.0 ], [ 128.185548623000045, -3.652215622999966, 0.0 ], [ 128.185450313000047, -3.652459960999983, 0.0 ], [ 128.185162725000055, -3.652780409999932, 0.0 ], [ 128.184885156000064, -3.653043516999956, 0.0 ], [ 128.184645591000049, -3.653291389999942, 0.0 ], [ 128.184402341, -3.653413304999965, 0.0 ], [ 128.184086843000046, -3.65360767499993, 0.0 ], [ 128.183877777000021, -3.653737254999954, 0.0 ], [ 128.184127870000111, -3.65445122399995, 0.0 ], [ 128.184948479000013, -3.654440520999965, 0.0 ], [ 128.185514517000115, -3.654467753999941, 0.0 ], [ 128.186137522000081, -3.654514121999969, 0.0 ], [ 128.186221095000064, -3.654521831999944, 0.0 ], [ 128.18631984700005, -3.654548638999929, 0.0 ], [ 128.186407195000015, -3.654583069999942, 0.0 ], [ 128.186433757000032, -3.654617445999979, 0.0 ], [ 128.187696198000026, -3.653339964999923, 0.0 ], [ 128.188417421000054, -3.654008558999978, 0.0 ], [ 128.188585906000071, -3.654159783999948, 0.0 ], [ 128.188643923000086, -3.654097773999974, 0.0 ], [ 128.189376589000062, -3.653314679999937, 0.0 ], [ 128.189644502000078, -3.653028325999975, 0.0 ], [ 128.189930637000089, -3.65272249599997, 0.0 ], [ 128.190521067000077, -3.652091426999965, 0.0 ], [ 128.190676737000103, -3.651913273999974, 0.0 ], [ 128.190696598000045, -3.651906892999928, 0.0 ], [ 128.190683053000043, -3.651888713999935, 0.0 ], [ 128.190867154000102, -3.651692704999958, 0.0 ], [ 128.190870462000021, -3.651696033999948, 0.0 ], [ 128.191203704000031, -3.652031433999973, 0.0 ], [ 128.192255141000032, -3.653061459999948, 0.0 ], [ 128.192318567000029, -3.653101831999948, 0.0 ], [ 128.192372566000017, -3.653126000999976, 0.0 ], [ 128.192479575000107, -3.653139194999935, 0.0 ], [ 128.192676021000011, -3.653132322999959, 0.0 ], [ 128.192630358000088, -3.653466943999947, 0.0 ], [ 128.192555017000018, -3.653816630999923, 0.0 ], [ 128.192497791000051, -3.654045729999951, 0.0 ], [ 128.192356293000103, -3.654543098999965, 0.0 ], [ 128.192287908000026, -3.654667718999977, 0.0 ], [ 128.192254030000072, -3.654793262999937, 0.0 ], [ 128.192247939000026, -3.654892756999977, 0.0 ], [ 128.192250865000119, -3.654977182999964, 0.0 ], [ 128.192265816000059, -3.655037499999934, 0.0 ], [ 128.192250714000011, -3.655146029999964, 0.0 ], [ 128.192218040000057, -3.655312673999962, 0.0 ], [ 128.192190159, -3.655421054999973, 0.0 ], [ 128.192160329000103, -3.655537916999953, 0.0 ], [ 128.192157223000095, -3.655655502999936, 0.0 ], [ 128.192181186000084, -3.655706782999965, 0.0 ], [ 128.192217165000102, -3.655746011999947, 0.0 ], [ 128.192238131000067, -3.655791257999959, 0.0 ], [ 128.192226079000079, -3.655845518999967, 0.0 ], [ 128.192232024000077, -3.655908841999974, 0.0 ], [ 128.19256508, -3.655987536999924, 0.0 ], [ 128.19260406, -3.656026768999933, 0.0 ], [ 128.192664021000041, -3.656096170999952, 0.0 ], [ 128.192740751000088, -3.656134647999983, 0.0 ], [ 128.192847023000013, -3.656171714999979, 0.0 ], [ 128.192907027000047, -3.656192873999937, 0.0 ], [ 128.192964137000104, -3.656093425999921, 0.0 ], [ 128.193144418000088, -3.655855393999954, 0.0 ], [ 128.193297586000085, -3.655731911999959, 0.0 ], [ 128.193462748000115, -3.655620499999939, 0.0 ], [ 128.193712235000021, -3.655501543999942, 0.0 ], [ 128.193883059000086, -3.655452031999971, 0.0 ], [ 128.194036128000107, -3.655440109999974, 0.0 ], [ 128.194932993000066, -3.655481498999966, 0.0 ], [ 128.196413234000033, -3.655574459999969, 0.0 ], [ 128.19680956000002, -3.65558502499993, 0.0 ], [ 128.196773607000068, -3.65634436799996, 0.0 ], [ 128.196953969000106, -3.656871180999932, 0.0 ], [ 128.197182398000109, -3.657527911999984, 0.0 ], [ 128.197849058000088, -3.659993024999945, 0.0 ], [ 128.197821354000126, -3.66000017799997, 0.0 ], [ 128.19779032200006, -3.660005620999927, 0.0 ], [ 128.19774476200007, -3.660012438999952, 0.0 ], [ 128.197709477000103, -3.66002015599998, 0.0 ], [ 128.197685086000092, -3.660028196999974, 0.0 ], [ 128.19765540700007, -3.660042026999968, 0.0 ], [ 128.197630152000102, -3.660059660999928, 0.0 ], [ 128.197587406000025, -3.660097499999953, 0.0 ], [ 128.197543531000065, -3.660141048999945, 0.0 ], [ 128.197529835000068, -3.660156545999945, 0.0 ], [ 128.197523882000041, -3.660165401999955, 0.0 ], [ 128.197519772000078, -3.660172124999967, 0.0 ], [ 128.197512429000085, -3.660178421999936, 0.0 ], [ 128.197501788000068, -3.660184233999926, 0.0 ], [ 128.197489618000077, -3.66018860199995, 0.0 ], [ 128.197469836000096, -3.660184936999936, 0.0 ], [ 128.197372536000103, -3.660165147999973, 0.0 ], [ 128.197338580000064, -3.660161924999951, 0.0 ], [ 128.197283963000018, -3.660160697999966, 0.0 ], [ 128.197122812000089, -3.660164314999968, 0.0 ], [ 128.196856907000097, -3.66017204799993, 0.0 ], [ 128.196786317000033, -3.660179549999955, 0.0 ], [ 128.196702761000097, -3.66019344699992, 0.0 ], [ 128.196640067000089, -3.660207992999973, 0.0 ], [ 128.196619766000026, -3.660214718999956, 0.0 ], [ 128.196607659000051, -3.660220826999933, 0.0 ], [ 128.196473417000107, -3.660311603999962, 0.0 ], [ 128.196436774000063, -3.66033301899995, 0.0 ], [ 128.196374392000052, -3.660369046999955, 0.0 ], [ 128.196352689000037, -3.660383663999941, 0.0 ], [ 128.196337288000109, -3.660396026999931, 0.0 ], [ 128.196303263000118, -3.660433270999934, 0.0 ], [ 128.196245670000053, -3.660502603999924, 0.0 ], [ 128.196208907000027, -3.660559423999922, 0.0 ], [ 128.196153032000097, -3.660653509999968, 0.0 ], [ 128.196132173000024, -3.660693522999961, 0.0 ], [ 128.196089577000066, -3.66079976799995, 0.0 ], [ 128.196074278000083, -3.660833122999971, 0.0 ], [ 128.196062480000023, -3.660849825999939, 0.0 ], [ 128.1960392310001, -3.660874536999923, 0.0 ], [ 128.196001591000027, -3.660915943999951, 0.0 ], [ 128.195964278000019, -3.660950678999945, 0.0 ], [ 128.195942714000012, -3.660966587999946, 0.0 ], [ 128.195920637000086, -3.660977434999947, 0.0 ], [ 128.195901407000065, -3.660983373999959, 0.0 ], [ 128.195840546000113, -3.660997673999936, 0.0 ], [ 128.195828635000112, -3.661002330999955, 0.0 ], [ 128.195816591000039, -3.661009455999925, 0.0 ], [ 128.19579228900011, -3.661030987999931, 0.0 ], [ 128.195767913000054, -3.661062221999945, 0.0 ], [ 128.195746192000115, -3.661099657999957, 0.0 ], [ 128.195742157000041, -3.661105168999946, 0.0 ], [ 128.195729019000055, -3.661117085999925, 0.0 ], [ 128.195710914000074, -3.661129897999954, 0.0 ], [ 128.1956631810001, -3.661155970999966, 0.0 ], [ 128.195629540000027, -3.661166124999963, 0.0 ], [ 128.195560898000053, -3.661181873999968, 0.0 ], [ 128.195458827000039, -3.661202614999978, 0.0 ], [ 128.195379549000108, -3.661216885999969, 0.0 ], [ 128.19530691600005, -3.661231702999942, 0.0 ], [ 128.195275805000051, -3.661235920999963, 0.0 ], [ 128.195012610000049, -3.661258452999953, 0.0 ], [ 128.194909630000097, -3.661269851999983, 0.0 ], [ 128.194896272000051, -3.66127382699995, 0.0 ], [ 128.194882251000109, -3.661280173999953, 0.0 ], [ 128.194833148000043, -3.661309672999955, 0.0 ], [ 128.194808264000017, -3.661322675999943, 0.0 ], [ 128.194717811000032, -3.661367748999971, 0.0 ], [ 128.194668772000114, -3.661390166999985, 0.0 ], [ 128.194626293000056, -3.661406010999947, 0.0 ], [ 128.194595541000012, -3.661412619999958, 0.0 ], [ 128.194476178000059, -3.661429181999952, 0.0 ], [ 128.194022320000045, -3.661497811999932, 0.0 ], [ 128.193940326000074, -3.661508779999969, 0.0 ], [ 128.193929398000051, -3.661509719999968, 0.0 ], [ 128.193921002000025, -3.661512707999968, 0.0 ], [ 128.193890834000058, -3.661535429999955, 0.0 ], [ 128.193871747000117, -3.66154922799995, 0.0 ], [ 128.193832450000059, -3.661581970999976, 0.0 ], [ 128.193818498000041, -3.661591584999945, 0.0 ], [ 128.193801603000111, -3.661597710999961, 0.0 ], [ 128.193771982000044, -3.66160402699995, 0.0 ], [ 128.193669068000077, -3.661618234999928, 0.0 ], [ 128.193604199000106, -3.661622079999974, 0.0 ], [ 128.193471097000042, -3.661623945999961, 0.0 ], [ 128.193348604000107, -3.661623618999948, 0.0 ], [ 128.193272174000072, -3.661627752999942, 0.0 ], [ 128.193227789000048, -3.661634490999966, 0.0 ], [ 128.19316811300007, -3.661647516999949, 0.0 ], [ 128.193095253000024, -3.661666288999927, 0.0 ], [ 128.193002819000071, -3.661692473999951, 0.0 ], [ 128.192916031000095, -3.661709743999951, 0.0 ], [ 128.192823693000037, -3.661723882999976, 0.0 ], [ 128.19281455600003, -3.661723121999948, 0.0 ], [ 128.192727990000094, -3.661732094999933, 0.0 ], [ 128.192655090000017, -3.66174455299995, 0.0 ], [ 128.192627348000087, -3.661751492999947, 0.0 ], [ 128.192605241000024, -3.661758896999968, 0.0 ], [ 128.192588892000117, -3.661766723999957, 0.0 ], [ 128.192579407000039, -3.661774125999951, 0.0 ], [ 128.192578355000023, -3.661774946999975, 0.0 ], [ 128.192511478000029, -3.661850764999937, 0.0 ], [ 128.192474848000074, -3.661894870999957, 0.0 ], [ 128.19246742200005, -3.661903653999953, 0.0 ], [ 128.192459144000054, -3.661907363999944, 0.0 ], [ 128.192404773000021, -3.661913430999964, 0.0 ], [ 128.192322515000114, -3.661920845999924, 0.0 ], [ 128.192282447000025, -3.661924457999936, 0.0 ], [ 128.192134530000089, -3.661940814999983, 0.0 ], [ 128.192118139000058, -3.661942229999968, 0.0 ], [ 128.192069228000037, -3.661943701999972, 0.0 ], [ 128.191928988000086, -3.661943796999937, 0.0 ], [ 128.191891221000105, -3.661945149999956, 0.0 ], [ 128.191830990000085, -3.661950194999973, 0.0 ], [ 128.191652970000064, -3.661970446999937, 0.0 ], [ 128.19160664900005, -3.661977816999984, 0.0 ], [ 128.191539888000079, -3.661990705999924, 0.0 ], [ 128.191386471000101, -3.662024698999977, 0.0 ], [ 128.191251330000114, -3.662054278999958, 0.0 ], [ 128.191079996000099, -3.662089419999969, 0.0 ], [ 128.191025790000026, -3.662105993999941, 0.0 ], [ 128.19083571200008, -3.662172876999926, 0.0 ], [ 128.19082314100001, -3.66217648899993, 0.0 ], [ 128.190791605000072, -3.662185549999947, 0.0 ], [ 128.190740992000087, -3.662190765999986, 0.0 ], [ 128.190696280000139, -3.662195372999967, 0.0 ], [ 128.190624943000103, -3.662200967999986, 0.0 ], [ 128.190571639000041, -3.662202821999926, 0.0 ], [ 128.19053843100005, -3.662200778999928, 0.0 ], [ 128.190525408000099, -3.662199688999971, 0.0 ], [ 128.190509302, -3.662200403999975, 0.0 ], [ 128.19046714000001, -3.662207292999935, 0.0 ], [ 128.190423885000087, -3.662217845999968, 0.0 ], [ 128.190294774000108, -3.662253126999936, 0.0 ], [ 128.190275344000042, -3.662258583999972, 0.0 ], [ 128.190262415, -3.662262214999934, 0.0 ], [ 128.190217190000112, -3.662277424999958, 0.0 ], [ 128.190102845000069, -3.662321106999968, 0.0 ], [ 128.190000349000115, -3.662365450999967, 0.0 ], [ 128.189967508000109, -3.662381934999924, 0.0 ], [ 128.189950228000043, -3.662393038999936, 0.0 ], [ 128.189934869000012, -3.662409384999931, 0.0 ], [ 128.189923214000032, -3.662427782999945, 0.0 ], [ 128.189914152000028, -3.66244964199996, 0.0 ], [ 128.189904542000022, -3.662482506999936, 0.0 ], [ 128.18989676700005, -3.662506656999946, 0.0 ], [ 128.189886808000097, -3.66252949499994, 0.0 ], [ 128.189875206000011, -3.662549702999963, 0.0 ], [ 128.189863616000025, -3.662564360999962, 0.0 ], [ 128.18983550900009, -3.662584354999979, 0.0 ], [ 128.189768039000143, -3.662628301999979, 0.0 ], [ 128.189754029000028, -3.662637073999979, 0.0 ], [ 128.18959045400004, -3.66273948899993, 0.0 ], [ 128.189586851000058, -3.66274160799998, 0.0 ], [ 128.189452552000034, -3.662820577999978, 0.0 ], [ 128.189450936000071, -3.662821465999972, 0.0 ], [ 128.189366784000072, -3.66286774199995, 0.0 ], [ 128.189307208000059, -3.662899955999925, 0.0 ], [ 128.189149777000011, -3.662989093999946, 0.0 ], [ 128.189147454000022, -3.662990597999965, 0.0 ], [ 128.189140871000063, -3.662994859999976, 0.0 ], [ 128.189133053000091, -3.663002227999931, 0.0 ], [ 128.189114709000023, -3.663030065999979, 0.0 ], [ 128.189108375000046, -3.663035493999927, 0.0 ], [ 128.189087598000015, -3.663038768999975, 0.0 ], [ 128.188998444000049, -3.66304548799996, 0.0 ], [ 128.188722902000109, -3.66307332699995, 0.0 ], [ 128.188641594000046, -3.663084051999938, 0.0 ], [ 128.188591794000104, -3.66308784199993, 0.0 ], [ 128.188538301000108, -3.66309378399995, 0.0 ], [ 128.188428259000034, -3.66311024199996, 0.0 ], [ 128.188307380000083, -3.66313032699997, 0.0 ], [ 128.188223691000076, -3.663146098999955, 0.0 ], [ 128.187949339000056, -3.663210344999928, 0.0 ], [ 128.187903327000072, -3.663214142999942, 0.0 ], [ 128.187824774000092, -3.66321498399998, 0.0 ], [ 128.187771099000088, -3.663209793999947, 0.0 ], [ 128.187734664000118, -3.663203931999932, 0.0 ], [ 128.187689636000101, -3.663194214999978, 0.0 ], [ 128.187667401000112, -3.663192162999966, 0.0 ], [ 128.187645316000044, -3.663191974999965, 0.0 ], [ 128.18758105400002, -3.663196450999969, 0.0 ], [ 128.187489971000105, -3.663205052999962, 0.0 ], [ 128.187417254000025, -3.663213460999942, 0.0 ], [ 128.187371915000085, -3.663220528999938, 0.0 ], [ 128.187071863000028, -3.663273984999934, 0.0 ], [ 128.186990488000106, -3.663290008999973, 0.0 ], [ 128.186886756000035, -3.663315356999931, 0.0 ], [ 128.186856528000021, -3.663321069999932, 0.0 ], [ 128.186840225000083, -3.663322250999947, 0.0 ], [ 128.186795717000109, -3.663314210999935, 0.0 ], [ 128.186756557000081, -3.663312851999927, 0.0 ], [ 128.186686930000064, -3.663320565999924, 0.0 ], [ 128.186554734000083, -3.663340047999958, 0.0 ], [ 128.186410170000045, -3.663363863999959, 0.0 ], [ 128.18631826, -3.66338137999997, 0.0 ], [ 128.186280878000048, -3.663388698999931, 0.0 ], [ 128.186242597000046, -3.663393882999962, 0.0 ], [ 128.186204129000089, -3.663396837999924, 0.0 ], [ 128.186166517000089, -3.663397474999951, 0.0 ], [ 128.186105844000053, -3.663396896999923, 0.0 ], [ 128.186011459000042, -3.663395786999949, 0.0 ], [ 128.18590775600012, -3.66340211499994, 0.0 ], [ 128.185530808000067, -3.663433857999959, 0.0 ], [ 128.185255926000082, -3.663452916999974, 0.0 ], [ 128.185040044000061, -3.66346960999994, 0.0 ], [ 128.185016634000021, -3.663469172999954, 0.0 ], [ 128.184982801000046, -3.663464178999966, 0.0 ], [ 128.184953438000093, -3.66345692499993, 0.0 ], [ 128.18493383100008, -3.66344881899994, 0.0 ], [ 128.184826041000065, -3.663388142999967, 0.0 ], [ 128.184792056000106, -3.663369881999923, 0.0 ], [ 128.184771792000106, -3.663356739999925, 0.0 ], [ 128.184752056000093, -3.663340180999964, 0.0 ], [ 128.184728245000088, -3.663316044999925, 0.0 ], [ 128.184703794000058, -3.663293906999961, 0.0 ], [ 128.184666812000046, -3.663266437999934, 0.0 ], [ 128.184616908000066, -3.663233513999953, 0.0 ], [ 128.184563884000113, -3.663201592999946, 0.0 ], [ 128.184543302000066, -3.663193026999982, 0.0 ], [ 128.18453334600008, -3.663186367999968, 0.0 ], [ 128.184527136000042, -3.663178801999944, 0.0 ], [ 128.184521187000087, -3.663166903999982, 0.0 ], [ 128.184515238000017, -3.663155006999939, 0.0 ], [ 128.184509290000051, -3.663141324999973, 0.0 ], [ 128.18450512600009, -3.663125858999932, 0.0 ], [ 128.184503341000095, -3.663113960999965, 0.0 ], [ 128.184261279000111, -3.662965159999938, 0.0 ], [ 128.184222826000109, -3.662941521999922, 0.0 ], [ 128.184200697000051, -3.662947945999976, 0.0 ], [ 128.184172144000058, -3.662952228999929, 0.0 ], [ 128.184127886000056, -3.662960794999942, 0.0 ], [ 128.184085056000072, -3.662965791999969, 0.0 ], [ 128.18405150500007, -3.662963650999928, 0.0 ], [ 128.184033659000079, -3.662962222999965, 0.0 ], [ 128.184013399000037, -3.662961343999933, 0.0 ], [ 128.184003448000112, -3.662963422999952, 0.0 ], [ 128.183985450000023, -3.662969911999932, 0.0 ], [ 128.183968802000095, -3.662978679999985, 0.0 ], [ 128.183945423000068, -3.662994004999976, 0.0 ], [ 128.183919153000033, -3.663007356999968, 0.0 ], [ 128.183905553000045, -3.663014268999973, 0.0 ], [ 128.183813550000082, -3.663057260999941, 0.0 ], [ 128.183603732000051, -3.663151168999942, 0.0 ], [ 128.183588412000091, -3.663149495999964, 0.0 ], [ 128.183571609000069, -3.663143315999947, 0.0 ], [ 128.183546975000013, -3.663129118999958, 0.0 ], [ 128.183515449000083, -3.663108535999924, 0.0 ], [ 128.183464700000059, -3.663070004999954, 0.0 ], [ 128.183367189000023, -3.662995401999984, 0.0 ], [ 128.183039847000032, -3.662752346999974, 0.0 ], [ 128.182632008000041, -3.662451225999967, 0.0 ], [ 128.182312258000024, -3.662214447999923, 0.0 ], [ 128.182210105000081, -3.662138802999948, 0.0 ], [ 128.18214755200006, -3.662092807999959, 0.0 ], [ 128.182073240000022, -3.66204272699997, 0.0 ], [ 128.181997049000074, -3.661995274999975, 0.0 ], [ 128.181966382000041, -3.661978213999923, 0.0 ], [ 128.181963350000075, -3.661976526999983, 0.0 ], [ 128.181956171000024, -3.66197253299993, 0.0 ], [ 128.181938966000075, -3.661962960999965, 0.0 ], [ 128.181910560000119, -3.661950081999968, 0.0 ], [ 128.181713036000019, -3.661860524999956, 0.0 ], [ 128.181706808000058, -3.661858048999928, 0.0 ], [ 128.181621026000045, -3.661841435999981, 0.0 ], [ 128.181439511, -3.661812110999958, 0.0 ], [ 128.181333625000093, -3.661796048999981, 0.0 ], [ 128.18129495900007, -3.661790100999953, 0.0 ], [ 128.181289010000114, -3.661787125999973, 0.0 ], [ 128.18128484600004, -3.66178236699995, 0.0 ], [ 128.181285441000114, -3.661774633999927, 0.0 ], [ 128.181286036000074, -3.661764520999952, 0.0 ], [ 128.181286526, -3.661750410999952, 0.0 ], [ 128.181285574000071, -3.661742796999925, 0.0 ], [ 128.181282719000023, -3.66173708599996, 0.0 ], [ 128.181276056000115, -3.661732326999918, 0.0 ], [ 128.181273201000067, -3.661730423999932, 0.0 ], [ 128.181265587000098, -3.66172851999994, 0.0 ], [ 128.181256069000057, -3.661726615999953, 0.0 ], [ 128.181243696000024, -3.661724712999963, 0.0 ], [ 128.181219601000066, -3.661721425999922, 0.0 ], [ 128.181197169000029, -3.661718648999964, 0.0 ], [ 128.181165992000075, -3.66171586099994, 0.0 ], [ 128.181130300000063, -3.661708722999941, 0.0 ], [ 128.181104126000037, -3.661698014999957, 0.0 ], [ 128.181070814, -3.661678979999984, 0.0 ], [ 128.18103631200006, -3.661655184999976, 0.0 ], [ 128.180993481000087, -3.661639718999929, 0.0 ], [ 128.180953030000069, -3.66162901099995, 0.0 ], [ 128.180911390000119, -3.661615923999928, 0.0 ], [ 128.180885216000092, -3.661601646999946, 0.0 ], [ 128.18085666200011, -3.66159450899994, 0.0 ], [ 128.180834057000084, -3.66158855999993, 0.0 ], [ 128.180816211000092, -3.661587369999948, 0.0 ], [ 128.18079836600009, -3.661588559999931, 0.0 ], [ 128.180782899000064, -3.661600456999958, 0.0 ], [ 128.180774571000057, -3.661612354999935, 0.0 ], [ 128.180772191000074, -3.66162544199995, 0.0 ], [ 128.180756725000037, -3.661638528999962, 0.0 ], [ 128.180734120000011, -3.66163852899996, 0.0 ], [ 128.180707946000098, -3.661630200999973, 0.0 ], [ 128.180624665000096, -3.66158023199995, 0.0 ], [ 128.180506882000032, -3.661524314999943, 0.0 ], [ 128.180410513000083, -3.661494570999933, 0.0 ], [ 128.180340319000038, -3.661470776999979, 0.0 ], [ 128.18030700700001, -3.661463637999924, 0.0 ], [ 128.180287971000098, -3.661466017999938, 0.0 ], [ 128.180278453000028, -3.661470776999975, 0.0 ], [ 128.180266556000106, -3.661479104999955, 0.0 ], [ 128.180242761000045, -3.661479104999962, 0.0 ], [ 128.180117840000094, -3.661460068999936, 0.0 ], [ 128.179948898000021, -3.661443412999969, 0.0 ], [ 128.179890601000011, -3.661444602999945, 0.0 ], [ 128.179813269000078, -3.661433894999952, 0.0 ], [ 128.179810889, -3.661417238999938, 0.0 ], [ 128.17981270000007, -3.661387060999968, 0.0 ], [ 128.17981445800001, -3.661357751999952, 0.0 ], [ 128.179812079000044, -3.661341095999939, 0.0 ], [ 128.179801371000053, -3.661329198999961, 0.0 ], [ 128.179784715000096, -3.661325629999956, 0.0 ], [ 128.179759731000132, -3.66132324999995, 0.0 ], [ 128.179727608, -3.661328008999933, 0.0 ], [ 128.179693106000059, -3.661331577999932, 0.0 ], [ 128.179668122000066, -3.661337526999939, 0.0 ], [ 128.179603034000024, -3.66135543199993, 0.0 ], [ 128.179580587000032, -3.661360845999973, 0.0 ], [ 128.17951495200009, -3.661366839999975, 0.0 ], [ 128.179408100000046, -3.661376597999953, 0.0 ], [ 128.179281513000092, -3.661386115999967, 0.0 ], [ 128.179125420000105, -3.661389922999939, 0.0 ], [ 128.179009302000054, -3.661385163999971, 0.0 ], [ 128.178888426000071, -3.661379452999934, 0.0 ], [ 128.178822753000077, -3.661373741999959, 0.0 ], [ 128.178809428000022, -3.661376597999949, 0.0 ], [ 128.178804669000101, -3.661382307999923, 0.0 ], [ 128.178803717000051, -3.661394681999986, 0.0 ], [ 128.178803717000051, -3.661408006999969, 0.0 ], [ 128.178800862000116, -3.661437511999969, 0.0 ], [ 128.178799910000066, -3.661462257999976, 0.0 ], [ 128.178791344000075, -3.661478438999942, 0.0 ], [ 128.17878087400004, -3.661487956999958, 0.0 ], [ 128.178771356000084, -3.661494618999933, 0.0 ], [ 128.17875898300008, -3.661500329999969, 0.0 ], [ 128.178748513000073, -3.661503184999953, 0.0 ], [ 128.178736140000069, -3.661503184999961, 0.0 ], [ 128.178720912000017, -3.661502232999964, 0.0 ], [ 128.178711394000061, -3.661499377999974, 0.0 ], [ 128.178704731000039, -3.661494618999931, 0.0 ], [ 128.178696165000019, -3.661483197999934, 0.0 ], [ 128.178684744000066, -3.661470823999935, 0.0 ], [ 128.178672371000062, -3.661460354999972, 0.0 ], [ 128.178656190000083, -3.661453691999953, 0.0 ], [ 128.178608601000064, -3.661444173999936, 0.0 ], [ 128.178531507000116, -3.661431800999935, 0.0 ], [ 128.178446798000095, -3.661421331999967, 0.0 ], [ 128.178425858000082, -3.661425138999963, 0.0 ], [ 128.178412533000028, -3.661429897999933, 0.0 ], [ 128.178401112000074, -3.661441318999954, 0.0 ], [ 128.178389691, -3.661459402999977, 0.0 ], [ 128.178373510000029, -3.661471775999925, 0.0 ], [ 128.178354475000106, -3.661480341999955, 0.0 ], [ 128.178338294000014, -3.661480341999944, 0.0 ], [ 128.17832782500011, -3.661473679999967, 0.0 ], [ 128.17831830700004, -3.661467968999937, 0.0 ], [ 128.178308789000084, -3.661456547999929, 0.0 ], [ 128.178300223000065, -3.66144227099994, 0.0 ], [ 128.178293560000043, -3.661418475999941, 0.0 ], [ 128.178288802000111, -3.66138992299995, 0.0 ], [ 128.178282139000117, -3.661369934999927, 0.0 ], [ 128.178276428000117, -3.661359465999962, 0.0 ], [ 128.178262152000116, -3.661353754999934, 0.0 ], [ 128.178244068000026, -3.661349947999951, 0.0 ], [ 128.178215514000044, -3.661348995999963, 0.0 ], [ 128.178166021000038, -3.661347091999967, 0.0 ], [ 128.178126046000102, -3.661344236999984, 0.0 ], [ 128.178071795000051, -3.661343284999927, 0.0 ], [ 128.177994287000047, -3.66134263499993, 0.0 ], [ 128.177845960000013, -3.661352279999968, 0.0 ], [ 128.177739606000046, -3.661364301999926, 0.0 ], [ 128.177625282, -3.661381262999958, 0.0 ], [ 128.177542694000067, -3.661397275999951, 0.0 ], [ 128.177512663000016, -3.661404918999946, 0.0 ], [ 128.177490468000087, -3.661412242999966, 0.0 ], [ 128.177393111000015, -3.661454562999943, 0.0 ], [ 128.177284519000068, -3.661507151999953, 0.0 ], [ 128.177201995000019, -3.661551879999932, 0.0 ], [ 128.177171685000076, -3.661570551999949, 0.0 ], [ 128.177149254000028, -3.661586418999945, 0.0 ], [ 128.177126584, -3.661602677999949, 0.0 ], [ 128.177101826000012, -3.661617604999953, 0.0 ], [ 128.177074982000022, -3.661631200999973, 0.0 ], [ 128.177061226000092, -3.661637031999924, 0.0 ], [ 128.177046051000048, -3.661643463999953, 0.0 ], [ 128.177015043000097, -3.661654391999939, 0.0 ], [ 128.176785694000074, -3.661727444999944, 0.0 ], [ 128.176629956000056, -3.661777050999945, 0.0 ], [ 128.176287314000092, -3.661872229999973, 0.0 ], [ 128.17593049900006, -3.66195195499995, 0.0 ], [ 128.175921349000077, -3.661953998999938, 0.0 ], [ 128.175892976000114, -3.661960305999966, 0.0 ], [ 128.17585314100009, -3.661965049999933, 0.0 ], [ 128.175777871000037, -3.661986443999979, 0.0 ], [ 128.175635103000104, -3.662007858999972, 0.0 ], [ 128.175423331000047, -3.662003099999931, 0.0 ], [ 128.175356322000084, -3.661996191999949, 0.0 ], [ 128.175192524000067, -3.661979304999927, 0.0 ], [ 128.175052135000101, -3.66197930499993, 0.0 ], [ 128.174829291000037, -3.661990303999968, 0.0 ], [ 128.174739539000029, -3.661977214999975, 0.0 ], [ 128.174461618, -3.662007671999962, 0.0 ], [ 128.174280107000072, -3.662063521999927, 0.0 ], [ 128.174214154000083, -3.662083814999952, 0.0 ], [ 128.174128372000041, -3.662113345999959, 0.0 ], [ 128.174078533000056, -3.66205412499994, 0.0 ], [ 128.174017014000015, -3.66197335299995, 0.0 ], [ 128.173961574000032, -3.661832612999938, 0.0 ], [ 128.173942119000117, -3.661754122999974, 0.0 ], [ 128.173950554000044, -3.661681263999982, 0.0 ], [ 128.173984137000048, -3.66156358699993, 0.0 ], [ 128.173998224000115, -3.661412261999947, 0.0 ], [ 128.173987864000082, -3.660540652999945, 0.0 ], [ 128.17399690100001, -3.659811992999946, 0.0 ], [ 128.174044503000118, -3.659615857999944, 0.0 ], [ 128.174050144000034, -3.659548600999926, 0.0 ], [ 128.174061359, -3.659486954999982, 0.0 ], [ 128.174089280000089, -3.65945895399995, 0.0 ], [ 128.174122821000111, -3.659386118999981, 0.0 ], [ 128.174122867000051, -3.659335672999934, 0.0 ], [ 128.174120124000069, -3.659285223999968, 0.0 ], [ 128.174056033000056, -3.659209494999974, 0.0 ], [ 128.173997489000044, -3.659170204999957, 0.0 ], [ 128.173933344000034, -3.659153329999985, 0.0 ], [ 128.173827322000079, -3.659172849999945, 0.0 ], [ 128.173757590000037, -3.659164377999956, 0.0 ], [ 128.173629280000114, -3.65915304899994, 0.0 ], [ 128.173528880000049, -3.659127732999938, 0.0 ], [ 128.173311340000055, -3.659077085999969, 0.0 ], [ 128.173160726000106, -3.659051723999942, 0.0 ], [ 128.173043607000068, -3.659003970999944, 0.0 ], [ 128.172912542000063, -3.658956205999975, 0.0 ], [ 128.172767520000093, -3.658916835999939, 0.0 ], [ 128.172552762, -3.658874597999955, 0.0 ], [ 128.171953020000046, -3.658857227999936, 0.0 ], [ 128.171328199000072, -3.658811807999934, 0.0 ], [ 128.171049312000036, -3.658735879999945, 0.0 ], [ 128.170809307000013, -3.658628970999926, 0.0 ], [ 128.170753375000118, -3.658549513999954, 0.0 ], [ 128.170628389000058, -3.658371810999936, 0.0 ], [ 128.170585980000055, -3.658189983999926, 0.0 ], [ 128.170618303000083, -3.657794024999926, 0.0 ], [ 128.170650723000108, -3.657291038999969, 0.0 ], [ 128.170685454000051, -3.656974740999936, 0.0 ], [ 128.170647462000034, -3.656815966999946, 0.0 ], [ 128.17054409800005, -3.656646183999952, 0.0 ], [ 128.170386262000079, -3.656465403999952, 0.0 ], [ 128.1702719970001, -3.65630108499994, 0.0 ], [ 128.17019588200003, -3.656125853999925, 0.0 ], [ 128.170207080000068, -3.655797437999972, 0.0 ], [ 128.170261699000093, -3.655649696999937, 0.0 ], [ 128.170311477000041, -3.655503416999971, 0.0 ], [ 128.170360102000018, -3.655288519999944, 0.0 ], [ 128.170362813000111, -3.655281727999983, 0.0 ], [ 128.170327148000069, -3.655253007999924, 0.0 ], [ 128.170257743000121, -3.655187805999964, 0.0 ], [ 128.170160569000018, -3.655103968999981, 0.0 ], [ 128.170068017000062, -3.655029441999944, 0.0 ], [ 128.169989355000098, -3.654959579999961, 0.0 ], [ 128.169873639000116, -3.654894335999921, 0.0 ], [ 128.169808869, -3.654824486999926, 0.0 ], [ 128.169693121000023, -3.65479646299996, 0.0 ], [ 128.169568083000058, -3.654796346999944, 0.0 ], [ 128.169443055000102, -3.65478692699998, 0.0 ], [ 128.16933657300001, -3.65475425999995, 0.0 ], [ 128.169262549000109, -3.654675096999934, 0.0 ], [ 128.169230218000052, -3.654582014999952, 0.0 ], [ 128.169211835000056, -3.654428461999934, 0.0 ], [ 128.169202723000012, -3.654265611999962, 0.0 ], [ 128.169198229000017, -3.654116723999948, 0.0 ], [ 128.169212262000087, -3.653963200999959, 0.0 ], [ 128.169193872000051, -3.653818953999977, 0.0 ], [ 128.16898699, -3.653573465999959, 0.0 ], [ 128.168822454000065, -3.653440973999972, 0.0 ], [ 128.168633235000016, -3.653291913999967, 0.0 ], [ 128.168378199000017, -3.653093165999963, 0.0 ], [ 128.168106659000046, -3.652935759999938, 0.0 ], [ 128.16752246100009, -3.652571279999957, 0.0 ], [ 128.167407278000042, -3.652488458999932, 0.0 ], [ 128.167160293000052, -3.652488229999953, 0.0 ], [ 128.166913322000056, -3.652471456999938, 0.0 ], [ 128.166691072000049, -3.652429893999964, 0.0 ], [ 128.166427675000023, -3.652371749999931, 0.0 ], [ 128.166246674000035, -3.652239240999967, 0.0 ], [ 128.166065666, -3.652115002999947, 0.0 ], [ 128.165930679000098, -3.652024667999969, 0.0 ], [ 128.165819604000035, -3.651950122999949, 0.0 ], [ 128.165713152000109, -3.651884887999927, 0.0 ], [ 128.165592807000053, -3.651819638999946, 0.0 ], [ 128.165486354000109, -3.651754403999975, 0.0 ], [ 128.165416968000045, -3.651670592999954, 0.0 ], [ 128.165417062000074, -3.651568234999962, 0.0 ], [ 128.165454217000047, -3.651451955999963, 0.0 ], [ 128.165509870000051, -3.651363607999939, 0.0 ], [ 128.165556274000096, -3.651261293999943, 0.0 ], [ 128.165565639000079, -3.651149639999977, 0.0 ], [ 128.165556472000048, -3.651047273999954, 0.0 ], [ 128.165468582000017, -3.650940182999926, 0.0 ], [ 128.165419308000082, -3.650775773999952, 0.0 ], [ 128.165431390000094, -3.650709366999938, 0.0 ], [ 128.165264499000045, -3.650495561999943, 0.0 ], [ 128.165039676000106, -3.65019381499997, 0.0 ], [ 128.164796060000072, -3.649929741999925, 0.0 ], [ 128.16440263700008, -3.649382838999932, 0.0 ], [ 128.164084213000024, -3.648873695999953, 0.0 ], [ 128.163765650000073, -3.648515323999966, 0.0 ], [ 128.163446967000027, -3.648288873999939, 0.0 ], [ 128.163128178000107, -3.648175498999932, 0.0 ], [ 128.162753008000095, -3.64817514899994, 0.0 ], [ 128.162377822000053, -3.648193643999952, 0.0 ], [ 128.161965066000107, -3.648268641999941, 0.0 ], [ 128.161533536000093, -3.648362468999946, 0.0 ], [ 128.161158332000014, -3.648399809999938, 0.0 ], [ 128.160726853000028, -3.648437097999938, 0.0 ], [ 128.1603516670001, -3.648455592999944, 0.0 ], [ 128.160107790000097, -3.648474209999966, 0.0 ], [ 128.159826414, -3.648473946999952, 0.0 ], [ 128.159545160000107, -3.648341759999933, 0.0 ], [ 128.159245235000071, -3.648115325999929, 0.0 ], [ 128.159020362000092, -3.64787011599998, 0.0 ], [ 128.158739161000085, -3.647681390999934, 0.0 ], [ 128.158420443000068, -3.647492631999964, 0.0 ], [ 128.158232948000091, -3.647398225999957, 0.0 ], [ 128.15797038200003, -3.647341440999984, 0.0 ], [ 128.157689060000052, -3.64728463799997, 0.0 ], [ 128.157388978000085, -3.647227816999929, 0.0 ], [ 128.157200956000111, -3.647167517999947, 0.0 ], [ 128.15697641600002, -3.647095506999967, 0.0 ], [ 128.156582560000061, -3.647019751999946, 0.0 ], [ 128.156301290000101, -3.646906410999979, 0.0 ], [ 128.155945092000024, -3.64667992399996, 0.0 ], [ 128.155645204000052, -3.646415795999932, 0.0 ], [ 128.155214114000074, -3.646038468999955, 0.0 ], [ 128.154801729000042, -3.64571769699996, 0.0 ], [ 128.154734868000105, -3.645612988999973, 0.0 ], [ 128.154429461000092, -3.64513470499997, 0.0 ], [ 128.154295993000119, -3.644925686999961, 0.0 ], [ 128.154089863000081, -3.644699339999936, 0.0 ], [ 128.153789905000053, -3.644510595999973, 0.0 ], [ 128.153452309000045, -3.644453739999959, 0.0 ], [ 128.153152193000096, -3.644434609999968, 0.0 ], [ 128.15281454400008, -3.64443429199998, 0.0 ], [ 128.152589497, -3.644377539999943, 0.0 ], [ 128.152308124000115, -3.644377274999954, 0.0 ], [ 128.151414800000111, -3.644539627999956, 0.0 ], [ 128.151230541000047, -3.644573098999954, 0.0 ], [ 128.151138701000036, -3.644493859999952, 0.0 ], [ 128.150919312000042, -3.644331902999973, 0.0 ], [ 128.150685344000067, -3.644111115999984, 0.0 ], [ 128.150554801000112, -3.643924942999946, 0.0 ], [ 128.150802188000057, -3.643930959999981, 0.0 ], [ 128.151094862000036, -3.643973533999947, 0.0 ], [ 128.151283698000043, -3.644052800999936, 0.0 ], [ 128.151403216000062, -3.644099120999949, 0.0 ], [ 128.151670548000084, -3.644148655999971, 0.0 ], [ 128.151677661, -3.644148409999957, 0.0 ], [ 128.151772457000106, -3.644145215999967, 0.0 ], [ 128.151860923000072, -3.644142223999946, 0.0 ], [ 128.151899406000098, -3.644140929999938, 0.0 ], [ 128.152169259000061, -3.64407548499997, 0.0 ], [ 128.152264720000062, -3.644053728999944, 0.0 ], [ 128.152411100000108, -3.644020369999966, 0.0 ], [ 128.152413729000045, -3.644019774999948, 0.0 ], [ 128.152443014000028, -3.644015460999976, 0.0 ], [ 128.152527103000011, -3.644003065999918, 0.0 ], [ 128.152639253000075, -3.643986545999945, 0.0 ], [ 128.152649607000058, -3.643986482999934, 0.0 ], [ 128.152874507000092, -3.643985193999927, 0.0 ], [ 128.152895095000076, -3.643989419999974, 0.0 ], [ 128.153116407000084, -3.644034912999931, 0.0 ], [ 128.153153208000049, -3.644046996999971, 0.0 ], [ 128.153188024000087, -3.644058426999948, 0.0 ], [ 128.153280258000109, -3.644088718999962, 0.0 ], [ 128.153364851000106, -3.644116505999929, 0.0 ], [ 128.153369549000104, -3.644118192999947, 0.0 ], [ 128.153600600000118, -3.644201371999945, 0.0 ], [ 128.153614479000112, -3.64420732799994, 0.0 ], [ 128.153693627000052, -3.644241306999958, 0.0 ], [ 128.153763442000013, -3.644271278999947, 0.0 ], [ 128.153798192000068, -3.644286191999925, 0.0 ], [ 128.153828324000074, -3.644299128999935, 0.0 ], [ 128.153842815000075, -3.644305357999946, 0.0 ], [ 128.154059602000075, -3.644409490999975, 0.0 ], [ 128.154155457000115, -3.644458230999936, 0.0 ], [ 128.154295553000111, -3.64452947299998, 0.0 ], [ 128.154473195000037, -3.644592364999938, 0.0 ], [ 128.154544032000103, -3.64461744399994, 0.0 ], [ 128.154786267000077, -3.644651467999958, 0.0 ], [ 128.155057255000088, -3.644643201999941, 0.0 ], [ 128.155059209000115, -3.644643149999977, 0.0 ], [ 128.155148432000033, -3.644648452999942, 0.0 ], [ 128.155229741000085, -3.644653278999952, 0.0 ], [ 128.155379980000021, -3.644662212999943, 0.0 ], [ 128.155469014000118, -3.644735197999981, 0.0 ], [ 128.15551688700009, -3.644774438999942, 0.0 ], [ 128.155662834000054, -3.644896787999932, 0.0 ], [ 128.155669006000039, -3.644901967999934, 0.0 ], [ 128.155736973000103, -3.645040669999961, 0.0 ], [ 128.155823224000073, -3.645182076999963, 0.0 ], [ 128.155878064000035, -3.645271990999953, 0.0 ], [ 128.155933145000063, -3.64531549999998, 0.0 ], [ 128.156058099, -3.645414199999947, 0.0 ], [ 128.156080214000099, -3.645431670999928, 0.0 ], [ 128.156297398000106, -3.645613752999962, 0.0 ], [ 128.156320698000087, -3.645624683999931, 0.0 ], [ 128.156387973000051, -3.645656263999959, 0.0 ], [ 128.15649802400003, -3.645707901999967, 0.0 ], [ 128.156510768000089, -3.645713884999959, 0.0 ], [ 128.156774765000023, -3.645768652999952, 0.0 ], [ 128.156841968000094, -3.645760538999987, 0.0 ], [ 128.157028522000019, -3.64573803599995, 0.0 ], [ 128.157173297000099, -3.645726845999947, 0.0 ], [ 128.157283981000091, -3.645718292999962, 0.0 ], [ 128.157558781000034, -3.64568769599992, 0.0 ], [ 128.157585340000082, -3.645680157999953, 0.0 ], [ 128.15776978800011, -3.645627791999975, 0.0 ], [ 128.157848681000019, -3.645626689999977, 0.0 ], [ 128.157999921000055, -3.645624579999939, 0.0 ], [ 128.158233627000072, -3.645651973999982, 0.0 ], [ 128.158264867000071, -3.645655629999958, 0.0 ], [ 128.158274737000056, -3.64565439999996, 0.0 ], [ 128.158303435000107, -3.645650826999946, 0.0 ], [ 128.158306893000031, -3.645650395999942, 0.0 ], [ 128.158460121000076, -3.64563130799996, 0.0 ], [ 128.158533385000055, -3.645622185999965, 0.0 ], [ 128.158630278000032, -3.645610118999966, 0.0 ], [ 128.15886381700011, -3.645488045999976, 0.0 ], [ 128.158957604000079, -3.645416923999953, 0.0 ], [ 128.159051707000117, -3.645345557999967, 0.0 ], [ 128.159099545000117, -3.645316582999961, 0.0 ], [ 128.159175950000076, -3.645270293999943, 0.0 ], [ 128.159406927000077, -3.645268324999967, 0.0 ], [ 128.159858388000089, -3.645375398999929, 0.0 ], [ 128.159988492000025, -3.645406255999939, 0.0 ], [ 128.160031008000033, -3.645416338999956, 0.0 ], [ 128.160564630000096, -3.645404085999935, 0.0 ], [ 128.160965553000096, -3.645394879999971, 0.0 ], [ 128.161161495000101, -3.645385468999955, 0.0 ], [ 128.161722750000081, -3.645358513999958, 0.0 ], [ 128.161877870000012, -3.645351063999946, 0.0 ], [ 128.161961380000093, -3.645290012999959, 0.0 ], [ 128.162173201000087, -3.645135159999935, 0.0 ], [ 128.162701700000071, -3.644748796999984, 0.0 ], [ 128.162756279000064, -3.644700948999964, 0.0 ], [ 128.163324502000023, -3.644202810999958, 0.0 ], [ 128.163770593000123, -3.643811737999959, 0.0 ], [ 128.163831831000039, -3.643743165999982, 0.0 ], [ 128.164320098000076, -3.643196414999975, 0.0 ], [ 128.164527896000095, -3.642963725999945, 0.0 ], [ 128.165618976000019, -3.642093687999933, 0.0 ], [ 128.16604673300003, -3.641904227999931, 0.0 ], [ 128.166327868000053, -3.641779708999934, 0.0 ], [ 128.167027548000078, -3.641614804999956, 0.0 ], [ 128.167010202000029, -3.641648704999967, 0.0 ], [ 128.167224973000089, -3.641568274999939, 0.0 ], [ 128.167686121000088, -3.641459588999967, 0.0 ], [ 128.168007201000052, -3.64134401199994, 0.0 ], [ 128.168391591000045, -3.641205644999961, 0.0 ], [ 128.168730573000062, -3.64108362399997, 0.0 ], [ 128.168775960000062, -3.641067286999939, 0.0 ], [ 128.168822247000094, -3.641050624999928, 0.0 ], [ 128.168945134000069, -3.641006389999966, 0.0 ], [ 128.169148404000111, -3.640903702999938, 0.0 ], [ 128.169485368000096, -3.640733477999957, 0.0 ], [ 128.169923083000072, -3.640512355999933, 0.0 ], [ 128.170193267000059, -3.640375865999945, 0.0 ], [ 128.170767749000106, -3.639955277999941, 0.0 ], [ 128.171364249000021, -3.63960120199994, 0.0 ], [ 128.171558416000039, -3.639557858999976, 0.0 ], [ 128.171728826000049, -3.639663157999963, 0.0 ], [ 128.17190168500008, -3.639669477999974, 0.0 ], [ 128.172050604000106, -3.639674924999956, 0.0 ], [ 128.172229126000047, -3.639681457999926, 0.0 ], [ 128.172273382000071, -3.63966892499997, 0.0 ], [ 128.172396154000012, -3.639634155999935, 0.0 ], [ 128.172491575000123, -3.639607142999977, 0.0 ], [ 128.172531002000028, -3.639587910999984, 0.0 ], [ 128.172540517000016, -3.639540888999932, 0.0 ], [ 128.172557316000081, -3.639504177999921, 0.0 ], [ 128.172572103000107, -3.639471878999927, 0.0 ], [ 128.172596453000097, -3.639418647999952, 0.0 ], [ 128.172635435000075, -3.639324957999969, 0.0 ], [ 128.172642843000062, -3.639307153999941, 0.0 ], [ 128.172649710000087, -3.63929064199994, 0.0 ], [ 128.172654420000072, -3.639279320999947, 0.0 ], [ 128.172672738000074, -3.639235291999964, 0.0 ], [ 128.172710970000054, -3.639204154999966, 0.0 ], [ 128.172792651, -3.639137642999963, 0.0 ], [ 128.172916501000032, -3.639036793999931, 0.0 ], [ 128.172950776000107, -3.639029181999947, 0.0 ], [ 128.172994814000049, -3.639019397999952, 0.0 ], [ 128.173099217000072, -3.638996200999936, 0.0 ], [ 128.173163393000095, -3.638999326999958, 0.0 ], [ 128.173308943000052, -3.639006425999985, 0.0 ], [ 128.173386435000111, -3.639010196999942, 0.0 ], [ 128.173418902000094, -3.639011782999944, 0.0 ], [ 128.173687935000089, -3.638925405999944, 0.0 ], [ 128.173709287000065, -3.638910951999943, 0.0 ], [ 128.173781903000076, -3.638861780999944, 0.0 ], [ 128.173875808000048, -3.63879820199997, 0.0 ], [ 128.173972258000049, -3.638757528999971, 0.0 ], [ 128.174054306000016, -3.638761720999987, 0.0 ], [ 128.174073744000111, -3.63876271499992, 0.0 ], [ 128.174080232000051, -3.638767062999934, 0.0 ], [ 128.174193788000025, -3.638692835999966, 0.0 ], [ 128.17437024100002, -3.63873236599994, 0.0 ], [ 128.174812546000112, -3.638831453999948, 0.0 ], [ 128.175271686000087, -3.638934313999927, 0.0 ], [ 128.176316334000035, -3.639284911999933, 0.0 ], [ 128.176349475000052, -3.639296034999975, 0.0 ], [ 128.177546874000086, -3.639858271999968, 0.0 ], [ 128.178012019000107, -3.640091905999957, 0.0 ], [ 128.179355085000111, -3.640766501999957, 0.0 ], [ 128.179549802000111, -3.640864304999982, 0.0 ], [ 128.179688271000032, -3.640933854999953, 0.0 ], [ 128.179753510000069, -3.640966622999933, 0.0 ], [ 128.181016320000026, -3.639472450999963, 0.0 ], [ 128.181847392, -3.638489111999942, 0.0 ], [ 128.181923500000039, -3.638399058999946, 0.0 ], [ 128.182512946000088, -3.637289845999928, 0.0 ], [ 128.182725869000024, -3.636889169999967, 0.0 ], [ 128.182831317000023, -3.636690737999971, 0.0 ], [ 128.182892898000091, -3.636574854999941, 0.0 ], [ 128.183372056000053, -3.635673175999961, 0.0 ], [ 128.183438308000063, -3.635548500999957, 0.0 ], [ 128.183984854000073, -3.634164479999927, 0.0 ], [ 128.184167671000068, -3.633701529999938, 0.0 ], [ 128.184808463000081, -3.632078836999943, 0.0 ], [ 128.184868620000088, -3.631926500999954, 0.0 ], [ 128.184958546000075, -3.631698779999967, 0.0 ], [ 128.184999920000109, -3.631594005999943, 0.0 ], [ 128.18513163700004, -3.631364117999964, 0.0 ], [ 128.185309817000103, -3.631053137999973, 0.0 ], [ 128.185363799000015, -3.630958921999937, 0.0 ], [ 128.18541760100004, -3.630865020999978, 0.0 ], [ 128.18546871, -3.630775817999953, 0.0 ], [ 128.185859895000021, -3.63009307499994, 0.0 ], [ 128.18621143200005, -3.629479528999987, 0.0 ], [ 128.186391770000114, -3.629164779999938, 0.0 ], [ 128.186395722000043, -3.629157882999949, 0.0 ], [ 128.186411629000077, -3.629130118999973, 0.0 ], [ 128.186713678000046, -3.629238547999933, 0.0 ], [ 128.186844264000115, -3.629285425999968, 0.0 ], [ 128.187273770000047, -3.630140861999962, 0.0 ], [ 128.187300068000013, -3.630190509999978, 0.0 ], [ 128.187316478000071, -3.630250072999957, 0.0 ], [ 128.187316413000076, -3.630322854999982, 0.0 ], [ 128.18730645200003, -3.63041547699993, 0.0 ], [ 128.187289917000044, -3.630494859999936, 0.0 ], [ 128.187293118000071, -3.630597418999975, 0.0 ], [ 128.187312833000107, -3.630643751999976, 0.0 ], [ 128.1873589060001, -3.630673567999969, 0.0 ], [ 128.187418162000085, -3.630690162999945, 0.0 ], [ 128.18782976600005, -3.630687225999958, 0.0 ], [ 128.188010840000061, -3.630720471999951, 0.0 ], [ 128.188109568000073, -3.630783417999959, 0.0 ], [ 128.188214796000011, -3.630942308999975, 0.0 ], [ 128.188224535000018, -3.631097805999958, 0.0 ], [ 128.188247493000091, -3.631200381999969, 0.0 ], [ 128.188237470000104, -3.631362476999922, 0.0 ], [ 128.18817148100004, -3.631511288999946, 0.0 ], [ 128.188066002000028, -3.631633599999933, 0.0 ], [ 128.187911110000073, -3.631779023999973, 0.0 ], [ 128.187723298000037, -3.631914491999966, 0.0 ], [ 128.187518949000037, -3.63213265299993, 0.0 ], [ 128.18744970900002, -3.632235146999954, 0.0 ], [ 128.187413408000111, -3.632324435999982, 0.0 ], [ 128.18741662900004, -3.632403836999971, 0.0 ], [ 128.187459321000119, -3.632532896999979, 0.0 ], [ 128.187511938000057, -3.632609034999967, 0.0 ], [ 128.187623792000068, -3.632721616999958, 0.0 ], [ 128.18767639500004, -3.632814294999945, 0.0 ], [ 128.187748747000114, -3.632913607999961, 0.0 ], [ 128.187798015000112, -3.633052599999929, 0.0 ], [ 128.187791312000058, -3.633184923999972, 0.0 ], [ 128.187778025000057, -3.633313933999943, 0.0 ], [ 128.187761422000108, -3.633469405999961, 0.0 ], [ 128.187771200000043, -3.633581895999952, 0.0 ], [ 128.187807326000097, -3.633687792999979, 0.0 ], [ 128.18785996400004, -3.633740772999937, 0.0 ], [ 128.187935669000012, -3.633773922999984, 0.0 ], [ 128.188044323000099, -3.633783946999922, 0.0 ], [ 128.188245199000107, -3.633767585999977, 0.0 ], [ 128.188455960000056, -3.633744618999974, 0.0 ], [ 128.18854817700003, -3.633724851999936, 0.0 ], [ 128.18864699400001, -3.633688550999979, 0.0 ], [ 128.188749124000083, -3.633629093999953, 0.0 ], [ 128.188824862000047, -3.633625853999944, 0.0 ], [ 128.188933486000138, -3.633668958999977, 0.0 ], [ 128.189032200000042, -3.633748445999962, 0.0 ], [ 128.189097953000129, -3.633864294999971, 0.0 ], [ 128.18916906700008, -3.634025951999944, 0.0 ], [ 128.189202010000031, -3.634271432999976, 0.0 ], [ 128.189219309, -3.634400341999936, 0.0 ], [ 128.189317992000042, -3.63451291099995, 0.0 ], [ 128.189396920000036, -3.634625462999959, 0.0 ], [ 128.189495597000018, -3.634744648999964, 0.0 ], [ 128.189620595000065, -3.634890324999955, 0.0 ], [ 128.189711590000115, -3.634990028999936, 0.0 ], [ 128.189748826000027, -3.63510216899993, 0.0 ], [ 128.189834265000059, -3.635297432999948, 0.0 ], [ 128.189886809000086, -3.635456275999962, 0.0 ], [ 128.189962452000032, -3.635558899999977, 0.0 ], [ 128.190100668000014, -3.635651655999933, 0.0 ], [ 128.1902224050001, -3.635760937999973, 0.0 ], [ 128.190367233000075, -3.635823925999947, 0.0 ] ] ] ] } },
{ "type": "Feature", "properties": { "OBJECTID": 29386, "NAMOBJ": "Tawiri", "FCODE": "BA03070040", "REMARK": "", "METADATA": "TASWIL1000020230928_DATA_BATAS_DESAKELURAHAN", "SRS_ID": "SRGI 2013", "KDBBPS": null, "KDCBPS": null, "KDCPUM": "81.71.04", "KDEBPS": null, "KDEPUM": "81.71.04.2005", "KDPBPS": null, "KDPKAB": "81.71", "KDPPUM": "81", "LUASWH": 1299.7222486004166, "TIPADM": 1, "WADMKC": "Teluk Ambon", "WADMKD": "Tawiri", "WADMKK": "Kota Ambon", "WADMPR": "Maluku", "WIADKC": null, "WIADKK": null, "WIADPR": null, "WIADKD": null, "UUPP": "Hasil Delineasi Batas Desa 2018", "Shape_Length": 0.18612045100604238, "Shape_Area": 0.0010580257411404207 }, "geometry": { "type": "MultiPolygon", "coordinates": [ [ [ [ 128.120648180000103, -3.68651666799997, 0.0 ], [ 128.120345974000088, -3.686481493999956, 0.0 ], [ 128.1203119380001, -3.686472811999977, 0.0 ], [ 128.120238080000036, -3.686457411999917, 0.0 ], [ 128.120214789000102, -3.686454529999938, 0.0 ], [ 128.120193922000112, -3.686453664999933, 0.0 ], [ 128.120130965000044, -3.686457758999947, 0.0 ], [ 128.120098637000069, -3.686461719999946, 0.0 ], [ 128.120058805000099, -3.686469849999985, 0.0 ], [ 128.120001691000084, -3.68648549299997, 0.0 ], [ 128.119889736000118, -3.686497309999939, 0.0 ], [ 128.119807644000048, -3.686479463999949, 0.0 ], [ 128.119657738000114, -3.686404510999975, 0.0 ], [ 128.11963060800008, -3.686397221999931, 0.0 ], [ 128.119418603000099, -3.686340264999953, 0.0 ], [ 128.119322275000059, -3.68632275099997, 0.0 ], [ 128.119300819000046, -3.686318849999967, 0.0 ], [ 128.119270743000016, -3.686310143999951, 0.0 ], [ 128.119214224000075, -3.686612206999941, 0.0 ], [ 128.119123006000109, -3.686683878999926, 0.0 ], [ 128.119075225000074, -3.686959704999942, 0.0 ], [ 128.119007897000074, -3.68741145099994, 0.0 ], [ 128.118960117000029, -3.687778494999979, 0.0 ], [ 128.118953601000044, -3.688195490999929, 0.0 ], [ 128.118842836000113, -3.688182459999956, 0.0 ], [ 128.118842836000113, -3.688097757999968, 0.0 ], [ 128.118860211000083, -3.687778494999976, 0.0 ], [ 128.118912336000108, -3.687507012999958, 0.0 ], [ 128.118990523000093, -3.687100874999937, 0.0 ], [ 128.119139816000029, -3.686229029999932, 0.0 ], [ 128.11910712800011, -3.686205333999968, 0.0 ], [ 128.119066870000097, -3.686183644999964, 0.0 ], [ 128.119006719000026, -3.686158691999937, 0.0 ], [ 128.118921453000098, -3.686128042999946, 0.0 ], [ 128.118825320000042, -3.686096791999938, 0.0 ], [ 128.118743129000109, -3.686072540999936, 0.0 ], [ 128.118737640000063, -3.686070921999941, 0.0 ], [ 128.118728290000035, -3.686068162999951, 0.0 ], [ 128.118641744000115, -3.686045303999938, 0.0 ], [ 128.118563795000114, -3.686027489999959, 0.0 ], [ 128.1184964360001, -3.686015171999943, 0.0 ], [ 128.118440596000028, -3.686008516999942, 0.0 ], [ 128.118394204000083, -3.68600657699995, 0.0 ], [ 128.118332538000118, -3.686006648999978, 0.0 ], [ 128.118164406000119, -3.686012820999969, 0.0 ], [ 128.117936905000079, -3.686027124999954, 0.0 ], [ 128.117675514000098, -3.686047960999935, 0.0 ], [ 128.11763828100004, -3.686052100999975, 0.0 ], [ 128.117573122000067, -3.686062960999943, 0.0 ], [ 128.117473571000119, -3.686083509999945, 0.0 ], [ 128.117361926000058, -3.686109167999967, 0.0 ], [ 128.117278983000119, -3.686130622999945, 0.0 ], [ 128.117247206000116, -3.686141369999973, 0.0 ], [ 128.117215548000104, -3.686155641999959, 0.0 ], [ 128.117197316000102, -3.686165653999975, 0.0 ], [ 128.117141416000095, -3.686212855999945, 0.0 ], [ 128.117034139000111, -3.686318769999952, 0.0 ], [ 128.116984646000105, -3.686356840999959, 0.0 ], [ 128.116975128000036, -3.686373972999946, 0.0 ], [ 128.116971321000051, -3.686396815999963, 0.0 ], [ 128.116975128000036, -3.686412044999936, 0.0 ], [ 128.116977032000023, -3.686421562999945, 0.0 ], [ 128.116984924, -3.686431207999924, 0.0 ], [ 128.116994164000062, -3.68644250199998, 0.0 ], [ 128.117005585000015, -3.686465344999935, 0.0 ], [ 128.11701891000007, -3.686495801999969, 0.0 ], [ 128.117020814000057, -3.686509126999959, 0.0 ], [ 128.117020814000057, -3.68652435499996, 0.0 ], [ 128.117020814000057, -3.686533872999976, 0.0 ], [ 128.117017007000072, -3.686541487999936, 0.0 ], [ 128.117011296000101, -3.686552908999942, 0.0 ], [ 128.117005585000015, -3.686556715999931, 0.0 ], [ 128.116994164000062, -3.686566233999939, 0.0 ], [ 128.116973225000038, -3.686579558999935, 0.0 ], [ 128.116944671000056, -3.686598594999961, 0.0 ], [ 128.116861723000056, -3.686649494999921, 0.0 ], [ 128.116860914000085, -3.686649990999975, 0.0 ], [ 128.116689593000046, -3.686764204999978, 0.0 ], [ 128.11646306800003, -3.686912682999949, 0.0 ], [ 128.11634885400008, -3.686996439999969, 0.0 ], [ 128.116256192000037, -3.687073658999969, 0.0 ], [ 128.116246061000112, -3.687082100999926, 0.0 ], [ 128.116237312000067, -3.687086583999922, 0.0 ], [ 128.116151199000115, -3.687130710999958, 0.0 ], [ 128.116136580000102, -3.687138121999959, 0.0 ], [ 128.116095657000074, -3.687158162999937, 0.0 ], [ 128.116002084000115, -3.687203985999925, 0.0 ], [ 128.11584747500001, -3.687279699999976, 0.0 ], [ 128.115808190000052, -3.687303820999942, 0.0 ], [ 128.115742918000024, -3.687351359999986, 0.0 ], [ 128.11563612000009, -3.687433636999964, 0.0 ], [ 128.115483838000046, -3.687553812999968, 0.0 ], [ 128.115467300000091, -3.687570404999971, 0.0 ], [ 128.115438255000072, -3.687604354999968, 0.0 ], [ 128.11542845200006, -3.687613300999941, 0.0 ], [ 128.115411072000029, -3.687627891999971, 0.0 ], [ 128.11520435500006, -3.687823382999967, 0.0 ], [ 128.115141537000113, -3.687906188999929, 0.0 ], [ 128.11507095200011, -3.687978545999954, 0.0 ], [ 128.114835901000106, -3.688210946999964, 0.0 ], [ 128.114774762000025, -3.688273110999946, 0.0 ], [ 128.114747014000045, -3.688303462999951, 0.0 ], [ 128.114649851000081, -3.68843112599996, 0.0 ], [ 128.114603597000041, -3.688491899999978, 0.0 ], [ 128.114559742000097, -3.688546461999978, 0.0 ], [ 128.114532862000033, -3.688576624999945, 0.0 ], [ 128.114482965000093, -3.688613490999953, 0.0 ], [ 128.114369277000037, -3.688689119999929, 0.0 ], [ 128.114299914000071, -3.688733798999977, 0.0 ], [ 128.11419180300004, -3.68880343699993, 0.0 ], [ 128.113970420000101, -3.688943636999969, 0.0 ], [ 128.113969041000018, -3.68894446599995, 0.0 ], [ 128.113878890000024, -3.688989580999924, 0.0 ], [ 128.11381378100009, -3.689019061999944, 0.0 ], [ 128.113726807000035, -3.689064253999955, 0.0 ], [ 128.113564604000089, -3.689154644999972, 0.0 ], [ 128.113436549000085, -3.689229074999962, 0.0 ], [ 128.113375842000096, -3.689268072999941, 0.0 ], [ 128.113094906000015, -3.689476946999946, 0.0 ], [ 128.112925764000011, -3.689607035999921, 0.0 ], [ 128.112856058000034, -3.689663233999966, 0.0 ], [ 128.11280101400007, -3.689709963999981, 0.0 ], [ 128.11276066500011, -3.68974719799996, 0.0 ], [ 128.112735053000051, -3.689774897999946, 0.0 ], [ 128.112709296000048, -3.689813435999952, 0.0 ], [ 128.112682866000114, -3.689865045999961, 0.0 ], [ 128.112656226000013, -3.689928838999941, 0.0 ], [ 128.11263017300007, -3.690002921999963, 0.0 ], [ 128.11260496500006, -3.690087159999955, 0.0 ], [ 128.112583112000038, -3.690173799999961, 0.0 ], [ 128.11256640900001, -3.690255748999953, 0.0 ], [ 128.112561501000073, -3.69029015199993, 0.0 ], [ 128.112536780000056, -3.690346571999954, 0.0 ], [ 128.112498114000118, -3.690364417999951, 0.0 ], [ 128.112402646000078, -3.690455266999954, 0.0 ], [ 128.112313706, -3.690539903999927, 0.0 ], [ 128.112498114000118, -3.690923591999931, 0.0 ], [ 128.112400444000059, -3.690985373999977, 0.0 ], [ 128.112334596000096, -3.691012389999972, 0.0 ], [ 128.112278836000087, -3.691033675999963, 0.0 ], [ 128.11210298200001, -3.691100807999938, 0.0 ], [ 128.112100688000055, -3.691103588999966, 0.0 ], [ 128.112049023000054, -3.691120814999973, 0.0 ], [ 128.111781938000036, -3.691199744999946, 0.0 ], [ 128.111719121000078, -3.691220270999962, 0.0 ], [ 128.111676193000108, -3.691236362999972, 0.0 ], [ 128.111639208000042, -3.691252949999981, 0.0 ], [ 128.111609379000015, -3.691268770999949, 0.0 ], [ 128.111583931000041, -3.691285304999952, 0.0 ], [ 128.111561461000065, -3.691303481999963, 0.0 ], [ 128.111540644000115, -3.691324430999932, 0.0 ], [ 128.11142123400009, -3.691419819999962, 0.0 ], [ 128.11134628100001, -3.691487633999947, 0.0 ], [ 128.111346183000023, -3.691487900999964, 0.0 ], [ 128.111321297000018, -3.691555448999963, 0.0 ], [ 128.111320107000097, -3.69159887399996, 0.0 ], [ 128.111314158000027, -3.691613745999965, 0.0 ], [ 128.111308210000061, -3.691640514999956, 0.0 ], [ 128.111296312000036, -3.691658360999954, 0.0 ], [ 128.111275492000118, -3.69167620699994, 0.0 ], [ 128.111217342000032, -3.691697453999943, 0.0 ], [ 128.111194720000071, -3.691699752999973, 0.0 ], [ 128.111155257000064, -3.691701113999956, 0.0 ], [ 128.111125377, -3.691699938999933, 0.0 ], [ 128.111062871000058, -3.691694534999954, 0.0 ], [ 128.111026382000091, -3.691693877999968, 0.0 ], [ 128.110986887000081, -3.691695950999929, 0.0 ], [ 128.11094141500007, -3.691700833999964, 0.0 ], [ 128.110569596000119, -3.691739930999979, 0.0 ], [ 128.110507194000093, -3.691749476999979, 0.0 ], [ 128.110489811000093, -3.69175389899994, 0.0 ], [ 128.110481227000037, -3.691758178999976, 0.0 ], [ 128.110462859000108, -3.691766867999952, 0.0 ], [ 128.110426821000033, -3.691778550999973, 0.0 ], [ 128.110420508000061, -3.691780596999933, 0.0 ], [ 128.110276873000089, -3.691819175999969, 0.0 ], [ 128.110114456000019, -3.691856788999933, 0.0 ], [ 128.110064941000019, -3.691855260999951, 0.0 ], [ 128.110032819000025, -3.691862398999936, 0.0 ], [ 128.110022111000035, -3.691869537999935, 0.0 ], [ 128.110021367000058, -3.69187028199996, 0.0 ], [ 128.110004265000043, -3.691887383999933, 0.0 ], [ 128.109997127000042, -3.69190522999998, 0.0 ], [ 128.110014973000034, -3.691987320999941, 0.0 ], [ 128.110050665000045, -3.692058704999965, 0.0 ], [ 128.110068511, -3.69209439699994, 0.0 ], [ 128.110122143000012, -3.692171301999966, 0.0 ], [ 128.110150696000119, -3.692232215999983, 0.0 ], [ 128.110198285000024, -3.692277901999943, 0.0 ], [ 128.110234453000089, -3.692323586999969, 0.0 ], [ 128.110251585000043, -3.692363561999973, 0.0 ], [ 128.110240164000061, -3.692424475999935, 0.0 ], [ 128.110205900000096, -3.692464450999983, 0.0 ], [ 128.110006025000075, -3.692597700999955, 0.0 ], [ 128.109893714, -3.69266813299993, 0.0 ], [ 128.109836607000034, -3.692710011999972, 0.0 ], [ 128.109752850000064, -3.692742371999939, 0.0 ], [ 128.109710097000061, -3.692748268999938, 0.0 ], [ 128.109690305000072, -3.692740074999952, 0.0 ], [ 128.109669393000104, -3.692723643999962, 0.0 ], [ 128.109645598000043, -3.692690330999935, 0.0 ], [ 128.109583732000033, -3.692590393999985, 0.0 ], [ 128.109545661000084, -3.692547563999934, 0.0 ], [ 128.10949569200011, -3.692535665999974, 0.0 ], [ 128.109448103000091, -3.692545183999924, 0.0 ], [ 128.109386237000081, -3.692568978999933, 0.0 ], [ 128.109319612000036, -3.692604670999963, 0.0 ], [ 128.109274402000096, -3.692616567999943, 0.0 ], [ 128.109241090000069, -3.692614188999923, 0.0 ], [ 128.109190307000063, -3.692600837999976, 0.0 ], [ 128.109147515000018, -3.692580568999973, 0.0 ], [ 128.109103733000097, -3.692552015999986, 0.0 ], [ 128.109019976000013, -3.692512040999926, 0.0 ], [ 128.108924798000089, -3.692491100999969, 0.0 ], [ 128.108861980000029, -3.692494908999949, 0.0 ], [ 128.108795355000098, -3.692506329999965, 0.0 ], [ 128.108717309000099, -3.692544400999958, 0.0 ], [ 128.108666903000085, -3.692559877999936, 0.0 ], [ 128.108616934000111, -3.692574154999928, 0.0 ], [ 128.108574104000013, -3.692588431999984, 0.0 ], [ 128.108520566000038, -3.692606277999972, 0.0 ], [ 128.108484874000055, -3.692620554999963, 0.0 ], [ 128.108467028000064, -3.692649107999955, 0.0 ], [ 128.108463459000063, -3.692691938999923, 0.0 ], [ 128.108495582000046, -3.692741906999969, 0.0 ], [ 128.108520566000038, -3.692781167999947, 0.0 ], [ 128.10854198100003, -3.692823998999929, 0.0 ], [ 128.108549119000031, -3.692848982999971, 0.0 ], [ 128.108552689000021, -3.692884674999954, 0.0 ], [ 128.108549119000031, -3.692909658999943, 0.0 ], [ 128.108530125000016, -3.692967810999963, 0.0 ], [ 128.108457789000113, -3.693028724999975, 0.0 ], [ 128.108403299000088, -3.693065051999959, 0.0 ], [ 128.108320732000038, -3.693120095999979, 0.0 ], [ 128.108225554000114, -3.693160070999966, 0.0 ], [ 128.108183675000078, -3.693167684999928, 0.0 ], [ 128.108151314000111, -3.693165781999931, 0.0 ], [ 128.10811895400002, -3.693142938999929, 0.0 ], [ 128.108082786000068, -3.693111767999933, 0.0 ], [ 128.108044715000119, -3.693065367999957, 0.0 ], [ 128.108030438000014, -3.693042763999929, 0.0 ], [ 128.108007833000102, -3.693021347999951, 0.0 ], [ 128.10798998700011, -3.693020158999961, 0.0 ], [ 128.107963813000083, -3.693023727999959, 0.0 ], [ 128.107922172000031, -3.693052280999943, 0.0 ], [ 128.107880532000081, -3.693098680999986, 0.0 ], [ 128.10786982400009, -3.693118905999938, 0.0 ], [ 128.107865949000029, -3.693149909999929, 0.0 ], [ 128.10786387600001, -3.69316649599995, 0.0 ], [ 128.107862627000031, -3.693195673999984, 0.0 ], [ 128.107851553000046, -3.693268047999945, 0.0 ], [ 128.107841735000079, -3.693320413999972, 0.0 ], [ 128.10783183, -3.693350833999948, 0.0 ], [ 128.107824765000032, -3.693362735999927, 0.0 ], [ 128.107806005000072, -3.693394337999956, 0.0 ], [ 128.107788197000104, -3.693415592999936, 0.0 ], [ 128.107747746000086, -3.693450094999939, 0.0 ], [ 128.107645429000058, -3.693523857999932, 0.0 ], [ 128.107564527000022, -3.69358334499998, 0.0 ], [ 128.107494333000091, -3.693620225999955, 0.0 ], [ 128.107465780000098, -3.693623795999939, 0.0 ], [ 128.107452693000027, -3.693622605999959, 0.0 ], [ 128.107438416000036, -3.693621415999929, 0.0 ], [ 128.107416267000076, -3.693605029999954, 0.0 ], [ 128.107148847000076, -3.693294391999923, 0.0 ], [ 128.10701288000007, -3.693401612999935, 0.0 ], [ 128.107261872000095, -3.693773257999964, 0.0 ], [ 128.107271572000059, -3.693788291999963, 0.0 ], [ 128.10738084500008, -3.693957665999963, 0.0 ], [ 128.10715738500005, -3.694376004999989, 0.0 ], [ 128.107125053000118, -3.69443653299993, 0.0 ], [ 128.107014077000031, -3.694637933999958, 0.0 ], [ 128.106884132000118, -3.69487375899996, 0.0 ], [ 128.106363625000085, -3.694701247999943, 0.0 ], [ 128.106220858000029, -3.694510890999943, 0.0 ], [ 128.106042320000029, -3.694272066999924, 0.0 ], [ 128.105991835000054, -3.694204534999929, 0.0 ], [ 128.105926399000083, -3.694124228999954, 0.0 ], [ 128.105887733000031, -3.694103407999926, 0.0 ], [ 128.105855016000078, -3.694106382999958, 0.0 ], [ 128.105831221000017, -3.694121253999973, 0.0 ], [ 128.105798503000102, -3.694162894999977, 0.0 ], [ 128.105774709000116, -3.694219406999935, 0.0 ], [ 128.105756863000011, -3.694264021999976, 0.0 ], [ 128.105706299000076, -3.694344328999925, 0.0 ], [ 128.105664659000013, -3.694436532999927, 0.0 ], [ 128.105699756000035, -3.694614397999942, 0.0 ], [ 128.105806831000109, -3.694899932999923, 0.0 ], [ 128.105892492000066, -3.695167621999928, 0.0 ], [ 128.10592500100006, -3.695275982999926, 0.0 ], [ 128.105956738000032, -3.695381773999947, 0.0 ], [ 128.105992429000025, -3.695592355999962, 0.0 ], [ 128.105995999000015, -3.695770815999927, 0.0 ], [ 128.105949599000041, -3.696049212999983, 0.0 ], [ 128.105860540000094, -3.696316381999964, 0.0 ], [ 128.105823079000061, -3.696428759999945, 0.0 ], [ 128.105733171000111, -3.696726406999969, 0.0 ], [ 128.10559894700009, -3.697032848999922, 0.0 ], [ 128.10548854000001, -3.697207977999941, 0.0 ], [ 128.105328640000039, -3.697367876999976, 0.0 ], [ 128.105168740000067, -3.69756584799995, 0.0 ], [ 128.105138797000109, -3.697598223999929, 0.0 ], [ 128.105090263000079, -3.697650700999931, 0.0 ], [ 128.10503281600009, -3.697695637999977, 0.0 ], [ 128.104745388000083, -3.697920475999976, 0.0 ], [ 128.104713937000042, -3.697945077999968, 0.0 ], [ 128.104753375000087, -3.698063528999962, 0.0 ], [ 128.104789029000017, -3.698170616999959, 0.0 ], [ 128.104846952000116, -3.698309834999982, 0.0 ], [ 128.104862991000118, -3.69835724799998, 0.0 ], [ 128.104946631000075, -3.698560843999923, 0.0 ], [ 128.105016580000097, -3.698714559999921, 0.0 ], [ 128.105031347000022, -3.69874701099997, 0.0 ], [ 128.105061091000039, -3.69883921499996, 0.0 ], [ 128.105087860000026, -3.698916547999935, 0.0 ], [ 128.105104238000081, -3.698969770999948, 0.0 ], [ 128.105109041000105, -3.699001948999983, 0.0 ], [ 128.105117603000053, -3.69905931599993, 0.0 ], [ 128.105117603000053, -3.699163416999957, 0.0 ], [ 128.10508419100006, -3.699383440999951, 0.0 ], [ 128.10510002400008, -3.699543327999944, 0.0 ], [ 128.105124771000078, -3.699705130999965, 0.0 ], [ 128.105142201000035, -3.699811055999929, 0.0 ], [ 128.105147614000089, -3.699901198999952, 0.0 ], [ 128.10514571000013, -3.699946884999973, 0.0 ], [ 128.105122867000091, -3.700091555999967, 0.0 ], [ 128.105084796000028, -3.700234323999957, 0.0 ], [ 128.105021978000082, -3.700375187999955, 0.0 ], [ 128.104943168000091, -3.700600482999957, 0.0 ], [ 128.104884060000018, -3.700844608999942, 0.0 ], [ 128.104873173000101, -3.700900403999984, 0.0 ], [ 128.104860066000015, -3.70098618899994, 0.0 ], [ 128.104844837000087, -3.701073752999953, 0.0 ], [ 128.104835539000078, -3.701109913999967, 0.0 ], [ 128.104827705000048, -3.701140377999942, 0.0 ], [ 128.104804862000037, -3.701212712999968, 0.0 ], [ 128.104681130000017, -3.701557258999976, 0.0 ], [ 128.104599277000034, -3.701778548999933, 0.0 ], [ 128.104545322000035, -3.701928724999957, 0.0 ], [ 128.104523758000028, -3.701988743999943, 0.0 ], [ 128.104513616000077, -3.702016970999976, 0.0 ], [ 128.104482207000046, -3.702099775999947, 0.0 ], [ 128.104459365000025, -3.702139750999951, 0.0 ], [ 128.104432239000062, -3.70218543699997, 0.0 ], [ 128.104430811000043, -3.702187258999969, 0.0 ], [ 128.104390836000107, -3.702238260999937, 0.0 ], [ 128.104371143000094, -3.702269481999959, 0.0 ], [ 128.104304257000081, -3.702367885999934, 0.0 ], [ 128.104233098, -3.70246132999994, 0.0 ], [ 128.104145058000086, -3.702604097999942, 0.0 ], [ 128.104030843000032, -3.702787316999937, 0.0 ], [ 128.103940424000029, -3.702922945999939, 0.0 ], [ 128.103771286000097, -3.703112296999961, 0.0 ], [ 128.103596569000047, -3.703367994999944, 0.0 ], [ 128.103557555000066, -3.703434629999952, 0.0 ], [ 128.103205289000016, -3.703890275999927, 0.0 ], [ 128.103139616000021, -3.703966656999963, 0.0 ], [ 128.103127565000023, -3.703982358999944, 0.0 ], [ 128.103079476000062, -3.704057120999942, 0.0 ], [ 128.102816633000089, -3.703936821999952, 0.0 ], [ 128.102539427000011, -3.703815406999981, 0.0 ], [ 128.102349505, -3.703827326999948, 0.0 ], [ 128.102198868000073, -3.703742380999922, 0.0 ], [ 128.101798568000049, -3.703127220999929, 0.0 ], [ 128.101747463000038, -3.702987866999937, 0.0 ], [ 128.101741489000119, -3.702933349999965, 0.0 ], [ 128.101759670000092, -3.702839489999969, 0.0 ], [ 128.101458621, -3.702448528999976, 0.0 ], [ 128.101121411, -3.702045416999972, 0.0 ], [ 128.100976834000107, -3.701930193999948, 0.0 ], [ 128.100886435, -3.701896789999978, 0.0 ], [ 128.100774886000067, -3.701870130999965, 0.0 ], [ 128.100761736000095, -3.701685224999943, 0.0 ], [ 128.100743192000095, -3.701559262999972, 0.0 ], [ 128.100695355000084, -3.701385039999935, 0.0 ], [ 128.100671480000074, -3.701256393999924, 0.0 ], [ 128.100636966000025, -3.701095580999954, 0.0 ], [ 128.100589117000027, -3.700934755999985, 0.0 ], [ 128.100546540000096, -3.700835566999956, 0.0 ], [ 128.100490616000116, -3.700747081999956, 0.0 ], [ 128.100394701000027, -3.700639800999972, 0.0 ], [ 128.098903808000046, -3.701034722999966, 0.0 ], [ 128.098864691000017, -3.700965031999948, 0.0 ], [ 128.098846675000118, -3.700895360999931, 0.0 ], [ 128.098876917000098, -3.700798485999946, 0.0 ], [ 128.098943351000116, -3.700683476999919, 0.0 ], [ 128.099027907000021, -3.700532146999931, 0.0 ], [ 128.09928767800011, -3.700008509999978, 0.0 ], [ 128.099025481000012, -3.699950703999943, 0.0 ], [ 128.098606650000107, -3.699777661999972, 0.0 ], [ 128.09836554900005, -3.699725934999951, 0.0 ], [ 128.098018816000035, -3.699798260999961, 0.0 ], [ 128.097753495, -3.699849471999927, 0.0 ], [ 128.097491219000062, -3.699870401999932, 0.0 ], [ 128.096903428000019, -3.699848603999948, 0.0 ], [ 128.096538696000039, -3.699836117999954, 0.0 ], [ 128.096318655000118, -3.699823778999922, 0.0 ], [ 128.096101660000045, -3.69978116099997, 0.0 ], [ 128.095851539000023, -3.699705195999972, 0.0 ], [ 128.095598479000046, -3.699556549999958, 0.0 ], [ 128.095387673000118, -3.699356463999943, 0.0 ], [ 128.095294398000078, -3.699186781999968, 0.0 ], [ 128.095240255000022, -3.699071649999956, 0.0 ], [ 128.095210221000116, -3.698962599999964, 0.0 ], [ 128.095186253000065, -3.698817214999961, 0.0 ], [ 128.095240795000109, -3.698538664999951, 0.0 ], [ 128.095304328000111, -3.69831160499996, 0.0 ], [ 128.095419064000112, -3.698126993999951, 0.0 ], [ 128.09548251700005, -3.697978670999934, 0.0 ], [ 128.095461556000032, -3.697839345999969, 0.0 ], [ 128.09543760400004, -3.697678819999968, 0.0 ], [ 128.095407567000052, -3.697572797999955, 0.0 ], [ 128.095356436000088, -3.697460697999922, 0.0 ], [ 128.095344541000031, -3.697300183999971, 0.0 ], [ 128.095287485000085, -3.697085113999952, 0.0 ], [ 128.095191177000061, -3.696933599999973, 0.0 ], [ 128.095079785000053, -3.696794181999956, 0.0 ], [ 128.094953300000043, -3.696675947999948, 0.0 ], [ 128.094838878000019, -3.696551669999963, 0.0 ], [ 128.094742525000015, -3.696445579999925, 0.0 ], [ 128.09470641900009, -3.696378918999924, 0.0 ], [ 128.094697450000012, -3.69630622999995, 0.0 ], [ 128.094721633000063, -3.696239630999974, 0.0 ], [ 128.094751369000051, -3.69618597399994, 0.0 ], [ 128.094833322000113, -3.696085300999918, 0.0 ], [ 128.094914770000059, -3.696027845999931, 0.0 ], [ 128.095014285000047, -3.695988578999965, 0.0 ], [ 128.09511679000002, -3.695973541999932, 0.0 ], [ 128.095219286000088, -3.695967590999947, 0.0 ], [ 128.095339869000099, -3.695961656999946, 0.0 ], [ 128.095442343000059, -3.695976903999962, 0.0 ], [ 128.095571913000072, -3.696025489999948, 0.0 ], [ 128.095809935000034, -3.696140809999971, 0.0 ], [ 128.096081063000042, -3.696307644999941, 0.0 ], [ 128.096469597, -3.696629044999954, 0.0 ], [ 128.096568974000093, -3.696726052999958, 0.0 ], [ 128.096668401000102, -3.696774607999935, 0.0 ], [ 128.096734705000017, -3.696786788999927, 0.0 ], [ 128.096810079000079, -3.696774752999941, 0.0 ], [ 128.096918679000055, -3.696693097999967, 0.0 ], [ 128.096973022000043, -3.696611388999933, 0.0 ], [ 128.097009286000116, -3.696520575999961, 0.0 ], [ 128.09702750800011, -3.696387347999974, 0.0 ], [ 128.097015573000022, -3.696266201999943, 0.0 ], [ 128.096982549000018, -3.696132922999935, 0.0 ], [ 128.096925376000058, -3.696032928999949, 0.0 ], [ 128.096735744000057, -3.695760185999977, 0.0 ], [ 128.096615282000016, -3.695648013999977, 0.0 ], [ 128.096530949000112, -3.695578276999929, 0.0 ], [ 128.096425518000046, -3.695505488999977, 0.0 ], [ 128.096365252000055, -3.695484229999975, 0.0 ], [ 128.096286883000062, -3.695478092999954, 0.0 ], [ 128.096223555000051, -3.695502253999962, 0.0 ], [ 128.095961192000118, -3.695611005999975, 0.0 ], [ 128.095795381000016, -3.695629006999975, 0.0 ], [ 128.095647684000028, -3.695619770999936, 0.0 ], [ 128.095545247000047, -3.695568184999952, 0.0 ], [ 128.095515164000062, -3.695507587999947, 0.0 ], [ 128.095485088000032, -3.695440933999972, 0.0 ], [ 128.095548602, -3.695232043999959, 0.0 ], [ 128.095699610000111, -3.694947534999919, 0.0 ], [ 128.095805356000028, -3.694708404999969, 0.0 ], [ 128.095790330000113, -3.694662964999969, 0.0 ], [ 128.095705992000035, -3.694599283999931, 0.0 ], [ 128.095543407000036, -3.694408331999961, 0.0 ], [ 128.095383962000028, -3.69409322299993, 0.0 ], [ 128.095326913, -3.693872096999935, 0.0 ], [ 128.0953453300001, -3.693545056999939, 0.0 ], [ 128.095360559000028, -3.693390626999934, 0.0 ], [ 128.095387863000042, -3.693218040999971, 0.0 ], [ 128.095412131000103, -3.693066647999951, 0.0 ], [ 128.095547154000087, -3.692788359999956, 0.0 ], [ 128.095673292000015, -3.692624960999979, 0.0 ], [ 128.095774633000019, -3.692523357999956, 0.0 ], [ 128.095782532000044, -3.692413835999953, 0.0 ], [ 128.095720303, -3.692343359999936, 0.0 ], [ 128.09560358400006, -3.692249357999965, 0.0 ], [ 128.09520648900002, -3.692178539999935, 0.0 ], [ 128.094957286000067, -3.692178285999942, 0.0 ], [ 128.094708060000016, -3.692201500999941, 0.0 ], [ 128.094606829000099, -3.692193573999938, 0.0 ], [ 128.094513450000022, -3.692123066999959, 0.0 ], [ 128.094435693000037, -3.692005632999956, 0.0 ], [ 128.094334653000061, -3.691809940999973, 0.0 ], [ 128.094327543000077, -3.69170874599996, 0.0 ], [ 128.094334907000075, -3.691559585999918, 0.0 ], [ 128.094397365000077, -3.691403178999959, 0.0 ], [ 128.094490983000014, -3.691238979999976, 0.0 ], [ 128.094498905000052, -3.691105985999968, 0.0 ], [ 128.094592680000119, -3.69078531599996, 0.0 ], [ 128.094491815000083, -3.690417504999972, 0.0 ], [ 128.094344248000084, -3.690026174999955, 0.0 ], [ 128.094165387000089, -3.689775637999952, 0.0 ], [ 128.09397867600012, -3.689587680999975, 0.0 ], [ 128.09379973700004, -3.689415378999967, 0.0 ], [ 128.093690822000099, -3.68930573799997, 0.0 ], [ 128.093535103000022, -3.689274283999971, 0.0 ], [ 128.09337154800005, -3.68928976399996, 0.0 ], [ 128.093184600000086, -3.68933651399993, 0.0 ], [ 128.092880909000087, -3.689312731999961, 0.0 ], [ 128.09270971300009, -3.689307908999976, 0.0 ], [ 128.092592778000039, -3.689304614999965, 0.0 ], [ 128.09247356100002, -3.689246496999937, 0.0 ], [ 128.092357801000048, -3.689190063999944, 0.0 ], [ 128.092289270000038, -3.689100890999959, 0.0 ], [ 128.092289397000059, -3.688975712999935, 0.0 ], [ 128.092235011000071, -3.688850480999974, 0.0 ], [ 128.092126169000039, -3.688670426999973, 0.0 ], [ 128.091978396000059, -3.688482509999964, 0.0 ], [ 128.091853858000036, -3.688419792999976, 0.0 ], [ 128.091713723000112, -3.688380531999947, 0.0 ], [ 128.091557900000112, -3.688450784999933, 0.0 ], [ 128.091433229000017, -3.688521068999929, 0.0 ], [ 128.091324147000023, -3.688575721999942, 0.0 ], [ 128.091230777000078, -3.688497390999939, 0.0 ], [ 128.091191958000081, -3.688379996999966, 0.0 ], [ 128.091176510000082, -3.688254804999928, 0.0 ], [ 128.09117668500005, -3.68808268599997, 0.0 ], [ 128.09123133300011, -3.68794974199994, 0.0 ], [ 128.091285949000053, -3.687848090999977, 0.0 ], [ 128.091324990000089, -3.687746424999948, 0.0 ], [ 128.091325093000023, -3.687644717999944, 0.0 ], [ 128.091239502, -3.687574218999949, 0.0 ], [ 128.091099389000078, -3.687511486999935, 0.0 ], [ 128.09096700900011, -3.687503526999928, 0.0 ], [ 128.090819062000037, -3.687487727999957, 0.0 ], [ 128.090523104000113, -3.687518718999963, 0.0 ], [ 128.090281667000113, -3.687541941999945, 0.0 ], [ 128.090086683000095, -3.687532836999932, 0.0 ], [ 128.089962427000046, -3.687494672999946, 0.0 ], [ 128.089853513000094, -3.687385030999959, 0.0 ], [ 128.089861412000118, -3.687275509999943, 0.0 ], [ 128.089853823000141, -3.687079911999944, 0.0 ], [ 128.089807345000054, -3.686837333999958, 0.0 ], [ 128.089792088000081, -3.686524375999968, 0.0 ], [ 128.089799987000106, -3.68641485399996, 0.0 ], [ 128.089745760000028, -3.68613314999994, 0.0 ], [ 128.089722628000118, -3.685906241999934, 0.0 ], [ 128.089746102000049, -3.685796735999937, 0.0 ], [ 128.089824049000072, -3.685726404999975, 0.0 ], [ 128.0899098000001, -3.685640433999934, 0.0 ], [ 128.0899722260001, -3.685515319999971, 0.0 ], [ 128.089995716000089, -3.685390167999969, 0.0 ], [ 128.089941299000088, -3.685296228999963, 0.0 ], [ 128.089863520000108, -3.685202265999979, 0.0 ], [ 128.089762346000043, -3.685139573999945, 0.0 ], [ 128.089637817000039, -3.685069033999974, 0.0 ], [ 128.089536555000109, -3.68509240099997, 0.0 ], [ 128.089411860000041, -3.685186155999934, 0.0 ], [ 128.089341685000022, -3.685272142999956, 0.0 ], [ 128.089271471000075, -3.685397246999968, 0.0 ], [ 128.089193492000049, -3.685498873999965, 0.0 ], [ 128.089061073000039, -3.685530032999957, 0.0 ], [ 128.088928733000103, -3.685482954999942, 0.0 ], [ 128.088819732000047, -3.685459371999971, 0.0 ], [ 128.088741920000075, -3.685396703999975, 0.0 ], [ 128.0887108820001, -3.685287141999928, 0.0 ], [ 128.088718836000112, -3.685122854999973, 0.0 ], [ 128.08876568900007, -3.684997726999931, 0.0 ], [ 128.0888670060001, -3.684919594999942, 0.0 ], [ 128.088983905000077, -3.684833655999967, 0.0 ], [ 128.089077491000012, -3.684700751999963, 0.0 ], [ 128.089070251000066, -3.684591166999955, 0.0 ], [ 128.089087643000084, -3.684491260999945, 0.0 ], [ 128.089132250000034, -3.684458275999932, 0.0 ], [ 128.08924132300001, -3.684411446999949, 0.0 ], [ 128.089342592000094, -3.684380256999936, 0.0 ], [ 128.089412727000081, -3.684333387999973, 0.0 ], [ 128.089475107000112, -3.68425521599994, 0.0 ], [ 128.089529754000068, -3.68412227099998, 0.0 ], [ 128.089560992000088, -3.684036243999966, 0.0 ], [ 128.089491183000064, -3.683762347999953, 0.0 ], [ 128.089421310000034, -3.683551039999934, 0.0 ], [ 128.089359161000061, -3.683402327999942, 0.0 ], [ 128.089219154000034, -3.683237888999941, 0.0 ], [ 128.089197026000079, -3.683161578999947, 0.0 ], [ 128.08922718000008, -3.683003190999963, 0.0 ], [ 128.08928190600011, -3.682792009999956, 0.0 ], [ 128.08930546800002, -3.682596444999946, 0.0 ], [ 128.089336816000014, -3.682400887999955, 0.0 ], [ 128.089383724000072, -3.682220994999958, 0.0 ], [ 128.089352781000116, -3.682017549999948, 0.0 ], [ 128.089282876000084, -3.681837535999935, 0.0 ], [ 128.089150601000028, -3.681727870999962, 0.0 ], [ 128.089010522000081, -3.681633844999964, 0.0 ], [ 128.088800331000044, -3.681563215999971, 0.0 ], [ 128.088730308000095, -3.681500555999946, 0.0 ], [ 128.088699325000107, -3.681336229999938, 0.0 ], [ 128.088660523000044, -3.681203188999975, 0.0 ], [ 128.088652886000091, -3.681054532999952, 0.0 ], [ 128.088528415000042, -3.680929228999962, 0.0 ], [ 128.088341667, -3.680780388999955, 0.0 ], [ 128.087993494000102, -3.680556833999953, 0.0 ], [ 128.08780467400004, -3.680443424999961, 0.0 ], [ 128.08757111400007, -3.680380595999968, 0.0 ], [ 128.087360853000064, -3.68038037999997, 0.0 ], [ 128.087002558000108, -3.680450423999956, 0.0 ], [ 128.086698815000091, -3.680481405999958, 0.0 ], [ 128.086371758000041, -3.680465422999934, 0.0 ], [ 128.08607895800003, -3.680430767999952, 0.0 ], [ 128.085787866000032, -3.680300526999924, 0.0 ], [ 128.085474229000056, -3.679938784999941, 0.0 ], [ 128.085422399000095, -3.679768148999923, 0.0 ], [ 128.085336961000053, -3.679549001999933, 0.0 ], [ 128.085321657, -3.679282984999922, 0.0 ], [ 128.085368764, -3.678907502999955, 0.0 ], [ 128.085337966000111, -3.678563233999964, 0.0 ], [ 128.085315034000018, -3.678140737999962, 0.0 ], [ 128.085268652000082, -3.677804277999942, 0.0 ], [ 128.085175602000049, -3.677413003999958, 0.0 ], [ 128.085121313000059, -3.677193887999968, 0.0 ], [ 128.084950142000054, -3.677045063999962, 0.0 ], [ 128.084794457000044, -3.676982314999975, 0.0 ], [ 128.084529581000083, -3.677083748999962, 0.0 ], [ 128.084225616000026, -3.677333789999978, 0.0 ], [ 128.08374268700004, -3.677562014999976, 0.0 ], [ 128.083540075000087, -3.677575613999975, 0.0 ], [ 128.08308648600007, -3.67744930599997, 0.0 ], [ 128.08282920900001, -3.677308125999956, 0.0 ], [ 128.082654494000053, -3.677107587999949, 0.0 ], [ 128.082627570000113, -3.676923341999948, 0.0 ], [ 128.082680998000114, -3.676667013999968, 0.0 ], [ 128.082778139000084, -3.676370000999956, 0.0 ], [ 128.082786135000106, -3.676166596999963, 0.0 ], [ 128.082731727, -3.676064833999928, 0.0 ], [ 128.082607296000106, -3.67590041099993, 0.0 ], [ 128.082412746000074, -3.675767209999948, 0.0 ], [ 128.082132392000062, -3.675774744999956, 0.0 ], [ 128.081922028, -3.675876233999926, 0.0 ], [ 128.081633742, -3.676024583999946, 0.0 ], [ 128.081438985000091, -3.676094793999936, 0.0 ], [ 128.081267661000084, -3.676094616999939, 0.0 ], [ 128.081080772000064, -3.676086600999954, 0.0 ], [ 128.080738238000094, -3.675976717999955, 0.0 ], [ 128.080494221000095, -3.675709241999927, 0.0 ], [ 128.08026381600007, -3.675381636999925, 0.0 ], [ 128.080202062000012, -3.674849571999976, 0.0 ], [ 128.080249355000092, -3.674294148999936, 0.0 ], [ 128.080234301000019, -3.673785602999945, 0.0 ], [ 128.080211476000045, -3.673261401999973, 0.0 ], [ 128.08003283000005, -3.672807450999923, 0.0 ], [ 128.079725427000085, -3.672543921999927, 0.0 ], [ 128.078926049000074, -3.672065925999964, 0.0 ], [ 128.078818922000096, -3.671906487999935, 0.0 ], [ 128.078811279000092, -3.671765655999939, 0.0 ], [ 128.078842662000056, -3.671538804999959, 0.0 ], [ 128.078897398000095, -3.671319802999955, 0.0 ], [ 128.078998970000043, -3.670991317999955, 0.0 ], [ 128.079139407000071, -3.670733286999955, 0.0 ], [ 128.079817659000014, -3.669998573999981, 0.0 ], [ 128.079973567000025, -3.669842264999946, 0.0 ], [ 128.079997104000086, -3.669670169999962, 0.0 ], [ 128.0799660670001, -3.669560607999926, 0.0 ], [ 128.079857148000087, -3.66945878999997, 0.0 ], [ 128.079646962000083, -3.669388160999977, 0.0 ], [ 128.079389964000029, -3.669403542999934, 0.0 ], [ 128.079156295000075, -3.669450242999968, 0.0 ], [ 128.078922619000082, -3.66950476499994, 0.0 ], [ 128.078073461000031, -3.66983247699995, 0.0 ], [ 128.077645077000057, -3.669910267999965, 0.0 ], [ 128.077068911000083, -3.669815788999933, 0.0 ], [ 128.076640232000045, -3.669686452999938, 0.0 ], [ 128.076088236000032, -3.669298419999953, 0.0 ], [ 128.075899632000073, -3.668940308999937, 0.0 ], [ 128.075898148000078, -3.668937490999955, 0.0 ], [ 128.076076473000057, -3.668810588999967, 0.0 ], [ 128.076679320000039, -3.66838158299993, 0.0 ], [ 128.077227334000099, -3.667991596999967, 0.0 ], [ 128.077633080000055, -3.667702852999984, 0.0 ], [ 128.077935081000078, -3.667487937999971, 0.0 ], [ 128.078299496000113, -3.667228605999987, 0.0 ], [ 128.078542284000036, -3.667055829999985, 0.0 ], [ 128.07876469200005, -3.666897554999941, 0.0 ], [ 128.078992557000106, -3.666735396999966, 0.0 ], [ 128.079378643000041, -3.666460641999944, 0.0 ], [ 128.080050581000023, -3.665982462999975, 0.0 ], [ 128.08069910200004, -3.665520946999955, 0.0 ], [ 128.081415645000106, -3.665011021999927, 0.0 ], [ 128.081638664000025, -3.664855834999966, 0.0 ], [ 128.08229373000006, -3.664400006999931, 0.0 ], [ 128.082435629000088, -3.664301266999934, 0.0 ], [ 128.083446854000044, -3.663597602999976, 0.0 ], [ 128.083850430000098, -3.663316772999963, 0.0 ], [ 128.085087646000034, -3.662455848999973, 0.0 ], [ 128.085578482000074, -3.662114296999964, 0.0 ], [ 128.08603340500008, -3.661797734999937, 0.0 ], [ 128.086132769000073, -3.661728590999928, 0.0 ], [ 128.086305646000028, -3.661608292999972, 0.0 ], [ 128.086412063000012, -3.661534241999954, 0.0 ], [ 128.08708080800011, -3.661068886999949, 0.0 ], [ 128.087367626000059, -3.660869300999927, 0.0 ], [ 128.087966743000038, -3.660452397999964, 0.0 ], [ 128.089069495000103, -3.659685029999933, 0.0 ], [ 128.089842661000034, -3.659147007999927, 0.0 ], [ 128.090339768000035, -3.658801085999922, 0.0 ], [ 128.090843814000095, -3.658450334999942, 0.0 ], [ 128.091309655000032, -3.658126168999962, 0.0 ], [ 128.091774849000103, -3.657802452999932, 0.0 ], [ 128.092027537000035, -3.657626613999987, 0.0 ], [ 128.092165616000102, -3.657530527999943, 0.0 ], [ 128.092566834000081, -3.657251329999955, 0.0 ], [ 128.092734610000093, -3.657134578999941, 0.0 ], [ 128.093301755000084, -3.65673991499995, 0.0 ], [ 128.093924702000095, -3.656306419999956, 0.0 ], [ 128.094327238000119, -3.656026302999981, 0.0 ], [ 128.094840472000101, -3.655669152999963, 0.0 ], [ 128.095086994000098, -3.655497602999961, 0.0 ], [ 128.095305665000069, -3.655345432999981, 0.0 ], [ 128.095637594000095, -3.655114448999945, 0.0 ], [ 128.095893950000118, -3.654936054999951, 0.0 ], [ 128.096009480000021, -3.654855659999951, 0.0 ], [ 128.096197005000022, -3.654725163999959, 0.0 ], [ 128.096589623000114, -3.654451946999934, 0.0 ], [ 128.096975059000101, -3.654183726999975, 0.0 ], [ 128.097362991000068, -3.653913769999971, 0.0 ], [ 128.097743820000119, -3.65364875499995, 0.0 ], [ 128.097940232000042, -3.653512073999928, 0.0 ], [ 128.098154568000041, -3.653362919999942, 0.0 ], [ 128.098469664000049, -3.653143647999966, 0.0 ], [ 128.098789490000058, -3.652921082999971, 0.0 ], [ 128.09882217400002, -3.652898338999933, 0.0 ], [ 128.098866384000075, -3.652867573999971, 0.0 ], [ 128.099104569000019, -3.652701822999981, 0.0 ], [ 128.099189415000069, -3.652642778999968, 0.0 ], [ 128.09926164400008, -3.652668776999969, 0.0 ], [ 128.099577563000025, -3.65278248999993, 0.0 ], [ 128.10011698400001, -3.653132897999959, 0.0 ], [ 128.100586722000116, -3.653518217999923, 0.0 ], [ 128.10062430500011, -3.653600816999919, 0.0 ], [ 128.100968948000059, -3.654358274999933, 0.0 ], [ 128.101281910000012, -3.654813412999943, 0.0 ], [ 128.101560118000066, -3.655198541999936, 0.0 ], [ 128.102116917000103, -3.655583949999939, 0.0 ], [ 128.103335267000034, -3.656074980999954, 0.0 ], [ 128.103752529000076, -3.656705154999946, 0.0 ], [ 128.103825572000119, -3.656832931999926, 0.0 ], [ 128.103839444000073, -3.657081168999978, 0.0 ], [ 128.103796751000118, -3.657421546999954, 0.0 ], [ 128.103867054000034, -3.657712392999946, 0.0 ], [ 128.10408200300003, -3.658069952999939, 0.0 ], [ 128.104191086000014, -3.658407743999937, 0.0 ], [ 128.104247067000074, -3.658904246999958, 0.0 ], [ 128.104140749000067, -3.659336757999935, 0.0 ], [ 128.104069819000074, -3.659677107999923, 0.0 ], [ 128.104034170000091, -3.660031676999951, 0.0 ], [ 128.104033846000107, -3.66035791299993, 0.0 ], [ 128.104174707000084, -3.660684290999933, 0.0 ], [ 128.104407294000112, -3.66105331299997, 0.0 ], [ 128.104696503000014, -3.661273457999928, 0.0 ], [ 128.10489408400008, -3.661351668999945, 0.0 ], [ 128.105091615000106, -3.661479524999946, 0.0 ], [ 128.10523257400007, -3.661706612999973, 0.0 ], [ 128.105338209000024, -3.661962034999936, 0.0 ], [ 128.10528853400001, -3.662224392999969, 0.0 ], [ 128.10533754700009, -3.662628690999948, 0.0 ], [ 128.105386616000033, -3.662976253999938, 0.0 ], [ 128.105520221, -3.66350120299996, 0.0 ], [ 128.105801893000034, -3.664203602999973, 0.0 ], [ 128.105914601000109, -3.664444846999968, 0.0 ], [ 128.105893220000098, -3.664650495999974, 0.0 ], [ 128.105857719000028, -3.664856131999949, 0.0 ], [ 128.105758714000103, -3.665033334999979, 0.0 ], [ 128.105730322000113, -3.665189332999946, 0.0 ], [ 128.105772614000102, -3.66525320399995, 0.0 ], [ 128.105949081000063, -3.665267565999948, 0.0 ], [ 128.106118553000101, -3.665218089999937, 0.0 ], [ 128.106355936000114, -3.665174466999925, 0.0 ], [ 128.106471564000117, -3.665168798999958, 0.0 ], [ 128.106570337000107, -3.665225635999943, 0.0 ], [ 128.106690112000052, -3.66545979399996, 0.0 ], [ 128.106732313000066, -3.665615862999975, 0.0 ], [ 128.106689767000034, -3.665807306999973, 0.0 ], [ 128.106640205000076, -3.665956191999947, 0.0 ], [ 128.106590614000083, -3.666133443999962, 0.0 ], [ 128.106675220000056, -3.66623991099994, 0.0 ], [ 128.106851469000048, -3.666474126999963, 0.0 ], [ 128.106851222000046, -3.666722349999935, 0.0 ], [ 128.10692159700011, -3.666942274999939, 0.0 ], [ 128.106850807000114, -3.667140782999976, 0.0 ], [ 128.106751829000018, -3.667289618999976, 0.0 ], [ 128.106638769000028, -3.667402978999972, 0.0 ], [ 128.106575680000105, -3.667587382999958, 0.0 ], [ 128.106560807000051, -3.667714953999964, 0.0 ], [ 128.106631279000112, -3.667835589999922, 0.0 ], [ 128.106645293000042, -3.667941984999966, 0.0 ], [ 128.106744024000022, -3.668041373999933, 0.0 ], [ 128.106906331000118, -3.668098272999947, 0.0 ], [ 128.10708988600004, -3.668084272999974, 0.0 ], [ 128.107223949000058, -3.668148235999982, 0.0 ], [ 128.107365057000067, -3.668226389999977, 0.0 ], [ 128.10744261800005, -3.668318665999944, 0.0 ], [ 128.107428379000112, -3.668439216999955, 0.0 ], [ 128.10737886600009, -3.668538456999963, 0.0 ], [ 128.107329359000119, -3.668630603999932, 0.0 ], [ 128.107216319000031, -3.668722688999932, 0.0 ], [ 128.107089231000032, -3.668743836999963, 0.0 ], [ 128.106940923000025, -3.668807517999931, 0.0 ], [ 128.10682082400001, -3.66889959499997, 0.0 ], [ 128.106707706000066, -3.669069691999931, 0.0 ], [ 128.106686395000111, -3.669204420999963, 0.0 ], [ 128.106693362000101, -3.669296624999955, 0.0 ], [ 128.106770930000039, -3.669381807999963, 0.0 ], [ 128.106890888000066, -3.669431571999957, 0.0 ], [ 128.107067370000124, -3.669431748999951, 0.0 ], [ 128.107229720000078, -3.669446096999932, 0.0 ], [ 128.107356787000072, -3.669446223999952, 0.0 ], [ 128.107469693000098, -3.669488889999967, 0.0 ], [ 128.107589609000115, -3.669581206999963, 0.0 ], [ 128.107716600000117, -3.669659346999937, 0.0 ], [ 128.10784366900009, -3.669706976999982, 0.0 ], [ 128.107935388000101, -3.66970921099994, 0.0 ], [ 128.108083591000081, -3.669751911999976, 0.0 ], [ 128.108161173000099, -3.669822910999923, 0.0 ], [ 128.108210482000118, -3.669929341999931, 0.0 ], [ 128.108273861000043, -3.670085430999957, 0.0 ], [ 128.108407833000115, -3.670241590999978, 0.0 ], [ 128.10861241200007, -3.670383638999969, 0.0 ], [ 128.108746496000094, -3.670426324999937, 0.0 ], [ 128.108873571000117, -3.670419360999975, 0.0 ], [ 128.108997459000108, -3.670355097999964, 0.0 ], [ 128.109149100000081, -3.67019977999996, 0.0 ], [ 128.10927623900011, -3.670128985999957, 0.0 ], [ 128.109389194000073, -3.670122006999974, 0.0 ], [ 128.109466832000066, -3.670136269999942, 0.0 ], [ 128.109523243000012, -3.670200153999934, 0.0 ], [ 128.109530211000106, -3.670292358999968, 0.0 ], [ 128.109523061000118, -3.670384548999943, 0.0 ], [ 128.109473548000096, -3.670483788999941, 0.0 ], [ 128.109445219, -3.67057595899997, 0.0 ], [ 128.109367426000063, -3.670717721999941, 0.0 ], [ 128.109346107000079, -3.670859543999945, 0.0 ], [ 128.109388294000041, -3.671029795999968, 0.0 ], [ 128.109437619000119, -3.671122042999974, 0.0 ], [ 128.109550469000055, -3.671221444999958, 0.0 ], [ 128.109691550000093, -3.671327967999959, 0.0 ], [ 128.10989622000011, -3.671377817999947, 0.0 ], [ 128.110009169000023, -3.67137792999995, 0.0 ], [ 128.110126465, -3.671318802999955, 0.0 ], [ 128.110206977000075, -3.671229193999984, 0.0 ], [ 128.110390764000044, -3.670981153999952, 0.0 ], [ 128.110609884000041, -3.670697687999959, 0.0 ], [ 128.110730004000089, -3.670584333999949, 0.0 ], [ 128.110835950000023, -3.670527702999947, 0.0 ], [ 128.110970125000108, -3.670478191999965, 0.0 ], [ 128.111061868000121, -3.670506651999974, 0.0 ], [ 128.111160657000028, -3.670549302999968, 0.0 ], [ 128.111231137000118, -3.670662847999955, 0.0 ], [ 128.111280489000023, -3.670726724999953, 0.0 ], [ 128.111343826000052, -3.670925367999927, 0.0 ], [ 128.111357812000051, -3.671060131999986, 0.0 ], [ 128.111343511000086, -3.671244511999925, 0.0 ], [ 128.111237460000098, -3.67140752499995, 0.0 ], [ 128.111138510000046, -3.671527991999933, 0.0 ], [ 128.111032501000068, -3.671648451999942, 0.0 ], [ 128.110884130000045, -3.671775961999965, 0.0 ], [ 128.11080642200011, -3.671832621999952, 0.0 ], [ 128.110714637000115, -3.671846713999977, 0.0 ], [ 128.110615820000021, -3.671832430999927, 0.0 ], [ 128.110545213000023, -3.671846544999935, 0.0 ], [ 128.110495742000012, -3.671903232999966, 0.0 ], [ 128.11048861200004, -3.671974145999962, 0.0 ], [ 128.110523832000013, -3.67205219399994, 0.0 ], [ 128.110601372000019, -3.672165745999965, 0.0 ], [ 128.110643608000032, -3.672286353999936, 0.0 ], [ 128.110706952000101, -3.672477903999945, 0.0 ], [ 128.110713858000054, -3.672633936999949, 0.0 ], [ 128.110664309000072, -3.67276863799998, 0.0 ], [ 128.110664175000011, -3.672903386999956, 0.0 ], [ 128.110642857000016, -3.673045208999955, 0.0 ], [ 128.110706320000077, -3.673116192999947, 0.0 ], [ 128.110826238000072, -3.673208509999942, 0.0 ], [ 128.110953236000114, -3.673279557999936, 0.0 ], [ 128.111080275000063, -3.673308052999974, 0.0 ], [ 128.111334376000059, -3.673376739999985, 0.0 ], [ 128.111440436000066, -3.673378284999952, 0.0 ], [ 128.111517883000033, -3.673379410999926, 0.0 ], [ 128.111666058000083, -3.673450479999922, 0.0 ], [ 128.111828360000118, -3.67351447199996, 0.0 ], [ 128.11200975600002, -3.673632222999963, 0.0 ], [ 128.112103540000021, -3.673649495999933, 0.0 ], [ 128.112273014000039, -3.673600020999973, 0.0 ], [ 128.112435532000063, -3.673444155999956, 0.0 ], [ 128.112548607, -3.673316610999961, 0.0 ], [ 128.112661654000021, -3.673217433999986, 0.0 ], [ 128.112781663000078, -3.673217552999974, 0.0 ], [ 128.112901629000021, -3.673260224999974, 0.0 ], [ 128.113000355000054, -3.673366705999969, 0.0 ], [ 128.113113199000054, -3.673473199999933, 0.0 ], [ 128.113254239000071, -3.673622274999953, 0.0 ], [ 128.113391966000137, -3.673701889999956, 0.0 ], [ 128.113515329000052, -3.673728916999949, 0.0 ], [ 128.113663498000051, -3.673807077999927, 0.0 ], [ 128.113882253000043, -3.673892400999928, 0.0 ], [ 128.114044527000033, -3.673984758999957, 0.0 ], [ 128.114227929000094, -3.674126784999938, 0.0 ], [ 128.114347819000045, -3.674247469999947, 0.0 ], [ 128.114494567000065, -3.674330197999947, 0.0 ], [ 128.11461595500009, -3.674368302999932, 0.0 ], [ 128.114750110000045, -3.674340067999938, 0.0 ], [ 128.114891367000041, -3.674269286999958, 0.0 ], [ 128.115039704000083, -3.674177236999978, 0.0 ], [ 128.115209219, -3.674085207999951, 0.0 ], [ 128.115336287000105, -3.674085334999972, 0.0 ], [ 128.115427988000079, -3.674156345999965, 0.0 ], [ 128.115639699000099, -3.67422747799998, 0.0 ], [ 128.115865499000051, -3.674326992999966, 0.0 ], [ 128.116048952000028, -3.674419371999937, 0.0 ], [ 128.116176034000091, -3.674405313999959, 0.0 ], [ 128.116328659000033, -3.674381444999936, 0.0 ], [ 128.116472637000044, -3.67429213499997, 0.0 ], [ 128.116613818000019, -3.674299366999953, 0.0 ], [ 128.116712550000102, -3.674398753999985, 0.0 ], [ 128.116790119000029, -3.674483937999979, 0.0 ], [ 128.116888832000086, -3.674604601999938, 0.0 ], [ 128.116931049000073, -3.674746484999955, 0.0 ], [ 128.116923808000024, -3.674930873999925, 0.0 ], [ 128.116902441000093, -3.675122338999931, 0.0 ], [ 128.116888016000075, -3.675434377999972, 0.0 ], [ 128.116863286000012, -3.675614965999956, 0.0 ], [ 128.11684631300011, -3.675738913999964, 0.0 ], [ 128.116859206000072, -3.676015903999945, 0.0 ], [ 128.116986086000111, -3.676207515999982, 0.0 ], [ 128.117148347000011, -3.676314059999922, 0.0 ], [ 128.117649345000018, -3.676534412999958, 0.0 ], [ 128.118036034000056, -3.676659894999949, 0.0 ], [ 128.118242164000094, -3.676705211999949, 0.0 ], [ 128.11844686500001, -3.676726689999948, 0.0 ], [ 128.118736208000087, -3.676819174999937, 0.0 ], [ 128.118827924000016, -3.676876002999954, 0.0 ], [ 128.118863116000057, -3.676982419999952, 0.0 ], [ 128.118848866, -3.677117155999946, 0.0 ], [ 128.118700577000027, -3.677159561999931, 0.0 ], [ 128.118545152000024, -3.677279973999936, 0.0 ], [ 128.118432098000085, -3.677386243999929, 0.0 ], [ 128.118318960000011, -3.677577617999932, 0.0 ], [ 128.118219934000081, -3.677776098999972, 0.0 ], [ 128.118219745000033, -3.677967586999955, 0.0 ], [ 128.118304179000035, -3.678251354999928, 0.0 ], [ 128.118645113000071, -3.678748042999922, 0.0 ], [ 128.118903369000037, -3.679124280999926, 0.0 ], [ 128.119178225000041, -3.679592633999957, 0.0 ], [ 128.119213383000101, -3.679734510999935, 0.0 ], [ 128.119177891000049, -3.679933054999937, 0.0 ], [ 128.119078781000098, -3.680216641999942, 0.0 ], [ 128.118999642000063, -3.680441156999967, 0.0 ], [ 128.118802942000116, -3.680748276999957, 0.0 ], [ 128.118732188000081, -3.680911325999939, 0.0 ], [ 128.118753241000036, -3.681039003999958, 0.0 ], [ 128.118795479000028, -3.681159611999937, 0.0 ], [ 128.118887139000094, -3.681273177999973, 0.0 ], [ 128.119021191000115, -3.681351323999936, 0.0 ], [ 128.11912704000008, -3.681393981999977, 0.0 ], [ 128.119232945000022, -3.681379902999942, 0.0 ], [ 128.119381192000105, -3.68138004999998, 0.0 ], [ 128.119479996000109, -3.681408515999975, 0.0 ], [ 128.119536416000074, -3.681465308999969, 0.0 ], [ 128.119522179000114, -3.681585860999969, 0.0 ], [ 128.119529126000089, -3.681699341999938, 0.0 ], [ 128.119579210000097, -3.681800946999939, 0.0 ], [ 128.119648990000087, -3.681848395999963, 0.0 ], [ 128.119691598000031, -3.681944331999945, 0.0 ], [ 128.1198884800001, -3.682387633999949, 0.0 ], [ 128.120226830000092, -3.682898602999951, 0.0 ], [ 128.120663895, -3.683530233999928, 0.0 ], [ 128.120896306000077, -3.684090741999966, 0.0 ], [ 128.121001703000047, -3.684594387999941, 0.0 ], [ 128.121003056000063, -3.684656917999967, 0.0 ], [ 128.121008456000027, -3.684906448999922, 0.0 ], [ 128.120993969000097, -3.685282316999982, 0.0 ], [ 128.120887736000128, -3.685629725999952, 0.0 ], [ 128.120851670000093, -3.685792131999957, 0.0 ], [ 128.120648180000103, -3.68651666799997, 0.0 ] ] ] ] } },
{ "type": "Feature", "properties": { "OBJECTID": 29514, "NAMOBJ": "Wayame", "FCODE": "BA03070040", "REMARK": "", "METADATA": "TASWIL1000020230928_DATA_BATAS_DESAKELURAHAN", "SRS_ID": "SRGI 2013", "KDBBPS": null, "KDCBPS": null, "KDCPUM": "81.71.04", "KDEBPS": null, "KDEPUM": "81.71.04.2004", "KDPBPS": null, "KDPKAB": "81.71", "KDPPUM": "81", "LUASWH": 191.20810915387185, "TIPADM": 1, "WADMKC": "Teluk Ambon", "WADMKD": "Wayame", "WADMKK": "Kota Ambon", "WADMPR": "Maluku", "WIADKC": null, "WIADKK": null, "WIADPR": null, "WIADKD": null, "UUPP": "Hasil Delineasi Batas Desa 2018", "Shape_Length": 0.083420393290552564, "Shape_Area": 0.00015564748488929104 }, "geometry": { "type": "MultiPolygon", "coordinates": [ [ [ [ 128.174128372000041, -3.662113345999959, 0.0 ], [ 128.173981919000084, -3.662163763999949, 0.0 ], [ 128.173810598000046, -3.662251328999961, 0.0 ], [ 128.17379290000008, -3.662258913999943, 0.0 ], [ 128.173757709000029, -3.662274358999986, 0.0 ], [ 128.173505486000067, -3.662390951999947, 0.0 ], [ 128.173420868000107, -3.662431653999934, 0.0 ], [ 128.173317508000082, -3.662481371999943, 0.0 ], [ 128.173300197000117, -3.662490864999941, 0.0 ], [ 128.173271505000116, -3.662506599999965, 0.0 ], [ 128.173243745000036, -3.662521822999967, 0.0 ], [ 128.173159304000023, -3.662566832999967, 0.0 ], [ 128.173149786000067, -3.662589675999928, 0.0 ], [ 128.173142172000098, -3.662614421999936, 0.0 ], [ 128.173125040000059, -3.662658204999957, 0.0 ], [ 128.173104100000046, -3.662682950999973, 0.0 ], [ 128.173060510000028, -3.662712010999936, 0.0 ], [ 128.172982004000119, -3.662740732999959, 0.0 ], [ 128.172751197000025, -3.662821634999938, 0.0 ], [ 128.172598911000023, -3.662909674999982, 0.0 ], [ 128.172363344000019, -3.66302150899997, 0.0 ], [ 128.171963595000079, -3.663171414999971, 0.0 ], [ 128.171841961000041, -3.663212321999938, 0.0 ], [ 128.171821933000047, -3.663219057999928, 0.0 ], [ 128.171622533000118, -3.663286117999977, 0.0 ], [ 128.171573542000033, -3.663300354999932, 0.0 ], [ 128.171562085000119, -3.663303088999946, 0.0 ], [ 128.171547808000014, -3.663311654999971, 0.0 ], [ 128.171517827000116, -3.663331641999941, 0.0 ], [ 128.171492712000031, -3.66335029899995, 0.0 ], [ 128.171467858000028, -3.663368761999954, 0.0 ], [ 128.171429311000111, -3.663394459999955, 0.0 ], [ 128.171389336000061, -3.663417302999953, 0.0 ], [ 128.171333657000105, -3.663445855999945, 0.0 ], [ 128.171293682000055, -3.663457277999951, 0.0 ], [ 128.171290848000041, -3.663457915999972, 0.0 ], [ 128.17123657500008, -3.663470126999921, 0.0 ], [ 128.17118946100004, -3.663481547999941, 0.0 ], [ 128.171139493000055, -3.663487258999967, 0.0 ], [ 128.171106656, -3.663488686999921, 0.0 ], [ 128.171063826000022, -3.663485830999947, 0.0 ], [ 128.17104383800006, -3.66348297599996, 0.0 ], [ 128.171018140000115, -3.663474409999941, 0.0 ], [ 128.170993870000075, -3.663472981999973, 0.0 ], [ 128.170975310000017, -3.663480120999965, 0.0 ], [ 128.170958178000092, -3.663497252999952, 0.0 ], [ 128.1709367630001, -3.663517239999978, 0.0 ], [ 128.170918203000042, -3.663541510999946, 0.0 ], [ 128.170903926000051, -3.663558642999925, 0.0 ], [ 128.170886794000012, -3.66357577499997, 0.0 ], [ 128.170863951000115, -3.663607183999948, 0.0 ], [ 128.170835398, -3.663628598999932, 0.0 ], [ 128.170806844000026, -3.663642875999933, 0.0 ], [ 128.170778291000033, -3.663670001999949, 0.0 ], [ 128.170752592000099, -3.663697126999979, 0.0 ], [ 128.170731177000107, -3.663722825999977, 0.0 ], [ 128.170712296000033, -3.663754849999974, 0.0 ], [ 128.170690607000097, -3.663805035999935, 0.0 ], [ 128.170669668000073, -3.66384691499997, 0.0 ], [ 128.170625886000039, -3.66390021399997, 0.0 ], [ 128.170589718000087, -3.663936381999976, 0.0 ], [ 128.170547840000069, -3.66396493599996, 0.0 ], [ 128.17049454000005, -3.663993488999946, 0.0 ], [ 128.170420301000036, -3.66401252499997, 0.0 ], [ 128.170305341000017, -3.664037396999957, 0.0 ], [ 128.170300542000064, -3.664038021999942, 0.0 ], [ 128.170265139000122, -3.664037964999972, 0.0 ], [ 128.170260319000022, -3.664038459999965, 0.0 ], [ 128.170256164000079, -3.664038626999966, 0.0 ], [ 128.170222149000125, -3.66403588499998, 0.0 ], [ 128.170215301000098, -3.664036101999949, 0.0 ], [ 128.17020917800005, -3.66403660399993, 0.0 ], [ 128.170173778000049, -3.664039204999932, 0.0 ], [ 128.170170277000011, -3.664039488999943, 0.0 ], [ 128.170167331000016, -3.664039753999933, 0.0 ], [ 128.170140543000116, -3.664042690999955, 0.0 ], [ 128.170127187000048, -3.664044621999951, 0.0 ], [ 128.170125252000048, -3.664044719999933, 0.0 ], [ 128.170122828000103, -3.664045111999942, 0.0 ], [ 128.170087734000049, -3.664050183999963, 0.0 ], [ 128.170080225000106, -3.664051446999959, 0.0 ], [ 128.170069485000113, -3.664053415999939, 0.0 ], [ 128.170049258000063, -3.664056728999982, 0.0 ], [ 128.170035198000051, -3.664059432999971, 0.0 ], [ 128.170014574000106, -3.664063291999986, 0.0 ], [ 128.170011342000066, -3.664063838999943, 0.0 ], [ 128.169990169000016, -3.664067975999953, 0.0 ], [ 128.169973471000048, -3.664070991999952, 0.0 ], [ 128.169958938000036, -3.664073893999955, 0.0 ], [ 128.169945141000085, -3.66407646799996, 0.0 ], [ 128.16993547300001, -3.664078017999936, 0.0 ], [ 128.169904390000056, -3.664083405999982, 0.0 ], [ 128.169900114000029, -3.664084105999958, 0.0 ], [ 128.169896964000031, -3.664084530999961, 0.0 ], [ 128.169872973000111, -3.664087671999932, 0.0 ], [ 128.169860196000059, -3.664092797999957, 0.0 ], [ 128.169855084000119, -3.664094034999955, 0.0 ], [ 128.169846921000044, -3.664095849999965, 0.0 ], [ 128.169825992000028, -3.664103642999982, 0.0 ], [ 128.169810052000116, -3.664106034999967, 0.0 ], [ 128.169790228000011, -3.664107509999955, 0.0 ], [ 128.169785974000092, -3.664108629999937, 0.0 ], [ 128.169765029000018, -3.664109656999921, 0.0 ], [ 128.169743287000074, -3.664110938999959, 0.0 ], [ 128.169741814000076, -3.664110871999983, 0.0 ], [ 128.169720006000034, -3.664111924999923, 0.0 ], [ 128.16970230700008, -3.664114964999951, 0.0 ], [ 128.16969016500002, -3.664117473999968, 0.0 ], [ 128.169674978000103, -3.664120244999935, 0.0 ], [ 128.16966471, -3.664122396999978, 0.0 ], [ 128.169631717000016, -3.664130899999977, 0.0 ], [ 128.169629947000089, -3.664131303999969, 0.0 ], [ 128.169628859000113, -3.66413158199993, 0.0 ], [ 128.169625396000015, -3.664132671999939, 0.0 ], [ 128.169595737, -3.664143514999975, 0.0 ], [ 128.169584913000108, -3.664146088999923, 0.0 ], [ 128.16956626700005, -3.664151344999944, 0.0 ], [ 128.169560396000065, -3.664153218999951, 0.0 ], [ 128.169539882000095, -3.66415843399995, 0.0 ], [ 128.169525297000064, -3.664163160999975, 0.0 ], [ 128.169500999000093, -3.664171607999952, 0.0 ], [ 128.16949484700001, -3.664173671999943, 0.0 ], [ 128.169491653000023, -3.664174568999956, 0.0 ], [ 128.169481225000027, -3.664177766999956, 0.0 ], [ 128.169456379000053, -3.664184336999935, 0.0 ], [ 128.169449815, -3.664185751999979, 0.0 ], [ 128.169439454000099, -3.664188138999969, 0.0 ], [ 128.16941960500003, -3.664192592999942, 0.0 ], [ 128.169404785000097, -3.664196056999974, 0.0 ], [ 128.169383366000034, -3.664199194999986, 0.0 ], [ 128.169381448000109, -3.664199463999985, 0.0 ], [ 128.169359759000031, -3.66420268499996, 0.0 ], [ 128.169341814000063, -3.664204837999938, 0.0 ], [ 128.169331299000078, -3.664206213999938, 0.0 ], [ 128.169314733000078, -3.664208241999972, 0.0 ], [ 128.16930121900009, -3.664209255999941, 0.0 ], [ 128.169281515000108, -3.664210951999963, 0.0 ], [ 128.169269710000123, -3.664211854999964, 0.0 ], [ 128.169259482000029, -3.664212515999959, 0.0 ], [ 128.16923302400005, -3.664214390999968, 0.0 ], [ 128.169224686, -3.66421493499996, 0.0 ], [ 128.169217344000117, -3.664215374999976, 0.0 ], [ 128.169184939000047, -3.664217420999936, 0.0 ], [ 128.169179663000023, -3.664217738999981, 0.0 ], [ 128.169175041000017, -3.664218068999952, 0.0 ], [ 128.169136668000078, -3.664220636999977, 0.0 ], [ 128.169134640000038, -3.664220780999923, 0.0 ], [ 128.169132876000049, -3.664220900999958, 0.0 ], [ 128.169105110000032, -3.664222646999973, 0.0 ], [ 128.169093406000115, -3.664226448999948, 0.0 ], [ 128.169089613000097, -3.664227513999954, 0.0 ], [ 128.169083364000016, -3.664228904999956, 0.0 ], [ 128.169057605000035, -3.664235682999962, 0.0 ], [ 128.168978558000049, -3.664255163999939, 0.0 ], [ 128.168939062000049, -3.664269179999963, 0.0 ], [ 128.168758223000054, -3.66432818999994, 0.0 ], [ 128.168565963000106, -3.664385296999971, 0.0 ], [ 128.168421291000072, -3.664444307999934, 0.0 ], [ 128.168257584000116, -3.664512836999958, 0.0 ], [ 128.168002506000107, -3.664642278999963, 0.0 ], [ 128.16789019600003, -3.664707000999953, 0.0 ], [ 128.167817860000014, -3.664756492999964, 0.0 ], [ 128.167781692000062, -3.664788853999932, 0.0 ], [ 128.167756946000054, -3.664834539999955, 0.0 ], [ 128.16773600700003, -3.664887839999943, 0.0 ], [ 128.167703646000064, -3.664963981999967, 0.0 ], [ 128.167675092000081, -3.665005860999939, 0.0 ], [ 128.16765225000006, -3.665072485999927, 0.0 ], [ 128.167628006000086, -3.665135340999941, 0.0 ], [ 128.167600853000067, -3.665205735999955, 0.0 ], [ 128.167538035000035, -3.66532185299996, 0.0 ], [ 128.167503771000042, -3.665369442999971, 0.0 ], [ 128.167499964000058, -3.665396091999983, 0.0 ], [ 128.167499964000058, -3.665428452999945, 0.0 ], [ 128.167644635000102, -3.665632134999949, 0.0 ], [ 128.167458086000011, -3.665748252999941, 0.0 ], [ 128.167328643000019, -3.66557693199996, 0.0 ], [ 128.167248693000033, -3.665586448999932, 0.0 ], [ 128.167235916000095, -3.665587770999932, 0.0 ], [ 128.167193489000056, -3.665592159999953, 0.0 ], [ 128.167155418000107, -3.665609291999941, 0.0 ], [ 128.167120673000113, -3.665635855999938, 0.0 ], [ 128.167111735000049, -3.665646302999967, 0.0 ], [ 128.167037496000034, -3.665690560999955, 0.0 ], [ 128.166928041000119, -3.665741956999971, 0.0 ], [ 128.166906036000114, -3.665749794999956, 0.0 ], [ 128.166864073000056, -3.665761219999977, 0.0 ], [ 128.166797547000101, -3.665788227999934, 0.0 ], [ 128.166782319000049, -3.665799648999946, 0.0 ], [ 128.166763283000023, -3.665820587999979, 0.0 ], [ 128.166738491000046, -3.665852266999936, 0.0 ], [ 128.166729019000059, -3.66586436999995, 0.0 ], [ 128.166702369000063, -3.665894827999983, 0.0 ], [ 128.166565312000102, -3.665978584999951, 0.0 ], [ 128.166502494000042, -3.666022366999918, 0.0 ], [ 128.166420641000059, -3.66605472699996, 0.0 ], [ 128.166003759000091, -3.666125158999928, 0.0 ], [ 128.16590390500005, -3.666127103999941, 0.0 ], [ 128.165421059000096, -3.66610088799996, 0.0 ], [ 128.165423170000054, -3.66630599799992, 0.0 ], [ 128.165095757000017, -3.666309805999954, 0.0 ], [ 128.165059589000066, -3.66631551599994, 0.0 ], [ 128.164734079000027, -3.666368815999936, 0.0 ], [ 128.164734079000027, -3.666288865999948, 0.0 ], [ 128.164707429000032, -3.666292672999924, 0.0 ], [ 128.164644611000085, -3.666302190999939, 0.0 ], [ 128.164579889000038, -3.666321226999973, 0.0 ], [ 128.164530397000021, -3.666340262999941, 0.0 ], [ 128.164437122000095, -3.666370719999971, 0.0 ], [ 128.164351461000024, -3.66641259799996, 0.0 ], [ 128.164248669000017, -3.666477319999951, 0.0 ], [ 128.164159201000103, -3.666530619999947, 0.0 ], [ 128.164105901000084, -3.666591533999969, 0.0 ], [ 128.164081154000087, -3.666635315999937, 0.0 ], [ 128.164071637, -3.666692422999974, 0.0 ], [ 128.164075127000046, -3.666759802999935, 0.0 ], [ 128.164079908000076, -3.666788118999934, 0.0 ], [ 128.164082496000105, -3.666816069999919, 0.0 ], [ 128.164082388000111, -3.666839370999985, 0.0 ], [ 128.164079612000023, -3.666855160999949, 0.0 ], [ 128.16407730100002, -3.666859740999942, 0.0 ], [ 128.16407443300011, -3.666861973999977, 0.0 ], [ 128.164066263000109, -3.666862802999951, 0.0 ], [ 128.164055104000113, -3.666860970999944, 0.0 ], [ 128.164027517000022, -3.666850107999954, 0.0 ], [ 128.164000795000106, -3.666833122999941, 0.0 ], [ 128.163980206000019, -3.66681343299996, 0.0 ], [ 128.163969775000055, -3.666803850999941, 0.0 ], [ 128.163953703000061, -3.66679368699993, 0.0 ], [ 128.16393210800004, -3.666783017999933, 0.0 ], [ 128.163905260000092, -3.666771977999929, 0.0 ], [ 128.163836501000105, -3.666749200999952, 0.0 ], [ 128.163758916, -3.666729199999966, 0.0 ], [ 128.1637517260001, -3.66672793199995, 0.0 ], [ 128.163723086000118, -3.666722878999964, 0.0 ], [ 128.163674585000081, -3.666716918999948, 0.0 ], [ 128.163555732000077, -3.666707898999965, 0.0 ], [ 128.163443732000019, -3.666705140999959, 0.0 ], [ 128.163398701000119, -3.666706335999949, 0.0 ], [ 128.16336345000002, -3.666709211999948, 0.0 ], [ 128.163325463000092, -3.666716471999961, 0.0 ], [ 128.163318095000022, -3.666717879999963, 0.0 ], [ 128.163251414000115, -3.666735422999973, 0.0 ], [ 128.162993919000087, -3.666814620999956, 0.0 ], [ 128.162937784000064, -3.666830035999968, 0.0 ], [ 128.162935147000098, -3.666830564999942, 0.0 ], [ 128.162900820000118, -3.666835830999953, 0.0 ], [ 128.162830353000118, -3.666843140999953, 0.0 ], [ 128.162751122000032, -3.666848894999921, 0.0 ], [ 128.162642363000032, -3.66634150099998, 0.0 ], [ 128.162683365000021, -3.666259720999966, 0.0 ], [ 128.162768727000071, -3.666031676999981, 0.0 ], [ 128.162910910000051, -3.665746655999955, 0.0 ], [ 128.162953670000093, -3.665547088999973, 0.0 ], [ 128.16296886300006, -3.665381354999973, 0.0 ], [ 128.162925607000034, -3.665176358999929, 0.0 ], [ 128.162910883000109, -3.664864781999937, 0.0 ], [ 128.162953883000114, -3.664586889999955, 0.0 ], [ 128.162996115000055, -3.664438912999966, 0.0 ], [ 128.162975205000066, -3.664290875999936, 0.0 ], [ 128.162926161000087, -3.66422034599998, 0.0 ], [ 128.162898163000023, -3.664149835999979, 0.0 ], [ 128.162973197000042, -3.664085040999958, 0.0 ], [ 128.163073636000036, -3.664065419999935, 0.0 ], [ 128.163213990000031, -3.664023260999949, 0.0 ], [ 128.163333310000098, -3.663966984999946, 0.0 ], [ 128.163501748000044, -3.663903707999957, 0.0 ], [ 128.163593038000045, -3.663812163999975, 0.0 ], [ 128.163656303000039, -3.663678302999923, 0.0 ], [ 128.163677508000092, -3.663509160999986, 0.0 ], [ 128.163628528000118, -3.663368146999973, 0.0 ], [ 128.163621663000072, -3.663206026999935, 0.0 ], [ 128.163663934000056, -3.663015758999969, 0.0 ], [ 128.163699163000047, -3.662853678999967, 0.0 ], [ 128.163748385000076, -3.662733901999952, 0.0 ], [ 128.163881750000087, -3.662663541999961, 0.0 ], [ 128.164085226000111, -3.662642587999923, 0.0 ], [ 128.164337871000043, -3.662558242999979, 0.0 ], [ 128.164548370000034, -3.662530245999954, 0.0 ], [ 128.16470980400004, -3.662452864999977, 0.0 ], [ 128.164850204000118, -3.662361366999956, 0.0 ], [ 128.164983562000089, -3.662298055999934, 0.0 ], [ 128.165116946000012, -3.662206550999934, 0.0 ], [ 128.165250376000017, -3.662065706999959, 0.0 ], [ 128.165264583000067, -3.661875412999957, 0.0 ], [ 128.165229759000113, -3.661600491999926, 0.0 ], [ 128.165096643000084, -3.661403011999933, 0.0 ], [ 128.165033652000034, -3.661240838999957, 0.0 ], [ 128.165033776000087, -3.661106919999953, 0.0 ], [ 128.165047937000054, -3.660965963999957, 0.0 ], [ 128.164774330000114, -3.660958659999956, 0.0 ], [ 128.164444564000064, -3.660986545999946, 0.0 ], [ 128.164297228, -3.660993455999975, 0.0 ], [ 128.164156920000124, -3.660986276999953, 0.0 ], [ 128.164079798000103, -3.660929815999959, 0.0 ], [ 128.163995662000048, -3.66087334999997, 0.0 ], [ 128.163953647000085, -3.660788729999978, 0.0 ], [ 128.163939706000065, -3.660690038999979, 0.0 ], [ 128.16391171500004, -3.660612480999924, 0.0 ], [ 128.163918823000017, -3.660513808999946, 0.0 ], [ 128.164003129000093, -3.660387016999947, 0.0 ], [ 128.164094419000094, -3.660295472999966, 0.0 ], [ 128.164206735000107, -3.660225093999938, 0.0 ], [ 128.164262920000056, -3.660161710999941, 0.0 ], [ 128.164291068000011, -3.660070107999959, 0.0 ], [ 128.164263077000101, -3.659992547999927, 0.0 ], [ 128.164207036000107, -3.659900865999936, 0.0 ], [ 128.16406702200004, -3.659576507999925, 0.0 ], [ 128.164046067000072, -3.65947781099993, 0.0 ], [ 128.164011099000049, -3.659357954999957, 0.0 ], [ 128.163891989000035, -3.659188681999983, 0.0 ], [ 128.163730797000085, -3.659005271999939, 0.0 ], [ 128.163618722000024, -3.658814859999953, 0.0 ], [ 128.163562727000112, -3.658673838999964, 0.0 ], [ 128.163527851000026, -3.658455304999955, 0.0 ], [ 128.163542019000033, -3.658307301999975, 0.0 ], [ 128.163556155000038, -3.658194540999936, 0.0 ], [ 128.163626365000027, -3.658138218999958, 0.0 ], [ 128.163731659000064, -3.658074881999944, 0.0 ], [ 128.16376682900011, -3.657976236999955, 0.0 ], [ 128.163766940000073, -3.657856413999978, 0.0 ], [ 128.163760009000043, -3.657764777999935, 0.0 ], [ 128.163718001, -3.657673108999977, 0.0 ], [ 128.163591822000058, -3.657560215999976, 0.0 ], [ 128.16343053300011, -3.657482531999962, 0.0 ], [ 128.163262195000016, -3.657440084999956, 0.0 ], [ 128.1631008600001, -3.657411739999932, 0.0 ], [ 128.162953556000048, -3.65738340899998, 0.0 ], [ 128.162834309000118, -3.657362150999965, 0.0 ], [ 128.162750153000047, -3.657326830999982, 0.0 ], [ 128.162715655000056, -3.657259459999977, 0.0 ], [ 128.162715245000072, -3.657143539999929, 0.0 ], [ 128.162778523000043, -3.656995580999929, 0.0 ], [ 128.162813798000116, -3.656784161999954, 0.0 ], [ 128.162792934000095, -3.656586786999981, 0.0 ], [ 128.162715892000051, -3.656445746999967, 0.0 ], [ 128.162596769000061, -3.656290569999954, 0.0 ], [ 128.162470565000035, -3.656205870999933, 0.0 ], [ 128.162330284000063, -3.656170496999946, 0.0 ], [ 128.162147935, -3.656106890999972, 0.0 ], [ 128.161930514000119, -3.656036202999936, 0.0 ], [ 128.161734186000103, -3.65591619599996, 0.0 ], [ 128.161664186000053, -3.655746967999965, 0.0 ], [ 128.161573132000058, -3.655584768999966, 0.0 ], [ 128.161489147000111, -3.655366188999942, 0.0 ], [ 128.161447184000053, -3.65522518199998, 0.0 ], [ 128.161309690000053, -3.655087739999947, 0.0 ], [ 128.16118790500002, -3.654900711999973, 0.0 ], [ 128.161145902000044, -3.654801994999959, 0.0 ], [ 128.161153010000021, -3.654703322999984, 0.0 ], [ 128.16127240700007, -3.654562466999946, 0.0 ], [ 128.1613987610001, -3.65448505299997, 0.0 ], [ 128.161490044000061, -3.654400556999969, 0.0 ], [ 128.161490149000088, -3.654287782999976, 0.0 ], [ 128.16144819200008, -3.654139726999971, 0.0 ], [ 128.161293997000058, -3.653977468999928, 0.0 ], [ 128.16102063400001, -3.653709372999964, 0.0 ], [ 128.160712155000056, -3.653483534999965, 0.0 ], [ 128.160445670000058, -3.653363461999965, 0.0 ], [ 128.160249304000104, -3.653285744999944, 0.0 ], [ 128.160059946000047, -3.653215082999965, 0.0 ], [ 128.159975857000063, -3.653109277999933, 0.0 ], [ 128.159898770000041, -3.653017575999965, 0.0 ], [ 128.159856820000073, -3.652862471999976, 0.0 ], [ 128.159828974000106, -3.65262984799995, 0.0 ], [ 128.159871258000067, -3.65242548399994, 0.0 ], [ 128.159906565000028, -3.652178822999922, 0.0 ], [ 128.159864734000053, -3.651896846999937, 0.0 ], [ 128.159808831000078, -3.651657147999965, 0.0 ], [ 128.159816023000076, -3.65146684799993, 0.0 ], [ 128.159774028000015, -3.651361082999922, 0.0 ], [ 128.159612759000083, -3.651262252999961, 0.0 ], [ 128.159556720000069, -3.651170570999963, 0.0 ], [ 128.159528847000047, -3.650966140999963, 0.0 ], [ 128.159515012000043, -3.650754675999956, 0.0 ], [ 128.159522179000078, -3.650592568999969, 0.0 ], [ 128.159522329000083, -3.650430455999983, 0.0 ], [ 128.159459986000115, -3.650289252999922, 0.0 ], [ 128.159377590000105, -3.650059805999939, 0.0 ], [ 128.159417573000042, -3.649915823999942, 0.0 ], [ 128.159462406000102, -3.649861233999954, 0.0 ], [ 128.159366436000028, -3.649862585999931, 0.0 ], [ 128.159317801000043, -3.649873007999923, 0.0 ], [ 128.159258724000097, -3.649907846999956, 0.0 ], [ 128.159213529000112, -3.649953167999965, 0.0 ], [ 128.159157926000034, -3.649988009999962, 0.0 ], [ 128.159077996000065, -3.650036786999981, 0.0 ], [ 128.158994630000052, -3.650047176999982, 0.0 ], [ 128.158918186000051, -3.650081998999947, 0.0 ], [ 128.15883476700003, -3.65014822099994, 0.0 ], [ 128.158786071, -3.650224942999955, 0.0 ], [ 128.158747778000048, -3.650319121999922, 0.0 ], [ 128.158702515000073, -3.650437719999959, 0.0 ], [ 128.158692050000013, -3.650486562999964, 0.0 ], [ 128.158657276000099, -3.65053189299993, 0.0 ], [ 128.158587769000064, -3.650577189999985, 0.0 ], [ 128.158525223000083, -3.650608535999942, 0.0 ], [ 128.158445329000074, -3.650618928999954, 0.0 ], [ 128.158358499000087, -3.650618847999964, 0.0 ], [ 128.158250834000114, -3.650611767999972, 0.0 ], [ 128.158174460000055, -3.650573311999946, 0.0 ], [ 128.158105047000049, -3.650517415999956, 0.0 ], [ 128.157959227000106, -3.650457958999932, 0.0 ], [ 128.15789673900008, -3.650426493999936, 0.0 ], [ 128.157851629000106, -3.650381088999952, 0.0 ], [ 128.157823883000106, -3.650339189999957, 0.0 ], [ 128.157799708000084, -3.650316728999938, 0.0 ], [ 128.157697656000124, -3.650282446999931, 0.0 ], [ 128.157583798000019, -3.650310930999974, 0.0 ], [ 128.15749835500003, -3.650385186999928, 0.0 ], [ 128.157412922000049, -3.650448004999932, 0.0 ], [ 128.157384333000124, -3.650467114999972, 0.0 ], [ 128.15737222700011, -3.650485322999935, 0.0 ], [ 128.157320060000075, -3.650558550999953, 0.0 ], [ 128.157243620000031, -3.650589884999932, 0.0 ], [ 128.157240135000052, -3.650590047999962, 0.0 ], [ 128.157219248000047, -3.650619367999985, 0.0 ], [ 128.157168024000043, -3.650619320999959, 0.0 ], [ 128.157082655000067, -3.650613520999967, 0.0 ], [ 128.156963217000111, -3.650521918999978, 0.0 ], [ 128.156877891000022, -3.650470374999934, 0.0 ], [ 128.156792603000099, -3.650378803999954, 0.0 ], [ 128.156695941000095, -3.650275784999971, 0.0 ], [ 128.156587866000109, -3.650207064999955, 0.0 ], [ 128.156502519000014, -3.650178394999959, 0.0 ], [ 128.156394367000075, -3.650189729999962, 0.0 ], [ 128.15633743, -3.650212547999952, 0.0 ], [ 128.156263429000091, -3.650223913999977, 0.0 ], [ 128.156160980000095, -3.650223817999971, 0.0 ], [ 128.156081277000112, -3.650246614999961, 0.0 ], [ 128.155990164000059, -3.650297993999966, 0.0 ], [ 128.155916178000098, -3.650292205999953, 0.0 ], [ 128.155796703000078, -3.650240629999929, 0.0 ], [ 128.155705751000028, -3.650120461999959, 0.0 ], [ 128.155614829000115, -3.649965985999929, 0.0 ], [ 128.155563716000074, -3.649845855999949, 0.0 ], [ 128.155525005000072, -3.649782078999973, 0.0 ], [ 128.15545226100005, -3.649708858999935, 0.0 ], [ 128.155362049000018, -3.649611068999946, 0.0 ], [ 128.155346947000112, -3.649577963999943, 0.0 ], [ 128.155341996000061, -3.649576892999962, 0.0 ], [ 128.155245266000065, -3.649548210999962, 0.0 ], [ 128.155131472000107, -3.649508075999957, 0.0 ], [ 128.154881138000064, -3.649404913999939, 0.0 ], [ 128.154636502000017, -3.649296036999945, 0.0 ], [ 128.154511373000105, -3.649204428999956, 0.0 ], [ 128.154448824000042, -3.649141468999968, 0.0 ], [ 128.154363488000058, -3.649101361999959, 0.0 ], [ 128.154261039000062, -3.649101265999944, 0.0 ], [ 128.154169942000067, -3.649135488999952, 0.0 ], [ 128.154073185000016, -3.649135396999945, 0.0 ], [ 128.153970764000064, -3.649106709999961, 0.0 ], [ 128.153874151000082, -3.648952227999925, 0.0 ], [ 128.153771832000075, -3.648814894999928, 0.0 ], [ 128.153680836000035, -3.648740472999973, 0.0 ], [ 128.153550005000085, -3.648660294999952, 0.0 ], [ 128.153299849000064, -3.64836843299997, 0.0 ], [ 128.153191837, -3.648231093999931, 0.0 ], [ 128.153157790000023, -3.648122416999961, 0.0 ], [ 128.153081629000098, -3.64801969099995, 0.0 ], [ 128.153009615000116, -3.647922556999963, 0.0 ], [ 128.153008819000092, -3.647921482999946, 0.0 ], [ 128.152921362000029, -3.647627594999967, 0.0 ], [ 128.152885179, -3.647545596999978, 0.0 ], [ 128.152872639000066, -3.64751717699994, 0.0 ], [ 128.152815985000075, -3.647439407999966, 0.0 ], [ 128.152755323000065, -3.647388521999976, 0.0 ], [ 128.152654264000034, -3.647256274999956, 0.0 ], [ 128.152593706000062, -3.647093565999966, 0.0 ], [ 128.152533177, -3.646900362999924, 0.0 ], [ 128.152411929000124, -3.646717266999923, 0.0 ], [ 128.152371618000075, -3.646544412999965, 0.0 ], [ 128.152331391000075, -3.646280067999952, 0.0 ], [ 128.152250588000015, -3.64612750799995, 0.0 ], [ 128.152200082000036, -3.64603596999995, 0.0 ], [ 128.152190995000069, -3.645878242999964, 0.0 ], [ 128.15219012600005, -3.645863143999976, 0.0 ], [ 128.152200425000046, -3.64567000799997, 0.0 ], [ 128.152160104000018, -3.645507319999977, 0.0 ], [ 128.152122591000079, -3.645456067999925, 0.0 ], [ 128.1521184180001, -3.645450576999963, 0.0 ], [ 128.151708968000094, -3.645067873999953, 0.0 ], [ 128.151518907000082, -3.644847125999945, 0.0 ], [ 128.151385999000013, -3.644713345999941, 0.0 ], [ 128.151343440000147, -3.644670507999926, 0.0 ], [ 128.151231468000105, -3.644573898999967, 0.0 ], [ 128.151230541000047, -3.644573098999954, 0.0 ], [ 128.151414800000111, -3.644539627999956, 0.0 ], [ 128.152308124000115, -3.644377274999954, 0.0 ], [ 128.152589497, -3.644377539999943, 0.0 ], [ 128.15281454400008, -3.64443429199998, 0.0 ], [ 128.153152193000096, -3.644434609999968, 0.0 ], [ 128.153452309000045, -3.644453739999959, 0.0 ], [ 128.153789905000053, -3.644510595999973, 0.0 ], [ 128.154089863000081, -3.644699339999936, 0.0 ], [ 128.154295993000119, -3.644925686999961, 0.0 ], [ 128.154429461000092, -3.64513470499997, 0.0 ], [ 128.154734868000105, -3.645612988999973, 0.0 ], [ 128.154801729000042, -3.64571769699996, 0.0 ], [ 128.155214114000074, -3.646038468999955, 0.0 ], [ 128.155645204000052, -3.646415795999932, 0.0 ], [ 128.155945092000024, -3.64667992399996, 0.0 ], [ 128.156301290000101, -3.646906410999979, 0.0 ], [ 128.156582560000061, -3.647019751999946, 0.0 ], [ 128.15697641600002, -3.647095506999967, 0.0 ], [ 128.157200956000111, -3.647167517999947, 0.0 ], [ 128.157388978000085, -3.647227816999929, 0.0 ], [ 128.157689060000052, -3.64728463799997, 0.0 ], [ 128.15797038200003, -3.647341440999984, 0.0 ], [ 128.158232948000091, -3.647398225999957, 0.0 ], [ 128.158420443000068, -3.647492631999964, 0.0 ], [ 128.158739161000085, -3.647681390999934, 0.0 ], [ 128.159020362000092, -3.64787011599998, 0.0 ], [ 128.159245235000071, -3.648115325999929, 0.0 ], [ 128.159545160000107, -3.648341759999933, 0.0 ], [ 128.159826414, -3.648473946999952, 0.0 ], [ 128.160107790000097, -3.648474209999966, 0.0 ], [ 128.1603516670001, -3.648455592999944, 0.0 ], [ 128.160726853000028, -3.648437097999938, 0.0 ], [ 128.161158332000014, -3.648399809999938, 0.0 ], [ 128.161533536000093, -3.648362468999946, 0.0 ], [ 128.161965066000107, -3.648268641999941, 0.0 ], [ 128.162377822000053, -3.648193643999952, 0.0 ], [ 128.162753008000095, -3.64817514899994, 0.0 ], [ 128.163128178000107, -3.648175498999932, 0.0 ], [ 128.163446967000027, -3.648288873999939, 0.0 ], [ 128.163765650000073, -3.648515323999966, 0.0 ], [ 128.164084213000024, -3.648873695999953, 0.0 ], [ 128.16440263700008, -3.649382838999932, 0.0 ], [ 128.164796060000072, -3.649929741999925, 0.0 ], [ 128.165039676000106, -3.65019381499997, 0.0 ], [ 128.165264499000045, -3.650495561999943, 0.0 ], [ 128.165431390000094, -3.650709366999938, 0.0 ], [ 128.165419308000082, -3.650775773999952, 0.0 ], [ 128.165468582000017, -3.650940182999926, 0.0 ], [ 128.165556472000048, -3.651047273999954, 0.0 ], [ 128.165565639000079, -3.651149639999977, 0.0 ], [ 128.165556274000096, -3.651261293999943, 0.0 ], [ 128.165509870000051, -3.651363607999939, 0.0 ], [ 128.165454217000047, -3.651451955999963, 0.0 ], [ 128.165417062000074, -3.651568234999962, 0.0 ], [ 128.165416968000045, -3.651670592999954, 0.0 ], [ 128.165486354000109, -3.651754403999975, 0.0 ], [ 128.165592807000053, -3.651819638999946, 0.0 ], [ 128.165713152000109, -3.651884887999927, 0.0 ], [ 128.165819604000035, -3.651950122999949, 0.0 ], [ 128.165930679000098, -3.652024667999969, 0.0 ], [ 128.166065666, -3.652115002999947, 0.0 ], [ 128.166246674000035, -3.652239240999967, 0.0 ], [ 128.166427675000023, -3.652371749999931, 0.0 ], [ 128.166691072000049, -3.652429893999964, 0.0 ], [ 128.166913322000056, -3.652471456999938, 0.0 ], [ 128.167160293000052, -3.652488229999953, 0.0 ], [ 128.167407278000042, -3.652488458999932, 0.0 ], [ 128.16752246100009, -3.652571279999957, 0.0 ], [ 128.168106659000046, -3.652935759999938, 0.0 ], [ 128.168378199000017, -3.653093165999963, 0.0 ], [ 128.168633235000016, -3.653291913999967, 0.0 ], [ 128.168822454000065, -3.653440973999972, 0.0 ], [ 128.16898699, -3.653573465999959, 0.0 ], [ 128.169193872000051, -3.653818953999977, 0.0 ], [ 128.169212262000087, -3.653963200999959, 0.0 ], [ 128.169198229000017, -3.654116723999948, 0.0 ], [ 128.169202723000012, -3.654265611999962, 0.0 ], [ 128.169211835000056, -3.654428461999934, 0.0 ], [ 128.169230218000052, -3.654582014999952, 0.0 ], [ 128.169262549000109, -3.654675096999934, 0.0 ], [ 128.16933657300001, -3.65475425999995, 0.0 ], [ 128.169443055000102, -3.65478692699998, 0.0 ], [ 128.169568083000058, -3.654796346999944, 0.0 ], [ 128.169693121000023, -3.65479646299996, 0.0 ], [ 128.169808869, -3.654824486999926, 0.0 ], [ 128.169873639000116, -3.654894335999921, 0.0 ], [ 128.169989355000098, -3.654959579999961, 0.0 ], [ 128.170068017000062, -3.655029441999944, 0.0 ], [ 128.170160569000018, -3.655103968999981, 0.0 ], [ 128.170257743000121, -3.655187805999964, 0.0 ], [ 128.170327148000069, -3.655253007999924, 0.0 ], [ 128.170362813000111, -3.655281727999983, 0.0 ], [ 128.170360102000018, -3.655288519999944, 0.0 ], [ 128.170311477000041, -3.655503416999971, 0.0 ], [ 128.170261699000093, -3.655649696999937, 0.0 ], [ 128.170207080000068, -3.655797437999972, 0.0 ], [ 128.17019588200003, -3.656125853999925, 0.0 ], [ 128.1702719970001, -3.65630108499994, 0.0 ], [ 128.170386262000079, -3.656465403999952, 0.0 ], [ 128.17054409800005, -3.656646183999952, 0.0 ], [ 128.170647462000034, -3.656815966999946, 0.0 ], [ 128.170685454000051, -3.656974740999936, 0.0 ], [ 128.170650723000108, -3.657291038999969, 0.0 ], [ 128.170618303000083, -3.657794024999926, 0.0 ], [ 128.170585980000055, -3.658189983999926, 0.0 ], [ 128.170628389000058, -3.658371810999936, 0.0 ], [ 128.170753375000118, -3.658549513999954, 0.0 ], [ 128.170809307000013, -3.658628970999926, 0.0 ], [ 128.171049312000036, -3.658735879999945, 0.0 ], [ 128.171328199000072, -3.658811807999934, 0.0 ], [ 128.171953020000046, -3.658857227999936, 0.0 ], [ 128.172552762, -3.658874597999955, 0.0 ], [ 128.172767520000093, -3.658916835999939, 0.0 ], [ 128.172912542000063, -3.658956205999975, 0.0 ], [ 128.173043607000068, -3.659003970999944, 0.0 ], [ 128.173160726000106, -3.659051723999942, 0.0 ], [ 128.173311340000055, -3.659077085999969, 0.0 ], [ 128.173528880000049, -3.659127732999938, 0.0 ], [ 128.173629280000114, -3.65915304899994, 0.0 ], [ 128.173757590000037, -3.659164377999956, 0.0 ], [ 128.173827322000079, -3.659172849999945, 0.0 ], [ 128.173933344000034, -3.659153329999985, 0.0 ], [ 128.173997489000044, -3.659170204999957, 0.0 ], [ 128.174056033000056, -3.659209494999974, 0.0 ], [ 128.174120124000069, -3.659285223999968, 0.0 ], [ 128.174122867000051, -3.659335672999934, 0.0 ], [ 128.174122821000111, -3.659386118999981, 0.0 ], [ 128.174089280000089, -3.65945895399995, 0.0 ], [ 128.174061359, -3.659486954999982, 0.0 ], [ 128.174050144000034, -3.659548600999926, 0.0 ], [ 128.174044503000118, -3.659615857999944, 0.0 ], [ 128.17399690100001, -3.659811992999946, 0.0 ], [ 128.173987864000082, -3.660540652999945, 0.0 ], [ 128.173998224000115, -3.661412261999947, 0.0 ], [ 128.173984137000048, -3.66156358699993, 0.0 ], [ 128.173950554000044, -3.661681263999982, 0.0 ], [ 128.173942119000117, -3.661754122999974, 0.0 ], [ 128.173961574000032, -3.661832612999938, 0.0 ], [ 128.174017014000015, -3.66197335299995, 0.0 ], [ 128.174078533000056, -3.66205412499994, 0.0 ], [ 128.174128372000041, -3.662113345999959, 0.0 ] ] ] ] } }
]
}
